repeat	truth_states_evaluable	spearman_R_star	spearman_R_star_p	spearman_occupancy	spearman_occupancy_p	spearman_gain	kendall_R_star	kendall_R_star_p	kendall_occupancy	kendall_occupancy_p	kendall_gain	pairwise_concordance_R_star	pairwise_concordance_occupancy	median_abs_error_log2_R_star	median_abs_error_log2_occupancy	absolute_error_gain	calibration_slope_R_star	calibration_slope_occupancy	calibration_slope_gain	adjacent_ordered_levels_R_star	adjacent_ordered_levels_occupancy	adjacent_level_comparisons
1	22	0.6991211135477419	0.00029432294406425507	0.5545426612415549	0.007398120524845269	0.14457845230618693	0.5698028822981898	0.0005188000516887741	0.42152091588164103	0.01078653987017838	0.14828196641654873	0.8125	0.7315789473684211	1.0256503454528667	1.2730184944064158	0.24736814895354908	0.5316073136563721	0.47111283610411264	0.06049447755225951	3	2	4
2	23	0.718391987717288	0.00011299461237716011	0.5942901570894561	0.0027866522638833207	0.12410183062783187	0.6016075972786145	0.00016962764409962912	0.45209368791744825	0.0052198958841716235	0.1495139093611662	0.8293838862559242	0.751219512195122	0.7294478771601292	1.624490864907794	0.8950429877476649	0.6012965773300145	0.5331590613359408	0.0681375159940737	4	3	4
3	23	0.8024001575242334	4.107154312804705e-06	0.4510438084048055	0.030759549226524695	0.3513563491194279	0.6420839401393168	6.11562771081417e-05	0.3343769956540213	0.039092343838834406	0.3077069444852955	0.8523809523809524	0.6862745098039216	0.6975172880685829	1.0874628412503395	0.3899455531817566	0.581979249049711	0.4051132121994237	0.1768660368502873	4	1	4
4	20	0.8095025400751895	1.5355945828477477e-05	0.5358311407795516	0.014887062841604017	0.2736713992956379	0.6853981181013675	8.027731259608094e-05	0.4087491063836703	0.019203615912993056	0.27664901171769724	0.8782051282051282	0.7272727272727273	0.8969527670678958	1.0995356735509145	0.2025829064830187	0.8763921537001114	0.5720576937028207	0.3043344599972907	4	2	4
5	22	0.7144401251081101	0.00018744834526331427	0.49520077073160634	0.019113481083129606	0.21923935437650371	0.5823405606637861	0.0004053079350689047	0.37158630983178254	0.025352718790108985	0.2107542508320036	0.8210526315789474	0.7058823529411765	0.7360850435687916	1.1218514637909303	0.3857664202221387	0.696299054013077	0.47021522732129034	0.22608382669178667	4	2	4
6	22	0.7833386734305557	1.6236420577378508e-05	0.6340396477447159	0.0015312180511768587	0.14929902568583986	0.6742667440528579	4.005175839333347e-05	0.4811252243246882	0.003740839788018087	0.19314151972816973	0.8697916666666666	0.7659574468085106	1.0166500654854969	1.1460903757466552	0.12944031026115832	0.6762473920726118	0.5010819235742959	0.17516546849831582	4	2	4
7	20	0.815153370434399	1.1971703200325502e-05	0.5213165691559717	0.018413426602224208	0.29383680127842726	0.6890017654446077	7.176874951640315e-05	0.396860872854721	0.023092238349036055	0.2921408925898867	0.8789808917197452	0.7207792207792207	0.9347857800641222	1.2721602581119054	0.3373744780477832	0.753084697650488	0.48697875442387434	0.2661059432266137	4	3	4
8	22	0.7048894395671127	0.0002491462479549494	0.46256558729852804	0.030185433434276116	0.24232385226858466	0.5698028822981898	0.0005188000516887741	0.3592507805809441	0.02983237987019558	0.21055210171724564	0.8125	0.6984126984126984	0.9607982055055728	1.3921356544722816	0.4313374489667088	0.5225832924802948	0.42466904870554917	0.09791424377474561	4	2	4
9	22	0.7970978418479641	8.960751171595665e-06	0.4320621125431522	0.044636003871521314	0.3650357293048119	0.6587130932098565	6.323012164432596e-05	0.3337190750506054	0.044971607122074625	0.3249940181592511	0.8631578947368421	0.6864864864864865	0.8020552491180748	1.1935115615546237	0.3914563124365489	0.6146776421163531	0.4169012135567691	0.197776428559584	4	2	4
10	23	0.7166089457134663	0.00011968220986962295	0.6157344803680259	0.0017610576841537277	0.10087446534544042	0.5553158401204902	0.0005270040904463384	0.4873768029589261	0.0025914264840516013	0.06793903716156408	0.8047619047619048	0.7681159420289855	0.9264792087133265	1.0	0.07352079128667355	0.6946771938702582	0.5959569552146142	0.09872023865564394	4	3	4
11	23	0.7541855534210966	3.228369755916397e-05	0.67292418670854	0.0004339492789692545	0.08126136671255657	0.6189200461211645	0.00010944653786794992	0.5300241595303926	0.0010371263538649412	0.08889588659077186	0.8388625592417062	0.7922705314009661	0.854753867665933	1.192645077942396	0.33789121027646307	0.7083470844341168	0.5679006451651929	0.14044643926892386	4	3	4
12	22	0.8225632903622772	2.6246994345953645e-06	0.4975034375251959	0.01847710063322367	0.3250598528370813	0.6742667440528579	4.005175839333347e-05	0.3832008326196737	0.020496685533298177	0.2910659114331842	0.8697916666666666	0.7127659574468085	0.9784215357095667	1.053457601958256	0.0750360662486893	0.7178956363715796	0.49158391900672493	0.22631171736485467	3	4	4
13	23	0.629808425528455	0.0012795853968766925	0.5693081045205822	0.004577648870195394	0.060500321007872726	0.5032549801091942	0.0016800220595754247	0.4198188282307086	0.009237075224114396	0.08343615187848563	0.7761904761904762	0.7307692307692307	0.8219292946486552	1.0	0.17807070535134484	0.5287018076239094	0.48107856522807035	0.04762324239583904	4	3	4
14	22	0.802878101759842	6.8870966434840474e-06	0.5150296744724212	0.014173087896053605	0.28784842728742077	0.6682596597781152	4.941066503474539e-05	0.39263065925429996	0.018551670852117477	0.2756290005238152	0.868421052631579	0.7189189189189189	0.8126596956933527	1.257286586414879	0.4446268907215263	0.6800906960840556	0.43986320993141814	0.24022748615263745	4	3	4
15	21	0.7433109750357186	0.00011288078254588556	0.420207956568574	0.05788025885536199	0.3231030184671446	0.6138371415396828	0.0002798627038148236	0.3231269440063301	0.05771227455743165	0.29071019753335275	0.838150289017341	0.6804733727810651	1.0529711126017631	1.2801079191927351	0.22713680659097202	0.7047568371266723	0.43877053840837843	0.2659862987182938	4	3	4
16	22	0.7400762282852748	8.236903541431234e-05	0.5333340328116629	0.010586807816343935	0.20674219547361183	0.5792995970031596	0.00041759884353311324	0.40986827333680664	0.013693517672155405	0.16943132366635294	0.8177083333333334	0.7272727272727273	0.8662490993112046	0.8647930319003043	-0.001456067410900319	0.641456128677123	0.5208148900490167	0.12064123862810627	4	3	4
17	23	0.6974320866028243	0.00021648970405389718	0.6110332661528228	0.001952868097832162	0.08639882045000147	0.5726694601242555	0.000350262515581176	0.4776293545284038	0.0031037209644827813	0.09504010559585163	0.8142857142857143	0.7658536585365854	0.8760578525159828	1.415037499278844	0.5389796467628611	0.6265410979634722	0.5989490745358585	0.027592023427613688	4	3	4
18	22	0.7781471800131221	2.0098786476009213e-05	0.5724145534800728	0.005370169001504586	0.20573262653304936	0.6362798852329786	0.00010627914016456714	0.44927247882985016	0.006495133962510195	0.18700740640312846	0.8489583333333334	0.7473684210526316	0.9522261179577012	1.4239984532774748	0.4717723353197736	0.7487312102062045	0.4947922510162246	0.2539389591899799	4	4	4
19	21	0.8463639277463952	1.3277804879601024e-06	0.5304085177855766	0.013378380537490683	0.3159554099608186	0.6977806822630582	3.625800432688148e-05	0.4121794908124294	0.015305652127453202	0.28560119145062884	0.884393063583815	0.7267441860465116	0.9134795786370857	0.8365012677171206	-0.0769783109199651	0.7571027723377556	0.49697252063448516	0.2601302517032704	4	2	4
20	21	0.7133292226583476	0.0002831229372730782	0.6016691450387432	0.003908607916401847	0.11166007761960439	0.5545255915073376	0.0010091098866885724	0.447877379838231	0.008296919914559968	0.1066482116691066	0.8045977011494253	0.7485380116959064	1.0169100297819886	1.0995356735509143	0.08262564376892567	0.6558969343297971	0.5008921190372833	0.15500481529251386	3	4	4
21	20	0.7701838452715374	7.118407785514573e-05	0.35091638229153954	0.1292624456604074	0.41926746297999784	0.638930449077546	0.00023672470720816484	0.27371881847738977	0.11607468518795716	0.36521163060015627	0.8525641025641025	0.6516129032258065	0.7341090696441647	1.0963225389711981	0.36221346932703347	0.7376161884798709	0.38848978352148045	0.3491264049583904	4	2	4
22	21	0.7466352638328373	0.00010116897212550586	0.5891258245294481	0.004952579226385951	0.15750943930338923	0.6138371415396828	0.0002798627038148236	0.4749183345282471	0.0055503529035711135	0.13891880701143572	0.838150289017341	0.7664670658682635	0.8031196183077249	1.5145731728297582	0.7114535545220333	0.77566027020489	0.4641287962103977	0.3115314739944923	4	3	4
23	23	0.7864501760273467	8.602570928883744e-06	0.5944165338549082	0.00277938271748147	0.19203364217243846	0.6362324949637146	6.983474230491221e-05	0.4606040760533769	0.004112368389129372	0.1756284189103377	0.8483412322274881	0.7523809523809524	0.7784692963736499	1.5145731728297582	0.7361038764561083	0.6543612147424234	0.5615271125781285	0.09283410216429488	4	3	4
24	20	0.7825191220726833	4.549812287764058e-05	0.5484097240618516	0.012290201597987261	0.23410939801083164	0.6621642835894568	0.00013902844898286778	0.4297092443153098	0.01447400939499316	0.23245503927414696	0.8653846153846154	0.7417218543046358	0.8895538785245939	1.362570079384708	0.4730162008601141	0.7788093115701894	0.4778017031535197	0.3010076084166697	4	3	4
25	22	0.7625726997608208	3.691599020770404e-05	0.5727385923135434	0.0053381905703534125	0.18983410744727736	0.6172864558230389	0.00016984873025556373	0.4368542431904609	0.008372816862710752	0.18043221263257797	0.8385416666666666	0.7407407407407407	0.8624369179270648	1.3870231231092474	0.5245862051821826	0.6949973828420452	0.5265422411488185	0.16845514169322662	4	3	4
26	21	0.6867620262837351	0.0005847820422054052	0.4539297334270223	0.03873585420968853	0.23283229285671275	0.5440628444977652	0.001255608956420832	0.3679524918397825	0.029777535276381998	0.1761103526579827	0.7988505747126436	0.7034883720930233	1.2478956991196553	1.192645077942396	-0.05525062117725921	0.5599929679528738	0.41797805370536883	0.14201491424750495	4	3	4
27	21	0.6960605450148495	0.0004575734849713553	0.5174043601018019	0.01629952183498773	0.17865618491304758	0.56498833851691	0.0008080813891625316	0.40142587062379365	0.018216718879037957	0.16356246789311635	0.8103448275862069	0.7235294117647059	0.8425737905712007	1.3219280948873626	0.4793543043161619	0.6281060593848444	0.4550904277407399	0.17301563164410455	4	3	4
28	21	0.8244236216854123	4.310485208806481e-06	0.39382701665434805	0.07732509004147134	0.43059660503106423	0.6977806822630582	3.625800432688148e-05	0.3247070362848611	0.05751290628163211	0.37307364597819714	0.884393063583815	0.6804733727810651	0.9762000033309959	1.2801079191927354	0.3039079158617395	0.6653172805391687	0.4240682263010063	0.2412490542381624	4	3	4
29	21	0.7413164017574474	0.00012045526517259811	0.361938232004786	0.10690575148020473	0.3793781697526614	0.592851256358839	0.0004497170640127806	0.2754524768578552	0.10569224634608296	0.3173987795009838	0.8265895953757225	0.6529411764705882	0.748397841699874	0.9068905956085185	0.15849275390864448	0.6632371574714432	0.37226111197569484	0.29097604549574835	4	2	4
30	21	0.830407341520226	3.1785796000940398e-06	0.46249512810915155	0.03476886202071008	0.36791221341107444	0.7082736248534802	2.762340989088006e-05	0.3504644357688188	0.04001307297228843	0.3578091890846614	0.8901734104046243	0.6941176470588235	0.6608228220403707	1.0	0.3391771779596293	0.6739573687246481	0.3707528445454295	0.30320452417921856	4	3	4
31	21	0.8237587639259888	4.455758899165951e-06	0.5322454559572756	0.013002388434145064	0.2915133079687132	0.7082736248534802	2.762340989088006e-05	0.39728722623729107	0.01966273520452183	0.31098639861618915	0.8901734104046243	0.7218934911242604	1.0610595601209334	1.2801079191927354	0.21904835907180198	0.7584892942469396	0.4460481120286272	0.31244118221831235	4	2	4
32	21	0.79716445354904	1.5154744271271124e-05	0.6075266163023539	0.0034879911021833	0.18963783724668604	0.6767947970822143	6.178123410627054e-05	0.4719126204026099	0.006064706616261914	0.20488217667960446	0.8728323699421965	0.7650602409638554	1.0268466683526825	1.0	-0.026846668352682457	0.7851428051385652	0.49038658558136095	0.2947562195572042	4	4	4
33	22	0.6996979461496791	0.0002895085594372626	0.4944672062737199	0.01931988202133274	0.2052307398759592	0.5698028822981898	0.0005188000516887741	0.38404768632128433	0.02045271032058414	0.18575519597690543	0.8125	0.7127659574468085	0.966931126808688	1.0963225389711981	0.12939141216251016	0.5482051384062532	0.4438280944734902	0.10437704393276298	4	3	4
34	23	0.8478190343652278	3.2729949345221674e-07	0.5831642832066714	0.003492873784144222	0.2646547511585564	0.7288520401581433	5.3654307386195985e-06	0.4707676123023721	0.0036668463509589152	0.25808442785577124	0.9	0.7609756097560976	0.8291709553200901	1.0	0.1708290446799099	0.7349251146223148	0.5640169877947019	0.17090812682761292	4	4	4
35	22	0.8167949643429065	3.5231494701524933e-06	0.7053089472666026	0.00024610815719945873	0.1114860170763039	0.6742667440528579	4.005175839333347e-05	0.5652212281140186	0.000629210050859518	0.10904551593883927	0.8697916666666666	0.8105263157894737	0.7682068763147102	0.8219280948873623	0.05372121857265211	0.763287669164945	0.532235165634998	0.231052503529947	4	3	4
36	20	0.7671000260712509	7.92780592627262e-05	0.46263551587979035	0.03997830731631374	0.3044645101914606	0.6156966145656353	0.00039630893423508686	0.37185132966178497	0.03468204150476078	0.24384528490385032	0.8397435897435898	0.7086092715231788	0.8891307968266395	0.8647930319003043	-0.024337764926335215	0.7429471142533544	0.43773470728361835	0.305212406969736	4	3	4
37	23	0.8185490915121426	1.8105745021355548e-06	0.6649581822915774	0.000536730736664617	0.15359090922056517	0.6681143701449648	3.035279597027278e-05	0.5226786225929387	0.0011461336561258354	0.14543574755202604	0.8666666666666667	0.7884615384615384	0.8857594547630008	1.362570079384708	0.4768106246217072	0.7429788718289135	0.6115296733539222	0.13144919847499137	4	4	4
38	21	0.7452098583078827	0.0001060554148110693	0.4803182659397653	0.027536767565888246	0.2648915923681174	0.6173020735647721	0.0002520204308744453	0.37592983496739796	0.02733327768453213	0.2413722385973741	0.8390804597701149	0.7100591715976331	0.843137768458168	1.0	0.156862231541832	0.6432749819959411	0.4406975455530751	0.20257743644286602	4	2	4
39	23	0.8680052018501142	8.0624079068485e-08	0.5812144384414775	0.0036309622320597106	0.28679076340863674	0.737528850160026	4.141869964380466e-06	0.4513378304259229	0.005198191317785251	0.2861910197341031	0.9047619047619048	0.748792270531401	0.6283284157864133	1.1468413883292712	0.5185129725428579	0.6842891841230451	0.5566189211446554	0.12767026297838968	4	3	4
40	22	0.685277131101252	0.0004324959550681268	0.5904785430870724	0.0038133379368597317	0.09479858801417962	0.5792995970031596	0.00041759884353311324	0.45026097832811657	0.006476513302275284	0.12903861867504302	0.8177083333333334	0.75	0.8865958226789123	1.3536091253860771	0.4670133027071648	0.5860120773378497	0.5210854215512499	0.06492665578659973	4	3	4
41	21	0.7047492249891428	0.0003608768095967716	0.4548403103674517	0.03829809939835006	0.24990891462169113	0.5718653711779951	0.000712218276180092	0.3333140649536916	0.0529342949325675	0.23855130622430348	0.815028901734104	0.6867469879518072	0.737674150871523	1.0995356735509143	0.3618615226793913	0.6470400700948187	0.3578074550982536	0.28923261499656505	4	2	4
42	20	0.7563066588702485	0.0001141585470521907	0.36981187979954555	0.10852577234664533	0.38649477907070295	0.6156966145656353	0.00039630893423508686	0.28536642777429994	0.10135165956647457	0.33033018679133536	0.8397435897435898	0.6580645161290323	1.1290966575544974	1.0963225389711981	-0.03277411858329926	0.7611499394488237	0.41241130901707046	0.34873863043175324	4	3	4
43	21	0.7838672983605656	2.6193786743479908e-05	0.5239239197478122	0.014776774339515146	0.2599433786127534	0.6558089119013706	0.00010373387477122074	0.4025843892537883	0.018087350946870577	0.2532245226475823	0.861271676300578	0.7235294117647059	0.9412257922445	1.192645077942396	0.25141928569789607	0.7506150970637819	0.47940696935781335	0.2712081277059686	4	4	4
44	21	0.785197013879413	2.4841388646631674e-05	0.6064735589456886	0.0035606907509264834	0.17872345493372443	0.6453159693109486	0.0001336785147565588	0.46085318243525764	0.0068107732488558075	0.18446278687569095	0.8554913294797688	0.757396449704142	0.7982788422764295	1.2370391973008492	0.4387603550244197	0.8476082672478916	0.5207949920101187	0.3268132752377729	4	3	4
45	20	0.7786643480723251	5.24855057895614e-05	0.49589805831206707	0.026170820396614527	0.282766289760258	0.638930449077546	0.00023672470720816484	0.3571467747723467	0.041207552327625206	0.28178367430519935	0.8525641025641025	0.6993464052287581	0.9430599639602899	1.0963225389711981	0.15326257501090823	0.8100218135974835	0.42950619528370676	0.3805156183137767	3	3	4
46	21	0.7292695404831152	0.00017620858946619194	0.4891541490516668	0.024423337340575866	0.2401153914314484	0.5754510855264825	0.0006447652633750591	0.3679524918397825	0.029777535276381998	0.20749859368669998	0.8160919540229885	0.7034883720930233	0.7900143589840055	1.2801079191927354	0.49009356020872985	0.6877402430468549	0.4757303572256982	0.2120098858211567	4	3	4
47	20	0.8033349016746166	1.9968151347923393e-05	0.49490174333354847	0.02652042970153725	0.30843315834106816	0.6505473663335013	0.00018179992750142827	0.3728659327199284	0.034598495647503384	0.2776814336135729	0.8589743589743589	0.7086092715231788	0.9044059102881861	0.9737662900529322	0.06936037976474618	0.7590950468630454	0.40686625208395416	0.35222879477909125	3	2	4
48	23	0.7317485713271311	7.242969681237696e-05	0.530057388378657	0.009279443706897761	0.2016911829484741	0.5986998901299034	0.00018587907000998749	0.4188233784685352	0.009885579735926174	0.17987651166136825	0.8285714285714286	0.7339901477832512	0.9687526520205556	0.777607578663552	-0.1911450733570036	0.6035672008410592	0.4950430528123441	0.10852414802871507	4	2	4
49	23	0.7476318019542021	4.122686253453187e-05	0.5281176024114121	0.00958896083820416	0.21951419954278995	0.6016075972786145	0.00016962764409962912	0.41697961506949105	0.009989346438505785	0.1846279822091234	0.8293838862559242	0.7317073170731707	0.9668487305042592	1.362570079384708	0.39572134888044874	0.6097644775464738	0.4674635973929013	0.1423008801535725	4	4	4
50	21	0.8448368447126798	1.44946154390302e-06	0.41046588654409305	0.06456890413239272	0.4343709581685868	0.7323922906700686	1.4080136201130031e-05	0.32298197088748276	0.057970801024923	0.40941031978258585	0.9022988505747126	0.6804733727810651	0.9092485900388501	1.106915203916512	0.19766661387766193	0.6878849272135693	0.43002602951723856	0.25785889769633075	4	3	4
51	22	0.8664025681094953	1.8619412158721017e-07	0.5708440487448128	0.0055274241318644755	0.2955585193646826	0.7312470322826768	8.418045374463326e-06	0.4454709679203707	0.007067160273415164	0.2857760643623061	0.9010416666666666	0.746031746031746	0.7800811298824227	0.946542398041744	0.16646126815932127	0.817353961965744	0.6208488141409545	0.19650514782478945	4	3	4
52	22	0.6766246420721957	0.0005445599257241109	0.5478092734965618	0.008310181052889994	0.12881536857563392	0.5508094528882501	0.0007931856516131644	0.41857894516247873	0.01158953169613851	0.13223050772577138	0.8020833333333334	0.732620320855615	0.7508667767819919	1.1805690619457883	0.4297022851637964	0.6120287634408789	0.5177387976094981	0.09428996583138072	4	3	4
53	23	0.7014693200998016	0.00019181433038391448	0.595598657866929	0.0027121559501356884	0.10587066223287256	0.5466390301186075	0.0006437575710163763	0.45502228201182016	0.005132755264961423	0.09161674810678733	0.8	0.7536945812807881	0.9712569332225371	1.0	0.028743066777462856	0.6626431936307965	0.5467111715333627	0.1159320220974338	4	2	4
54	22	0.8017973166925423	7.239173695634578e-06	0.6187753143450347	0.0021400796253739644	0.18302200234750754	0.6552733146429183	6.566066497744128e-05	0.45984099914360843	0.0054266025698366345	0.19543231549930984	0.859375	0.7553191489361702	0.6280816234222373	1.5437314206251695	0.9156497972029323	0.6939721191733613	0.520835564281325	0.17313655489203628	4	2	4
55	22	0.8052583123041647	6.164306300718839e-06	0.46256558729852804	0.030185433434276116	0.34269272500563663	0.6552733146429183	6.566066497744128e-05	0.3592507805809441	0.02983237987019558	0.29602253406197415	0.859375	0.6984126984126984	0.8337419580015379	1.4587689199040135	0.6250269619024755	0.6876297759957278	0.436615545055345	0.25101423094038283	4	3	4
56	21	0.7638068957701114	5.5900575334585925e-05	0.3516938980392212	0.1179569703810566	0.4121129977308902	0.6277648205743445	0.00019746691078452222	0.2898030104835613	0.08762367776499407	0.3379618100907832	0.8448275862068966	0.6608187134502924	0.7609906172854626	1.5145731728297582	0.7535825555442957	0.609377207745091	0.3533901746493717	0.25598703309571924	4	2	4
57	19	0.6567038663675382	0.002255640938997424	0.45800746625814914	0.048611582684065006	0.19869640010938905	0.5513323429963477	0.0021178964239763646	0.36539406350476594	0.04563667071487335	0.18593827949158176	0.8057553956834532	0.706766917293233	0.873765884021235	1.3219280948873626	0.4481622108661276	0.7007054844698225	0.31223797507214995	0.38846750939767255	4	3	4
58	21	0.7518516574015358	8.490621879634186e-05	0.5047685209733517	0.01961027643965948	0.24708313642818414	0.6068393265551996	0.0003204755352815874	0.41198970932441986	0.015379380771998413	0.1948496172307797	0.8333333333333334	0.7294117647058823	0.9989083991127388	1.5145731728297582	0.5156647737170195	0.6302042418997724	0.4396348657790082	0.19056937612076424	4	2	4
59	23	0.7496483408670926	3.8268711594944204e-05	0.5717634651001842	0.004367135501615541	0.17788487576690848	0.5669826995935143	0.0003941143863326763	0.43631390492915445	0.007182653934235996	0.13066879466435988	0.8104265402843602	0.7414634146341463	0.6943817808202459	1.115477217419936	0.4210954365996902	0.6410540485642547	0.53196042780044	0.10909362076381479	3	4	4
60	21	0.830224886706643	3.2087915300801595e-06	0.6083174228844752	0.0034342141799996125	0.22190746382216775	0.6905413026317789	4.231556876003239e-05	0.49003054499947624	0.0038746803097434094	0.2005107576323027	0.8793103448275862	0.7719298245614035	0.9435536267737208	1.0	0.05644637322627921	0.7213968373303546	0.5306881110917545	0.19070872623860013	4	3	4
