path	size_bytes	sha256
.gitignore	139	8775560dcceb62b8f38971572b2e9fe29ff1615978fb421e489ed564a49d1266
CITATION.cff	234	60528fd7201c50f97c2953ed42a0ef911fae41a46d80a255dc6bb883ca076e41
configs/cross_sectional.yaml	836	01477a8bc2a092bc628c4eb7e7ae60508e6293432a9e259c3a1e567b7ad7b728
configs/longitudinal.yaml	1002	bafd0370415838693bc67f0947c8bad588056bc561f5f0fcdacbdeb35e975445
configs/secondary.yaml	339	5b37b66113c3b6e4b2b611db7cc45eba90c83be5ef82f9968193ae5b5a683dd2
configs/simulation.yaml	471	658b6e1d1d33f0a2679a59ec6a5f53ac756aa9973090f68be708cc138008ca51
docs/CODE_AVAILABILITY.md	327	58085833b31d5cba603c3ee2ec15ef0b689b050c781d4b6ebfe20cbae14a01b3
docs/DATA_AVAILABILITY.md	687	257e99962e8eb66de3d3c1b841d2824150cbc49e55a452c7d21bd982d6e338b9
docs/EXPERIMENT_MAPPING.md	1743	b5bb4edd391236995fd41d0a9a82b90442f2bd805345015f853e279bae514fab
docs/RESULT_CONTRACTS.md	1586	1ed1373c402d1346e2ccb6859f9af17e3d20e9c0bf800c1efb7d895d7e8dd9e0
environment.yml	120	8ed3c0d9ab252d6225fbaa02e827c7631da8c57417008a058c6267beee4a5ce4
examples/plot_core_results.py	3865	407c8b7846a59825ef8ed0c73470f77274394712417d71ffa2aad456288f4f69
experiments/__init__.py	63	c233826835c68710bfa37874e5806beb4774b2acb36cdffa5c469f38228b4661
experiments/prepare_longitudinal.py	2225	ea62c27979446aa8689d0f11ccf7f61e5e91153cef61684956069bddc32280ed
experiments/run_all.py	877	cce299b9937d0dd59c8597ea7f2f9df57cf61ac56ef156ebdb514a5fa40b281f
experiments/run_cross_sectional.py	1676	41717181823e9156666fe6228e33a3c92496652fa3b86e0a0a46bd1d09be9e28
experiments/run_longitudinal.py	1592	5396a4cadc418db8b01cfdc4fba4f77436c83b822fccdcb903921ceee1e28662
experiments/run_secondary.py	2097	7562de634913f076573eb8da67b2c9814c6a65d8105228509ab9a52c0a38e848
experiments/run_simulation.py	1120	0d4d48e32f9980defba5075e9add3909cdc09af0d8086b33a3728e4b2d13f42f
external/mhn/MHN_SOURCE.md	1876	880589912c4a82816302d97c89e57df8589df33c79d3a4afecbd64f726a37507
LICENSE_NOTICE.md	254	191d434b666c02172ffb0c17624fa91d90f18cfbee242fce0bf0460c120e405d
pyproject.toml	685	85e79e582adde388721e7756c620c3a066d09d020efb97314c012ac58a885a96
README.md	2630	6b019185d0eb982c5c862e3ba9d955bf9a7a8313d7745fab69335c5ff803bdfe
requirements-figures.txt	17	3d4eb267249c017bb90398a27e6a868a6d5d4ffd842120280d72a79f8b8278ed
requirements.txt	110	32eadbe2ad23e88988cd2c70727ff217646e8a99b8cb80eb59b21ab7f5373944
src/relobstq_mhn/__init__.py	2659	2efa6ff5d9a2c39abb084819c601e4f1f79b63cc50ea28685a64a4f7fe169542
src/relobstq_mhn/core/__init__.py	1495	96820515af72f584a5ce39a77211d5fd01b6edef278ab6ef53660977656b3483
src/relobstq_mhn/core/bootstrap.py	5187	69d8d0bde7c3c1725bf27d35438e571d8dd2108a0923e4c1e980c0139f1fafb0
src/relobstq_mhn/core/mhn.py	3579	39dc1e49b6c2c6879bb8338880b2bef0457cb2849cd64628a4e138c7a849b813
src/relobstq_mhn/core/pipeline.py	1917	961f3ee00971d1e7e0b2e3de4deaa5b3a6db9f81bd1399b67d5b81823c77d930
src/relobstq_mhn/core/scoring.py	4654	33b2a0868e38776295271c158eb5f616d9927ef47ee44e53139e9a103456a780
src/relobstq_mhn/core/states.py	5722	1fba1485ca8b1a41fbdc865efce07745ce27d6df56a433ba9726cdc8a2d80e75
src/relobstq_mhn/core/topology.py	3488	796405d41493ea7157daeb5e1c3eb556e574775f81c725a0946f022d54cffc1b
src/relobstq_mhn/core/transitions.py	7947	375de0a215a16b76f3803050d94af8b1511e944a977786242b55c3644f4e30b4
src/relobstq_mhn/core/validation.py	1622	03e591628a672695f408e96245398fee0cc222e44c7d08f2ccb9bf274b6461e7
src/relobstq_mhn/data/__init__.py	496	cbb6f26bf523d7e05bfe317564d3c7b85f8927f7caf8905d1f962e84f7a5787b
src/relobstq_mhn/data/processing.py	9347	ae4b9a4781f8dfe944d6611b7f999854484e7db823b9a5518d03285035792a96
src/relobstq_mhn/evaluation/__init__.py	347	e73e2f07a33c73b104c5e34df498f9b52f9580dad5f2505d75e30dfcca03d025
src/relobstq_mhn/evaluation/metrics.py	3480	f63f2745bbd2008dde49b897b8cabbebbe9ab893c6cc7ead82d31f31ab952028
src/relobstq_mhn/io/__init__.py	158	b65b4ed107817619528c802196379e56379f97a501983cec4b2e740f05b0ca2e
src/relobstq_mhn/io/config.py	528	ee1beb0a535d4a1aa42d430e91490d6b7eb722e9c81fd43debb754222f082347
src/relobstq_mhn/io/results.py	1810	4e70d027bd7f4c361d5df9335b45051ec30ae39fc33be67d579f17f6d93efb0d
src/relobstq_mhn/simulation/__init__.py	495	9405ce75b042914b43894d06465831cd7c99eee7f93412f1ebe401b6d2ac1b02
src/relobstq_mhn/simulation/generator.py	10405	b062ee954942b1460198e7f5816f16422463ec389d5af12dc5733372d506b7a7
src/relobstq_mhn/workflows/__init__.py	777	5983590d1a04018195f0af1cd658d9c9f892811d92131e51a322fce9285e295d
src/relobstq_mhn/workflows/controls.py	8546	48bf88f6c893f93633bd908c5485b05f8a7f5838d124c6f9a1cac36f9566ab87
src/relobstq_mhn/workflows/cross_sectional.py	6575	d6ea1dcc4500abb71c7d2f97340b996977a547fd9ffa06d00920d93f56cd76e5
src/relobstq_mhn/workflows/longitudinal.py	5391	7c1dd4f9a80b13bbfd45ad033f3abf616a9ea812b6fa2af73ec13e52b4036c3a
src/relobstq_mhn/workflows/longitudinal_preparation.py	8231	44a26227d06d552d827f30fd2f91856ad506c03ca61fe5f7b8dd54384863c26a
src/relobstq_mhn/workflows/replication.py	1532	ff5fe8121166b237ec89d7a2405d1b2c19aa1a144ee7339dfcb54e4e25d93a78
src/relobstq_mhn/workflows/secondary.py	8361	b94592554d7a744587c52f40b8072c70aba7baaed96a660ffadaeb596514c884
src/relobstq_mhn/workflows/simulation.py	13454	dbc0879b8e399033414009aa5787c66e3cccc4146568f971cc1bcdd05abfdd10
src/relobstq_mhn/workflows/topology.py	1412	07e989848f4fd6ba493ed2c110fe72c84ee3bafb12b43320b965d5512580ad05
tests/test_core_method.py	5598	983cfb73a89bae108dc28d65db5ff01bc6537048d184cacc40c57271bf3ba0a1
tests/test_workflows.py	5106	ff1e880973ba0dd9c562066b2d917a68e9f38527410394fbdaee3d251202fbdb
