rank	state	stage	genotype	event_count	N_v	L_v	F_hat	n_predecessors	genotype_inflow	stage_inflow	dominant_predecessor	dominant_edge_probability	dominant_contribution	rule	count_eligible	inflow_eligible	stable_for_scoring	flags	eligible_relobstq	R_raw	R_star	log2_R_star	high_confidence_relobstq	direction_flag	R_star_bootstrap_median	R_star_ci_low	R_star_ci_high	top_bootstrap_stability	high_confidence_top_bootstrap_stability	bootstrap_replicates
1	metastatic::NRAS	metastatic	NRAS	1	10	0.0007878358150161507	9.81166967436128e-05	1	9.81166967436128e-05	0.0	metastatic::WT	0.009884089141005376	9.81166967436128e-05	rule_a_one_step	True	True	True	stable	True	8.029579400183566	7.337076880870344	2.875205402383357	True	relative_bottleneck	6.1550815059238335	2.683493302446496	11.468681289713153	0.228	0.544	500
2	primary::BRAF	primary	BRAF	1	65	0.005120932797604979	0.0007191564359688989	1	0.0007191564359688989	0.0	primary::WT	0.05566007708386118	0.0007191564359688989	rule_a_one_step	True	True	True	stable	True	7.120749442483879	6.506627994453167	2.7019100724189875	True	relative_bottleneck	5.518967638465764	4.143727890004671	7.23716231819933	0.066	0.998	500
3	primary::TP53	primary	TP53	1	409	0.03222248483416056	0.004700213313047413	1	0.004700213313047413	0.0	primary::WT	0.36377931452750495	0.004700213313047413	rule_a_one_step	True	True	True	stable	True	6.855536691889708	6.2642882349320095	2.6471505960165795	True	relative_bottleneck	5.359024848120752	4.464803131812242	6.7170035671215045	0.026	1.0	500
4	metastatic::TP53	metastatic	TP53	1	265	0.02087764909792799	0.0036111394966095974	1	0.0036111394966095974	0.0	metastatic::WT	0.36377931452750495	0.0036111394966095974	rule_a_one_step	True	True	True	stable	True	5.781457379796045	5.28284174860629	2.4013141935509896	True	relative_bottleneck	4.558723963423949	3.6175986541843614	5.746594125417904	0.004	0.968	500
5	metastatic::APC+TP53	metastatic	APC+TP53	2	584	0.046009611596943195	0.00871144819410613	2	0.00871144819410613	0.0	metastatic::TP53	0.2626090281665842	0.005482659140009833	rule_a_one_step	True	True	True	stable	True	5.281511244340547	4.826012934876999	2.2708317823290254	True	relative_bottleneck	4.178086802728112	3.5721953942957834	4.977687718806247	0.0	0.942	500
6	primary::KRAS	primary	KRAS	1	108	0.008508626802174428	0.0017034643530993048	1	0.0017034643530993048	0.0	primary::WT	0.13184190874322851	0.0017034643530993048	rule_a_one_step	True	True	True	stable	True	4.994895714547139	4.564116256042547	2.1903355400665485	True	relative_bottleneck	3.9242886668585486	3.082171500159967	5.069019040986452	0.0	0.716	500
7	primary::APC+SOX9	primary	APC+SOX9	2	17	0.001339320885527456	0.0002841630758192574	2	0.0002841630758192574	0.0	primary::APC	0.015436223288946616	0.00014836675657854621	rule_a_one_step	True	True	True	stable	True	4.7132122178538145	4.306726252368872	2.1065916247403966	True	relative_bottleneck	3.6339321001318448	1.8888162951385252	6.540423667673263	0.014	0.502	500
8	primary::APC+NRAS	primary	APC+NRAS	2	10	0.0007878358150161507	0.00017682336318844196	2	0.00017682336318844196	0.0	primary::NRAS	0.4008802963921234	0.00012633114201280183	rule_a_one_step	True	True	True	stable	True	4.455496131023433	4.071236614833394	2.0254670714230874	True	relative_bottleneck	3.6645170291873823	1.4174248604654627	9.520141316401851	0.058	0.414	500
9	primary::APC+TP53	primary	APC+TP53	2	938	0.07389899944851493	0.016668420939906156	2	0.016668420939906156	0.0	primary::TP53	0.2626090281665842	0.008461915427411404	rule_a_one_step	True	True	True	stable	True	4.433473315229194	4.051113133320541	2.0183183749778046	True	relative_bottleneck	3.494015904102913	3.043043928767222	4.066050103238057	0.0	0.406	500
10	metastatic::BRAF	metastatic	BRAF	1	28	0.002205940282045222	0.0005525226276346418	1	0.0005525226276346418	0.0	metastatic::WT	0.05566007708386118	0.0005525226276346418	rule_a_one_step	True	True	True	stable	True	3.9924885746243532	3.648160651770335	1.8671692619612918	True	relative_bottleneck	3.168962890173953	1.9232221485544858	4.577116461793429	0.0	0.268	500
11	metastatic::KRAS	metastatic	KRAS	1	65	0.005120932797604979	0.0013087591981128805	1	0.0013087591981128805	0.0	metastatic::WT	0.13184190874322851	0.0013087591981128805	rule_a_one_step	True	True	True	stable	True	3.912815131367263	3.575358559729553	1.8380879317942818	True	relative_bottleneck	3.0741261229797407	2.214117893307903	4.1351852946969485	0.0	0.168	500
12	primary::RNF43+SMAD4+TP53	primary	RNF43+SMAD4+TP53	3	11	0.0008666193965177657	0.0002249838282924972	2	0.0002249838282924972	0.0	primary::RNF43+TP53	0.07181142486222652	0.0001131512248676066	rule_a_one_step	True	True	True	stable	True	3.8519185989633518	3.519713983873476	1.815458198518123	True	relative_bottleneck	3.0356575515256328	1.2083179323933304	5.468271735002054	0.004	0.266	500
13	primary::APC+KRAS	primary	APC+KRAS	2	215	0.01693847002284724	0.004706763564027526	2	0.004706763564027526	0.0	primary::KRAS	0.4935438374274594	0.0041993803231832995	rule_a_one_step	True	True	True	stable	True	3.5987509864962117	3.2883805423764865	1.7173772621679357	True	relative_bottleneck	2.8298280660778294	2.295148739376551	3.538017530996303	0.0	0.042	500
14	primary::FBXW7	primary	FBXW7	1	13	0.0010241865595209958	0.00028470985799161267	1	0.00028470985799161267	0.0	primary::WT	0.022035501387119145	0.00028470985799161267	rule_a_one_step	True	True	True	stable	True	3.597299240526713	3.287054000691194	1.716795157631929	True	relative_bottleneck	2.6889804562531223	1.3379252153779366	4.333726727010533	0.0	0.152	500
15	metastatic::APC+KRAS	metastatic	APC+KRAS	2	120	0.009454029780193808	0.0027270310172571367	2	0.0027270310172571367	0.0	metastatic::KRAS	0.4935438374274594	0.0025274048241380968	rule_a_one_step	True	True	True	stable	True	3.4667848355593476	3.167795671508384	1.66347928200578	True	relative_bottleneck	2.745651634161239	2.065766885489236	3.698333604329643	0.0	0.058	500
16	primary::CTNNB1+TP53	primary	CTNNB1+TP53	2	28	0.002205940282045222	0.0006562290170062278	2	0.0006562290170062278	0.0	primary::TP53	0.014685950757227038	0.00047321782554997707	rule_a_one_step	True	True	True	stable	True	3.3615402877906364	3.071627827616858	1.6190034231623518	True	relative_bottleneck	2.580663363820112	1.6384396868273514	4.15791781836127	0.0	0.098	500
17	primary::APC	primary	APC	1	122	0.009611596943197038	0.0030347296031764605	1	0.0030347296031764605	0.0	primary::WT	0.2348769686165781	0.0030347296031764605	rule_a_one_step	True	True	True	stable	True	3.167200441834867	2.8940486145933986	1.533089156646324	True	relative_bottleneck	2.4896081873190705	1.9596754635005325	3.226991496198171	0.0	0.006	500
18	metastatic::SMAD4	metastatic	SMAD4	1	13	0.0010241865595209958	0.0003326056126710217	1	0.0003326056126710217	0.0	metastatic::WT	0.0335060558859784	0.0003326056126710217	rule_a_one_step	True	True	True	stable	True	3.079282241261306	2.8137128255455623	1.4924750910822389	True	relative_bottleneck	2.380359139964666	1.17828160648179	3.9757504145812725	0.0	0.066	500
19	primary::BRAF+PTEN	primary	BRAF+PTEN	2	13	0.0010241865595209958	0.0003444153425453309	2	0.0003444153425453309	0.0	primary::BRAF	0.057519794968339845	0.00029455500456488536	rule_a_one_step	True	True	True	stable	True	2.973696087341113	2.717232836961085	1.4421381939502704	True	relative_bottleneck	2.2451571908803123	1.0955101710566146	4.072651453638885	0.0	0.072	500
20	metastatic::CTNNB1+TP53	metastatic	CTNNB1+TP53	2	15	0.001181753722524226	0.0004164148414525864	2	0.0004164148414525864	0.0	metastatic::TP53	0.014685950757227038	0.00030660812657883594	rule_a_one_step	True	True	True	stable	True	2.8379241132808137	2.593170372129468	1.3747169948343645	True	relative_bottleneck	2.2034689084653585	1.0474247028433508	3.875925859500585	0.0	0.046	500
21	primary::KRAS+PIK3CA	primary	KRAS+PIK3CA	2	60	0.004727014890096904	0.001814912812360184	2	0.001814912812360184	0.0	primary::KRAS	0.17196854229335226	0.0014632161480880837	rule_a_one_step	True	True	True	stable	True	2.6045410310069754	2.3799151651010035	1.2509101478737925	True	relative_bottleneck	2.0476263385180005	1.486524703920486	2.8244807118324182	0.0	0.0	500
22	metastatic::APC+NRAS	metastatic	APC+NRAS	2	11	0.0008666193965177657	0.00033569364696996135	2	0.00033569364696996135	0.0	metastatic::NRAS	0.4008802963921234	0.0003158278550320046	rule_a_one_step	True	True	True	stable	True	2.5815781792669275	2.3589327200408166	1.2381342715457277	True	relative_bottleneck	2.041601128909325	0.7826565618181778	4.863972858783141	0.006	0.106	500
23	primary::BRAF+FBXW7	primary	BRAF+FBXW7	2	10	0.0007878358150161507	0.00031141899382048266	2	0.00031141899382048266	0.0	primary::BRAF	0.047603771819557314	0.00024377571640047473	rule_a_one_step	True	True	True	stable	True	2.5298258234707176	2.3116436910246434	1.2089190428185514	True	relative_bottleneck	1.9747503219608304	0.8512046468047364	3.3363857511247756	0.0	0.008	500
24	primary::APC+SMAD4	primary	APC+SMAD4	2	11	0.0008666193965177657	0.00034844374621120484	2	0.00034844374621120484	0.0	primary::SMAD4	0.27448267535380827	0.0002811214669187353	rule_a_one_step	True	True	True	stable	True	2.487114214141645	2.272615698930071	1.1843537439347491	True	relative_bottleneck	1.9261155451087495	0.8464857154566513	4.222525613746975	0.0	0.066	500
25	primary::PIK3CA	primary	PIK3CA	1	23	0.0018120223745371465	0.0007522651263562802	1	0.0007522651263562802	0.0	primary::WT	0.05822256859048942	0.0007522651263562802	rule_a_one_step	True	True	True	stable	True	2.4087549836388398	2.201014476764963	1.1381686343200357	True	relative_bottleneck	1.837456446808308	1.1329069436278183	2.754777741257113	0.0	0.0	500
