target_event	TP53	KRAS	EGFR	STK11	KEAP1	RBM10	NF1	BRAF	SMARCA4	PIK3CA	MET	CDKN2A	ATM	ARID1A	SETD2
TP53	-0.36765712687741897	0.17914852928479943	0.6739953602313905	-2.916705409383984	0.007483443455095982	-1.40170837156493	0.0025131345989228768	-0.1387140620187057	-0.02693444842427758	-0.8700759819974034	0.24673738248537164	-0.0016648012762411296	-1.3432705947786956	-0.039662579371000456	-0.35364418060125175
KRAS	-2.9115017379940284	-0.11612874563507557	-2.409656022659835	0.23966384256824333	-0.0018159892837531144	-0.0883203423010721	-0.8793859223492335	-1.7251987019590524	-0.16122165580734235	0.0004241310886721145	-0.2631333258453018	-0.00026501167050995984	0.4106824362757529	-0.032274396517276815	-0.42395878323924907
EGFR	-2.4827247815677906	-4.0086273800644765	-0.03765492277880278	-2.700426870526427	-1.4334223203358307	0.29463514065308605	-1.127726080141399	-2.2518275856820904	-0.2277623273041222	0.002771299288560989	-0.6627958462416415	-0.004252072011450554	-0.6886649409888815	-0.16517496150555064	-0.5935387445350264
STK11	-0.045848787472085886	-0.0016331489358092806	-1.7023155166375237	-1.7590162223427463	-1.0480325144729867	-0.7518046035669366	-0.007931365397972607	0.023964790479731175	0.0003648362673169702	-0.0003625907489613162	0.017720625238995626	-0.0037936211351696112	0.20890809296718357	-0.021128579605638735	-0.2163418972502337
KEAP1	-0.15988692925634596	-0.6298832222545765	-1.706624192324282	2.5297180340614767	-2.5029978334696072	-0.0009313010746379608	0.1122102143774789	-0.28765945873624466	-0.0027972437456911642	-0.00331512756084536	-0.6174836636200631	0.0011803685741694815	-0.578537000329983	0.003115892248252541	0.0016233791496731795
RBM10	-0.6412018691546557	0.19250654533289052	-0.006848847565831525	-0.016594784570635804	-0.16652419983989672	-2.400188296587844	0.5143241126119397	-0.0013607916531937457	-0.0015663677438376915	-0.01821598320778665	-0.15627444909500926	-0.003581873489172714	0.036764052712557525	0.0018520037543773512	0.001587653123339454
NF1	0.4249289903484229	-0.6643774959331322	-1.22135208363753	-0.16108138628021168	0.0024059245435805983	0.001108223606079209	-2.603483774954769	-0.0020632757234004865	0.0016267478597652117	-0.02465885934839755	-0.00013056962621137033	-0.08650584094040924	0.00043486471050962415	0.0004619654266619602	0.003908548431581917
BRAF	-0.3198273689861011	-0.9489265633518136	-1.0605924766198773	-0.0024668431835739176	-0.37281601747104337	-0.11161255923217352	-0.0019494500161019654	-2.380358242523685	-0.0076313372438547595	0.30686644045825373	0.19008782835972093	0.0009409078424909876	-0.011283599882319147	-0.00025145419790334326	0.0006146663459742511
SMARCA4	-0.0008778830194320828	-0.4286560560336942	-0.8157755563853001	0.9917493080155513	0.9719124935425173	-0.0011108860825653742	0.28364316474883816	-0.002728833694721634	-3.016240860327204	-0.04157554544172856	-0.1533505732809637	0.4621844386563104	-0.0006186956275242593	0.002642364695564168	0.24912183011227956
PIK3CA	-0.0014345730531718029	-0.003670603136163375	0.2484163714151366	-1.0152540907209797	-0.2534424123498707	-0.32803693007462487	-0.10781920230364116	0.0002611969871519414	-0.03988925700296322	-2.931987555362562	0.8558421452200713	-0.0003008756816923755	-0.348839854873969	5.7563469521397874e-05	0.0020240844595961448
MET	-1.1645517810010702	-2.599112996332476	-1.5771989643851132	-1.4860562401477972	-0.2939991590051091	-0.0012720315539367696	-0.0018370379516771446	-1.169018959388792	-0.003229557968338276	-0.0014815075645900257	-2.010883059322238	-0.001478627083313152	-0.0035053747461750596	0.0004533839175114714	-0.006058738817740913
CDKN2A	0.6824588789263785	-0.04011111768953613	-0.8090522795918295	-0.30435885958557096	0.15497598448024172	-0.21381343641059794	-0.007703061369253963	-0.0007968106954179995	0.0024194765100057944	0.0004007720940390237	0.37217485082116186	-3.1302187199248332	-0.4339592757378051	1.1393609708819684e-05	-0.4414302164133926
ATM	-0.4397000491768204	0.0010822099937418408	-0.5094454255098111	-0.0033581153402034857	0.0011981519721887492	0.004846179037282934	0.5078378285320854	-0.0014881123082939552	-0.0007193730575308183	-0.017578658811174232	-0.0067522900551366324	-0.0033562604834519822	-2.373237337130587	0.008796494593791932	0.2727523394884208
ARID1A	0.06976878485254331	-0.2038675256229151	-0.6772581319070548	-0.4006138596562896	0.25162479670343935	0.001860187260869848	0.6337753562905188	0.011204336816806933	0.096727927949556	0.0023315600986595093	0.008837644516897072	0.001441335722692149	0.1335498111604243	-2.936840617438212	0.7387207586979722
SETD2	-0.39958012738077736	-0.2538470116809865	-0.8720527274953259	-0.6975694164370287	-0.0005278038347467841	0.0005424176410876231	0.19231858355016362	1.1857503906651392	0.002753426688015564	0.002703828085641928	-0.04445451594952564	-0.17953296578761876	0.0014212686273827328	0.002565885387670807	-2.7499611483912645
