rstar_rank	state	stage	genotype	event_count	N_v	L_v	F_hat	n_predecessors	genotype_inflow	stage_inflow	dominant_predecessor	dominant_edge_probability	dominant_contribution	rule	count_eligible	inflow_eligible	stable_for_scoring	flags	eligible_relobstq	R_raw	R_star	log2_R_star	high_confidence_relobstq	direction_flag	R_star_bootstrap_median	R_star_ci_low	R_star_ci_high	top_bootstrap_stability	high_confidence_top_bootstrap_stability	bootstrap_replicates
1	metastatic::ESR1	metastatic	ESR1	1	75	0.006840569135352	0.0017457349969074	1	0.0017457349969074	0.0	metastatic::WT	0.0321144941377399	0.0017457349969074	rule_a_one_step	True	True	True	stable	True	3.918446467276942	5.724772114919255	2.517218265223657	True	relative_bottleneck	5.148957616914996	3.956225246699908	6.602245658887319	0.964	0.998	500
2	primary::PIK3CA	primary	PIK3CA	1	766	0.0698650127690623	0.0198881080395075	1	0.0198881080395075	0.0	primary::WT	0.1823187429307362	0.0198881080395075	rule_a_one_step	True	True	True	stable	True	3.5129039236293043	5.132282549303011	2.359600597796514	True	relative_bottleneck	4.643853398121509	4.098867622712996	5.24328898994341	0.978	1.0	500
3	metastatic::ATM+ESR1	metastatic	ATM+ESR1	2	8	0.0007296607077708	0.0002468047683781	2	0.0002468047683781	0.0	metastatic::ESR1	0.0243958188950221	0.0001668812857649	rule_a_one_step	True	True	True	stable	True	2.9564287173602075	4.3192833747329145	2.110791970379337	False	relative_bottleneck	3.8126392054185048	1.5892989979281638	7.27446940109857	0.504	0.328	500
4	metastatic::PIK3CA	metastatic	PIK3CA	1	304	0.0277271068952936	0.009910796314002	1	0.009910796314002	0.0	metastatic::WT	0.1823187429307362	0.009910796314002	rule_a_one_step	True	True	True	stable	True	2.7976669093	4.087335540486031	2.0311606829780584	True	relative_bottleneck	3.711074910285876	3.147101008693704	4.318082180792978	0.422	0.944	500
5	metastatic::ESR1+PTEN	metastatic	ESR1+PTEN	2	12	0.0010944910616563	0.000410521505902	2	0.000410521505902	0.0	metastatic::ESR1	0.0453405498328225	0.0003101551657662	rule_a_one_step	True	True	True	stable	True	2.6660992012715017	3.8951177438578672	1.9616669395609811	True	relative_bottleneck	3.398882170622659	1.6035934207581193	6.047511017146768	0.366	0.526	500
6	metastatic::GATA3	metastatic	GATA3	1	168	0.0153228748631886	0.0057662594606621	1	0.0057662594606621	0.0	metastatic::WT	0.1060759542394287	0.0057662594606621	rule_a_one_step	True	True	True	stable	True	2.6573335738818447	3.8823113371175566	1.956915817821017	True	relative_bottleneck	3.5047624806692954	2.9015905931067705	4.297725777160754	0.22	0.792	500
7	primary::GATA3	primary	GATA3	1	332	0.0302809193724917	0.0115712186492481	1	0.0115712186492481	0.0	primary::WT	0.1060759542394287	0.0115712186492481	rule_a_one_step	True	True	True	stable	True	2.6169170497735244	3.8232636017128505	1.9348046727787545	True	relative_bottleneck	3.466426884147208	3.0006250970401767	4.034390123491573	0.16	0.802	500
8	metastatic::AKT1	metastatic	AKT1	1	42	0.0038307187157971	0.0014978717473581	1	0.0014978717473581	0.0	metastatic::WT	0.0275548084530778	0.0014978717473581	rule_a_one_step	True	True	True	stable	True	2.5574410626251405	3.736370371046622	1.901637470569064	True	relative_bottleneck	3.3230426961450075	2.301647192891047	4.479669661376382	0.212	0.528	500
9	metastatic::BRCA2	metastatic	BRCA2	1	27	0.0024626048887267	0.0009759462431813	1	0.0009759462431813	0.0	metastatic::WT	0.0179534808896643	0.0009759462431813	rule_a_one_step	True	True	True	stable	True	2.52329972414877	3.686490556659016	1.8822480613563637	True	relative_bottleneck	3.294869810220645	2.207746359295676	4.678823615592192	0.26	0.506	500
10	primary::TP53	primary	TP53	1	1436	0.1309740970448741	0.05210057055787	1	0.05210057055787	0.0	primary::WT	0.4776176050137856	0.05210057055787	rule_a_one_step	True	True	True	stable	True	2.5138706858667192	3.672714919840095	1.8768469168442277	True	relative_bottleneck	3.309527204308004	2.9659413447423466	3.721610853191451	0.042	0.574	500
11	metastatic::TP53	metastatic	TP53	1	711	0.0648485954031375	0.0259631605790054	1	0.0259631605790054	0.0	metastatic::WT	0.4776176050137856	0.0259631605790054	rule_a_one_step	True	True	True	stable	True	2.4977157616580064	3.6491128978650575	1.8675457863486584	True	relative_bottleneck	3.2958662145024884	2.865064870084387	3.817490586632406	0.03	0.522	500
12	metastatic::BRCA2+ESR1	metastatic	BRCA2+ESR1	2	10	0.0009120758847136	0.0003719726728056	2	0.0003719726728056	0.0	metastatic::ESR1	0.0336697803689236	0.0002303204603857	rule_a_one_step	True	True	True	stable	True	2.45199701199069	3.582318716699096	1.840893698727022	True	relative_bottleneck	3.2394007260133115	1.464409578508119	5.592182180519019	0.298	0.44	500
13	primary::AKT1	primary	AKT1	1	78	0.0071141919007661	0.0030057963252354	1	0.0030057963252354	0.0	primary::WT	0.0275548084530778	0.0030057963252354	rule_a_one_step	True	True	True	stable	True	2.366824338253238	3.4578831395801544	1.7898891133998007	True	relative_bottleneck	3.135374932900997	2.3775905183185477	3.919281055350337	0.056	0.352	500
14	metastatic::ATM	metastatic	ATM	1	18	0.0016417365924844	0.0007094387002279	1	0.0007094387002279	0.0	metastatic::WT	0.0130508152840594	0.0007094387002279	rule_a_one_step	True	True	True	stable	True	2.3141345258481216	3.380904374828328	1.757409211761627	True	relative_bottleneck	2.9502666307851197	1.553158572622191	4.609393417211964	0.15	0.296	500
15	metastatic::ESR1+MAP2K4	metastatic	ESR1+MAP2K4	2	7	0.0006384531192995	0.0002833186810984	2	0.0002833186810984	0.0	metastatic::ESR1	0.0278387547267691	0.0001904329263505	rule_a_one_step	True	True	True	stable	True	2.2534804784866536	3.292290021693314	1.7190914300575078	False	relative_bottleneck	2.925828538168621	1.0116883773979088	5.588985006648819	0.246	0.164	500
16	primary::ATM+BRCA2	primary	ATM+BRCA2	2	5	0.0004560379423568	0.0002123083230153	2	0.0002123083230153	0.0	primary::BRCA2	0.0452025810953358	0.0001525442813323	rule_a_one_step	True	True	True	stable	True	2.1479984097270544	3.138182823623414	1.649929402991704	False	relative_bottleneck	2.5777852612442693	0.5360857104241772	5.588025266062301	0.228	0.022	500
17	metastatic::MAP2K4	metastatic	MAP2K4	1	19	0.0017329441809558	0.0008089798306254	1	0.0008089798306254	0.0	metastatic::WT	0.0148819712466064	0.0008089798306254	rule_a_one_step	True	True	True	stable	True	2.1421352093214927	3.1296168048028816	1.6459860221246303	True	relative_bottleneck	2.799317132850513	1.62512616348885	4.141617813286016	0.072	0.206	500
18	metastatic::ESR1+MAP3K1	metastatic	ESR1+MAP3K1	2	12	0.0010944910616563	0.0005249561706618	2	0.0005249561706618	0.0	metastatic::ESR1	0.0635970667782754	0.0004350401321023	rule_a_one_step	True	True	True	stable	True	2.0849189336921223	3.0460249675842457	1.606927767321708	True	relative_bottleneck	2.7209834868684064	1.30841104171262	4.528296584602693	0.102	0.258	500
19	primary::MAP3K1+RUNX1+TP53	primary	MAP3K1+RUNX1+TP53	3	6	0.0005472455308281	0.000265540908372	3	0.000265540908372	0.0	primary::MAP3K1+TP53	0.0340855216841463	0.0001181366129147	rule_a_one_step	True	True	True	stable	True	2.0608708922568346	3.010891258810414	1.5901906047056116	False	relative_bottleneck	2.681886313068385	0.8397968963109697	5.276638228550734	0.174	0.084	500
20	primary::MAP2K4	primary	MAP2K4	1	35	0.0031922655964976	0.0016233890560873	1	0.0016233890560873	0.0	primary::WT	0.0148819712466064	0.0016233890560873	rule_a_one_step	True	True	True	stable	True	1.9664205463015665	2.8729011876726163	1.5225083727847255	True	relative_bottleneck	2.587383856213633	1.7689579733685783	3.566291589278847	0.01	0.066	500
21	metastatic::RB1	metastatic	RB1	1	13	0.0011856986501276	0.0006425060522732	1	0.0006425060522732	0.0	metastatic::WT	0.0118195240891333	0.0006425060522732	rule_a_one_step	True	True	True	stable	True	1.8454279832652365	2.6961334669018027	1.4308919161307936	True	relative_bottleneck	2.3990888120682863	1.2313469664470758	3.86492710742525	0.032	0.114	500
22	primary::RUNX1	primary	RUNX1	1	18	0.0016417365924844	0.0009004460902926	1	0.0009004460902926	0.0	primary::WT	0.0082545910819131	0.0009004460902926	rule_a_one_step	True	True	True	stable	True	1.8232480637766448	2.663729047022696	1.413447339767589	True	relative_bottleneck	2.393724046141926	1.4232402636985622	3.5479561565203013	0.012	0.066	500
23	primary::BRCA2	primary	BRCA2	1	37	0.0033746807734403	0.001958442461149	1	0.001958442461149	0.0	primary::WT	0.0179534808896643	0.001958442461149	rule_a_one_step	True	True	True	stable	True	1.7231452231367408	2.517480793919019	1.3319807718274994	True	relative_bottleneck	2.2711947285203395	1.5756340417962107	3.069905985849549	0.0	0.006	500
24	metastatic::PTEN	metastatic	PTEN	1	40	0.0036483035388544	0.0021500501752602	1	0.0021500501752602	0.0	metastatic::WT	0.0395522653046191	0.0021500501752602	rule_a_one_step	True	True	True	stable	True	1.696845766269638	2.479057812115483	1.3097919157488749	True	relative_bottleneck	2.246573211709612	1.5394516027891056	3.090875484328485	0.0	0.006	500
25	primary::PTEN	primary	PTEN	1	78	0.0071141919007661	0.0043145302174684	1	0.0043145302174684	0.0	primary::WT	0.0395522653046191	0.0043145302174684	rule_a_one_step	True	True	True	stable	True	1.648891429781537	2.4089974832047463	1.2684328863244416	True	relative_bottleneck	2.1533377253102923	1.7074662470401627	2.7081123164979397	0.0	0.0	500
26	primary::AKT1+CBFB	primary	AKT1+CBFB	2	6	0.0005472455308281	0.0003336487937083	2	0.0003336487937083	0.0	primary::AKT1	0.0428529820668044	0.0003048643379433	rule_a_one_step	True	True	True	stable	True	1.640184348055442	2.396276610510903	1.2607944530260082	False	relative_bottleneck	2.130169283565058	0.6622571916346416	4.529175351970707	0.076	0.104	500
27	primary::AKT1+MAP2K4	primary	AKT1+MAP2K4	2	8	0.0007296607077708	0.0004587852517838	2	0.0004587852517838	0.0	primary::AKT1	0.0438830474804945	0.0003121924209666	rule_a_one_step	True	True	True	stable	True	1.590418836140449	2.323570190434781	1.216343226455127	False	relative_bottleneck	2.056732127986112	0.6736514682212322	3.7420258497475385	0.03	0.078	500
28	primary::ATM	primary	ATM	1	24	0.0021889821233126	0.0014236387340145	1	0.0014236387340145	0.0	primary::WT	0.0130508152840594	0.0014236387340145	rule_a_one_step	True	True	True	stable	True	1.537596631416705	2.2463980031466924	1.1676135583247138	True	relative_bottleneck	2.058245507098864	1.2433877564602804	2.8678240626177214	0.0	0.002	500
29	metastatic::ESR1+GATA3	metastatic	ESR1+GATA3	2	52	0.0047427946005107	0.0031090660280873	2	0.0031090660280873	0.0	metastatic::GATA3	0.1145510037831362	0.0017552506964216	rule_a_one_step	True	True	True	stable	True	1.525472458976059	2.228684829090517	1.1561926113678946	True	relative_bottleneck	2.0116195060567046	1.4218775822125995	2.7167287137184037	0.0	0.002	500
30	primary::NF1	primary	NF1	1	28	0.0025538124771981	0.0016911808307318	1	0.0016911808307318	0.0	primary::WT	0.0155034336355715	0.0016911808307318	rule_a_one_step	True	True	True	stable	True	1.51007652717003	2.206191679873755	1.1415581416046707	True	relative_bottleneck	2.010458090819451	1.3236682851902104	2.7501972809132265	0.0	0.0	500
31	primary::MAP3K1	primary	MAP3K1	1	61	0.005563662896753	0.0037132084586913	1	0.0037132084586913	0.0	primary::WT	0.0340398139975687	0.0037132084586913	rule_a_one_step	True	True	True	stable	True	1.4983438062121175	2.18905040862432	1.1303051767367596	True	relative_bottleneck	1.950342443604923	1.4629164646791466	2.604305712668978	0.0	0.0	500
32	metastatic::ESR1+PIK3CA	metastatic	ESR1+PIK3CA	2	59	0.0053812477198102	0.0036665218268413	2	0.0036665218268413	0.0	metastatic::ESR1	0.3378879591803447	0.0023113459447761	rule_a_one_step	True	True	True	stable	True	1.4676709896961182	2.144238035623125	1.1004650707914423	True	relative_bottleneck	1.9399310822533715	1.3604049574324315	2.5572028784328147	0.0	0.0	500
33	metastatic::BRCA1	metastatic	BRCA1	1	10	0.0009120758847136	0.0006499792076113	1	0.0006499792076113	0.0	metastatic::WT	0.0119570000541115	0.0006499792076113	rule_a_one_step	True	True	True	stable	True	1.4032385538335304	2.0501035322675643	1.0356967691050485	True	relative_bottleneck	1.840425179144344	0.8415800049525303	3.0926275126038307	0.0	0.006	500
34	primary::BRCA2+PTEN	primary	BRCA2+PTEN	2	6	0.0005472455308281	0.0003902587077804	2	0.0003902587077804	0.0	primary::BRCA2	0.0702460413365428	0.0002370579651087	rule_a_one_step	True	True	True	stable	True	1.4022634691186209	2.048678952952212	1.0346939183298345	False	relative_bottleneck	1.8171819936830556	0.5604934699340721	3.5791827571387302	0.018	0.036	500
35	primary::RB1	primary	RB1	1	18	0.0016417365924844	0.0012893242257026	1	0.0012893242257026	0.0	primary::WT	0.0118195240891333	0.0012893242257026	rule_a_one_step	True	True	True	stable	True	1.273331066370443	1.8603112847637413	0.8955440468225345	True	relative_bottleneck	1.6892793963487558	0.9250171506548917	2.4774499521383144	0.0	0.0	500
36	metastatic::AKT1+GATA3+TP53	metastatic	AKT1+GATA3+TP53	3	7	0.0006384531192995	0.0005038122208417	3	0.0005038122208417	0.0	metastatic::GATA3+TP53	0.0822490447255423	0.0002850660068926	rule_a_one_step	True	True	True	stable	True	1.2672442065132017	1.8514185039463544	0.8886310461122414	False	relative_bottleneck	1.6000377062582278	0.5056250818934342	3.1086976500059214	0.0	0.02	500
37	metastatic::ESR1+GATA3+TP53	metastatic	ESR1+GATA3+TP53	3	6	0.0005472455308281	0.0004396861358785	3	0.0004396861358785	0.0	metastatic::ESR1+TP53	0.0713863109405456	0.0001823072515811	rule_a_one_step	True	True	True	stable	True	1.2446276671654488	1.818376191163665	0.8626506995219281	False	relative_bottleneck	1.5945744291566146	0.5016728366928356	3.1363418184434746	0.01	0.02	500
38	primary::BRCA1	primary	BRCA1	1	17	0.0015505290040131	0.0013043206917837	1	0.0013043206917837	0.0	primary::WT	0.0119570000541115	0.0013043206917837	rule_a_one_step	True	True	True	stable	True	1.1887636319744883	1.7367599502480855	0.7963983628455945	True	relative_bottleneck	1.558811558136592	0.8911579589422556	2.4466393194285616	0.0	0.0	500
39	metastatic::BRCA2+GATA3	metastatic	BRCA2+GATA3	2	8	0.0007296607077708	0.0006260360171702	2	0.0006260360171702	0.0	metastatic::GATA3	0.0239345408267357	0.0003667459739959	rule_a_one_step	True	True	True	stable	True	1.1655251241031377	1.7028089538608129	0.7679165813590074	False	relative_bottleneck	1.522740828166135	0.5709439517462953	2.7300546163592165	0.0	0.0	500
40	primary::GATA3+MAP2K4	primary	GATA3+MAP2K4	2	16	0.0014593214155417	0.0012946702855227	2	0.0012946702855227	0.0	primary::GATA3	0.0257463188640771	0.0007796222056615	rule_a_one_step	True	True	True	stable	True	1.127176108645562	1.6467818073476432	0.7196494158350257	True	relative_bottleneck	1.442965773186871	0.8027890399636264	2.2749850813697985	0.0	0.0	500
41	metastatic::PIK3CA+RB1	metastatic	PIK3CA+RB1	2	12	0.0010944910616563	0.0009775579272771	2	0.0009775579272771	0.0	metastatic::PIK3CA	0.0303763076217837	0.0008422471285135	rule_a_one_step	True	True	True	stable	True	1.1196176001408442	1.6357389772159714	0.7099425488172362	True	relative_bottleneck	1.4682015946029308	0.7419375631732354	2.478155219375848	0.0	0.0	500
42	metastatic::MAP3K1	metastatic	MAP3K1	1	22	0.0020065669463699	0.0018503948506522	1	0.0018503948506522	0.0	metastatic::WT	0.0340398139975687	0.0018503948506522	rule_a_one_step	True	True	True	stable	True	1.0843993348653491	1.5842857942597444	0.6638326111559759	True	relative_bottleneck	1.401225801600272	0.8970399444880047	2.1076851873969416	0.0	0.0	500
43	metastatic::NF1	metastatic	NF1	1	10	0.0009120758847136	0.000842762353776	1	0.000842762353776	0.0	metastatic::WT	0.0155034336355715	0.000842762353776	rule_a_one_step	True	True	True	stable	True	1.0822456408318943	1.581139290243483	0.6609644673115775	True	relative_bottleneck	1.3930521175471762	0.6126079571630807	2.365413578586167	0.0	0.0	500
44	primary::AKT1+MAP3K1	primary	AKT1+MAP3K1	2	11	0.0010032834731849	0.0009286033904348	2	0.0009286033904348	0.0	primary::AKT1	0.1003921523236597	0.0007142090369614	rule_a_one_step	True	True	True	stable	True	1.0804219351759696	1.5784748926634613	0.6585313132210662	True	relative_bottleneck	1.3319152215447363	0.6187775532064881	2.3190940738351142	0.0	0.0	500
45	metastatic::MAP3K1+PIK3CA+PTEN	metastatic	MAP3K1+PIK3CA+PTEN	3	6	0.0005472455308281	0.0005156681934301	3	0.0005156681934301	0.0	metastatic::PIK3CA+PTEN	0.2862430531574239	0.0002610753859516	rule_a_one_step	True	True	True	stable	True	1.061235765050241	1.550444280877613	0.63268168000022	False	relative_bottleneck	1.3630907303227802	0.4084653104188187	2.995737937368303	0.008	0.01	500
46	primary::GATA3+PTEN	primary	GATA3+PTEN	2	18	0.0016417365924844	0.0015757034008942	2	0.0015757034008942	0.0	primary::GATA3	0.0295780750295431	0.0008956513051631	rule_a_one_step	True	True	True	stable	True	1.0419071193924545	1.5222055151818432	0.6061631523484305	True	relative_bottleneck	1.3647131625502062	0.7966104966156615	2.045855875559045	0.0	0.0	500
47	metastatic::PTEN+TP53	metastatic	PTEN+TP53	2	68	0.0062021160160525	0.0059847254343212	2	0.0059847254343212	0.0	metastatic::TP53	0.0653363567784197	0.0042369709658387	rule_a_one_step	True	True	True	stable	True	1.0363242362712672	1.5140490343213973	0.598411929515702	True	relative_bottleneck	1.3878904133741	1.0247546463980015	1.7266873323590866	0.0	0.0	500
48	primary::PIK3CA+PTEN	primary	PIK3CA+PTEN	2	41	0.0037395111273257	0.0036409790897223	2	0.0036409790897223	0.0	primary::PIK3CA	0.0297303770653685	0.002077113173301	rule_a_one_step	True	True	True	stable	True	1.0270619616724914	1.500517035916773	0.585459698471773	True	relative_bottleneck	1.3583645172827714	0.9870913954403152	1.8330631841077696	0.0	0.0	500
49	metastatic::GATA3+PTEN	metastatic	GATA3+PTEN	2	9	0.0008208682962422	0.0008019658068491	2	0.0008019658068491	0.0	metastatic::GATA3	0.0295780750295431	0.0004532211423716	rule_a_one_step	True	True	True	stable	True	1.0235701924047826	1.4954156306781294	0.5805465178555818	False	relative_bottleneck	1.3357606105066626	0.5296034304726335	2.346503790858774	0.0	0.0	500
50	metastatic::RUNX1	metastatic	RUNX1	1	5	0.0004560379423568	0.0004487172824535	1	0.0004487172824535	0.0	metastatic::WT	0.0082545910819131	0.0004487172824535	rule_a_one_step	True	True	True	stable	True	1.0163146354581098	1.4848154067288186	0.5702835853356292	False	relative_bottleneck	1.2938534633444454	0.263080381041488	2.560942405445708	0.002	0.002	500
51	metastatic::AKT1+ESR1	metastatic	AKT1+ESR1	2	6	0.0005472455308281	0.0005446517106815	2	0.0005446517106815	0.0	metastatic::ESR1	0.0453441192004665	0.0003101795822724	rule_a_one_step	True	True	True	stable	True	1.0047623446158755	1.467937740278773	0.5537907803774182	False	relative_bottleneck	1.3033832428063905	0.3965937971140943	2.695954618981095	0.0	0.002	500
52	metastatic::AKT1+MAP3K1	metastatic	AKT1+MAP3K1	2	5	0.0004560379423568	0.0004618966505371	2	0.0004618966505371	0.0	metastatic::AKT1	0.1003921523236597	0.0003845740968254	rule_a_one_step	True	True	True	stable	True	0.9873159739071454	1.4424489407318215	0.5285202517950393	False	relative_bottleneck	1.2983298019591902	0.3001927988575376	2.933515913514934	0.01	0.016	500
53	primary::GATA3+NF1	primary	GATA3+NF1	2	8	0.0007296607077708	0.0007553138800216	2	0.0007553138800216	0.0	primary::GATA3	0.016622336139013	0.0005033396204079	rule_a_one_step	True	True	True	stable	True	0.966036406988814	1.4113599179956555	0.4970859437773522	False	relative_bottleneck	1.2392748643852889	0.4603569117623489	2.2777929113098665	0.0	0.0	500
54	primary::BRCA1+TP53	primary	BRCA1+TP53	2	73	0.0066581539584093	0.0069236996364606	2	0.0069236996364606	0.0	primary::TP53	0.0467155147938018	0.0061185223681046	rule_a_one_step	True	True	True	stable	True	0.9616468516897266	1.4049468652761743	0.4905155691279655	True	relative_bottleneck	1.270600913376149	0.9291940534889924	1.6317429312733132	0.0	0.0	500
55	metastatic::GATA3+MAP2K4	metastatic	GATA3+MAP2K4	2	7	0.0006384531192995	0.0006741051512095	2	0.0006741051512095	0.0	metastatic::GATA3	0.0257463188640771	0.000394507622142	rule_a_one_step	True	True	True	stable	True	0.9471120599017434	1.383711824445866	0.4685435146997825	False	relative_bottleneck	1.295572838315242	0.4854489271926125	2.4326441923354336	0.0	0.004	500
56	primary::ATM+GATA3	primary	ATM+GATA3	2	16	0.0014593214155417	0.0015409891404674	2	0.0015409891404674	0.0	primary::GATA3	0.0392847739392423	0.0011895790722207	rule_a_one_step	True	True	True	stable	True	0.9470030490624214	1.383552561784404	0.4683774536227948	True	relative_bottleneck	1.2116049253310657	0.661589933181227	1.9665311995482924	0.0	0.0	500
57	metastatic::ESR1+TP53	metastatic	ESR1+TP53	2	28	0.0025538124771981	0.0027083290666122	2	0.0027083290666122	0.0	metastatic::TP53	0.0266534210233595	0.0017284369160533	rule_a_one_step	True	True	True	stable	True	0.942947630602958	1.3776276763215185	0.4621860316530882	True	relative_bottleneck	1.2510073196724427	0.8072471245509778	1.7296342136427616	0.0	0.0	500
58	primary::MAP2K4+PTEN+TP53	primary	MAP2K4+PTEN+TP53	3	5	0.0004560379423568	0.0004964230852676	3	0.0004964230852676	0.0	primary::PTEN+TP53	0.0347687263004061	0.0002695495928068	rule_a_one_step	True	True	True	stable	True	0.9186477320899006	1.3421260093816632	0.4245201294931471	False	relative_bottleneck	1.1420513996942	0.2617652910664589	2.469262641955265	0.0	0.0	500
59	primary::CBFB	primary	CBFB	1	8	0.0007296607077708	0.0007969151378887	1	0.0007969151378887	0.0	primary::WT	0.0073054996419837	0.0007969151378887	rule_a_one_step	True	True	True	stable	True	0.915606533448876	1.3376828788396329	0.4197361403804096	False	relative_bottleneck	1.1691935848528563	0.4354906717909443	2.1039196498938217	0.0	0.0	500
60	primary::CBFB+GATA3	primary	CBFB+GATA3	2	36	0.0032834731849689	0.0036764157787865	2	0.0036764157787865	0.0	primary::GATA3	0.1177547911498206	0.0035657233365323	rule_a_one_step	True	True	True	stable	True	0.893118020823967	1.3048276105448602	0.3838592153465993	True	relative_bottleneck	1.1805370697274378	0.8302184600699557	1.5917007976737505	0.0	0.0	500
61	primary::ATM+RB1+TP53	primary	ATM+RB1+TP53	3	5	0.0004560379423568	0.0005130746321572	2	0.0005130746321572	0.0	primary::RB1+TP53	0.0513945236679234	0.000365630504022	rule_a_one_step	True	True	True	stable	True	0.8888335397727658	1.298568069205289	0.3769216401472598	False	relative_bottleneck	1.1335302884310865	0.269781783198466	2.263084563503775	0.0	0.0	500
62	metastatic::RUNX1+TP53	metastatic	RUNX1+TP53	2	19	0.0017329441809558	0.0019852576543216	2	0.0019852576543216	0.0	metastatic::TP53	0.0278395666331962	0.0018053567927948	rule_a_one_step	True	True	True	stable	True	0.8729064342406738	1.2752988857717689	0.3508354043292335	True	relative_bottleneck	1.1465330575394597	0.6090248008753552	1.7242839715649445	0.0	0.0	500
63	metastatic::ATM+MAP3K1+PIK3CA	metastatic	ATM+MAP3K1+PIK3CA	3	5	0.0004560379423568	0.0005303854007134	3	0.0005303854007134	0.0	metastatic::MAP3K1+PIK3CA	0.0634620129871143	0.0002604697723841	rule_a_one_step	True	True	True	stable	True	0.8598237072203406	1.256185282598021	0.3290492720090176	False	relative_bottleneck	1.0997691772931826	0.226534046013326	2.5060803730983503	0.0	0.002	500
64	metastatic::ATM+GATA3	metastatic	ATM+GATA3	2	8	0.0007296607077708	0.0008655132262846	2	0.0008655132262846	0.0	metastatic::GATA3	0.0392847739392423	0.0006019556750996	rule_a_one_step	True	True	True	stable	True	0.8430381937200391	1.2316619822483537	0.300606376613798	False	relative_bottleneck	1.0813375491805235	0.4319691615738502	1.9852157018582228	0.0	0.0	500
65	primary::GATA3+RUNX1	primary	GATA3+RUNX1	2	7	0.0006384531192995	0.000761479997247	2	0.000761479997247	0.0	primary::GATA3	0.0188743881899513	0.000571533826985	rule_a_one_step	True	True	True	stable	True	0.8384371497205908	1.2249399487568862	0.2927110245305316	False	relative_bottleneck	1.0530697973327552	0.3314823386725413	1.974034979682122	0.0	0.0	500
66	metastatic::AKT1+TP53	metastatic	AKT1+TP53	2	38	0.0034658883619117	0.0041476992943401	2	0.0041476992943401	0.0	metastatic::TP53	0.0465481685749011	0.0030185833506708	rule_a_one_step	True	True	True	stable	True	0.835617077112018	1.2208198789367606	0.2878503592657376	True	relative_bottleneck	1.0927959424329945	0.8026182874182536	1.514694895548638	0.0	0.0	500
67	metastatic::NF1+PIK3CA+PTEN+TP53	metastatic	NF1+PIK3CA+PTEN+TP53	4	5	0.0004560379423568	0.0005484050206594	4	0.0005484050206594	0.0	metastatic::PIK3CA+PTEN+TP53	0.1472477959549676	0.0002686023275355	rule_a_one_step	True	True	True	stable	True	0.8315714195629195	1.214909253969186	0.2808485576681601	False	relative_bottleneck	1.0405799900219153	0.2188889717258454	2.4902617141059284	0.002	0.004	500
68	metastatic::BRCA2+PIK3CA	metastatic	BRCA2+PIK3CA	2	13	0.0011856986501276	0.0014267542868289	2	0.0014267542868289	0.0	metastatic::PIK3CA	0.0263440469783095	0.0007304442066222	rule_a_one_step	True	True	True	stable	True	0.8310461445550636	1.2141418376620476	0.2799369689895554	True	relative_bottleneck	1.1054739106323346	0.5621028134770637	1.8893772836834284	0.0	0.0	500
69	primary::PTEN+RB1+TP53	primary	PTEN+RB1+TP53	3	12	0.0010944910616563	0.0013590687279592	3	0.0013590687279592	0.0	primary::PTEN+TP53	0.0868246195719692	0.0006731204545437	rule_a_one_step	True	True	True	stable	True	0.8053242917997777	1.1765627239425611	0.2345782343817858	True	relative_bottleneck	1.0435414739717204	0.4868501530958937	1.7582999078862265	0.0	0.0	500
70	metastatic::PIK3CA+TP53	metastatic	PIK3CA+TP53	2	264	0.0240788033564392	0.030457299245532	2	0.030457299245532	0.0	metastatic::TP53	0.4218396256332898	0.0273557072077042	rule_a_one_step	True	True	True	stable	True	0.7905757881398793	1.1550154543309783	0.2079121553101643	True	relative_bottleneck	1.0450443343549385	0.893573752777122	1.2171909120942632	0.0	0.0	500
71	primary::BRCA1+GATA3	primary	BRCA1+GATA3	2	6	0.0005472455308281	0.0006956201797709	2	0.0006956201797709	0.0	primary::GATA3	0.0197168060269206	0.0005970430135842	rule_a_one_step	True	True	True	stable	True	0.7867016310849845	1.1493553881639669	0.2008249576584371	False	relative_bottleneck	1.0266207088232262	0.3320567089612009	1.9639311305021725	0.0	0.0	500
72	metastatic::AKT1+NF1+TP53	metastatic	AKT1+NF1+TP53	3	6	0.0005472455308281	0.0007083080038136	3	0.0007083080038136	0.0	metastatic::AKT1+TP53	0.1491589343449834	0.0005169682146214	rule_a_one_step	True	True	True	stable	True	0.7726095527779901	1.1287671428971628	0.1747478984790387	False	relative_bottleneck	0.9843680890554254	0.2901067872697572	1.9706554175685629	0.0	0.0	500
73	primary::RB1+TP53	primary	RB1+TP53	2	78	0.0071141919007661	0.0092425653679676	2	0.0092425653679676	0.0	primary::TP53	0.0637733771517424	0.0083526604879516	rule_a_one_step	True	True	True	stable	True	0.769720485251033	1.1245462728777398	0.1693430264138628	True	relative_bottleneck	1.0199434175486242	0.7853767856011563	1.2574376626578758	0.0	0.0	500
74	metastatic::BRCA1+TP53	metastatic	BRCA1+TP53	2	29	0.0026450200656694	0.0035030692051807	2	0.0035030692051807	0.0	metastatic::TP53	0.0467155147938018	0.0030294355179125	rule_a_one_step	True	True	True	stable	True	0.7550578963734488	1.1031245230491011	0.1415956546151196	True	relative_bottleneck	0.9934334670356324	0.6525282485082426	1.3766213171386326	0.0	0.0	500
75	primary::GATA3+MAP3K1	primary	GATA3+MAP3K1	2	17	0.0015505290040131	0.0020754109993875	2	0.0020754109993875	0.0	primary::GATA3	0.0446019419017447	0.0013505878065832	rule_a_one_step	True	True	True	stable	True	0.7470949145608266	1.0914907654839026	0.1262999245138288	True	relative_bottleneck	0.97633085708446	0.5087540568766785	1.4660392393271726	0.0	0.0	500
76	metastatic::NF1+PIK3CA	metastatic	NF1+PIK3CA	2	12	0.0010944910616563	0.0014824596356065	2	0.0014824596356065	0.0	metastatic::PIK3CA	0.0451375532143788	0.001251533762967	rule_a_one_step	True	True	True	stable	True	0.7382940045246037	1.0786328115008552	0.1092038257306046	True	relative_bottleneck	0.955464850240453	0.4305438866226213	1.564597401752241	0.0	0.0	500
77	metastatic::BRCA2+MAP3K1+PIK3CA	metastatic	BRCA2+MAP3K1+PIK3CA	3	5	0.0004560379423568	0.0006186248457738	3	0.0006186248457738	0.0	metastatic::BRCA2+PIK3CA	0.3264346910282237	0.000387053172507	rule_a_one_step	True	True	True	stable	True	0.7371801257822869	1.0770054568804288	0.1070255596262144	False	relative_bottleneck	0.9820014057850386	0.1791020231575068	2.036298148507558	0.0	0.0	500
78	primary::GATA3+PIK3CA+RUNX1	primary	GATA3+PIK3CA+RUNX1	3	8	0.0007296607077708	0.0009972848768466	3	0.0009972848768466	0.0	primary::GATA3+PIK3CA	0.0412575542595062	0.0004327452334771	rule_a_one_step	True	True	True	stable	True	0.7316472193445555	1.0689219909574672	0.0961565702096069	False	relative_bottleneck	0.9458139916201024	0.3737330624421429	1.812336146402933	0.0	0.0	500
79	unknown::PIK3CA+TP53	unknown	PIK3CA+TP53	2	11	0.0010032834731849	0.0013921054388483	2	0.0013921054388483	0.0	unknown::TP53	0.4218396256332898	0.0012696741741972	rule_a_one_step	True	True	True	stable	True	0.7206950310418069	1.0529210623454477	0.0743972813478964	True	relative_bottleneck	0.9503197623913636	0.389554910555568	1.7557773058753956	0.0	0.0	500
80	metastatic::RB1+TP53	metastatic	RB1+TP53	2	37	0.0033746807734403	0.0047783230124165	2	0.0047783230124165	0.0	metastatic::TP53	0.0637733771517424	0.004135613932405	rule_a_one_step	True	True	True	stable	True	0.7062479376059212	1.0318141470579545	0.0451831323266539	True	relative_bottleneck	0.9363315486656963	0.6509764196394717	1.2571454010226293	0.0	0.0	500
81	metastatic::MAP3K1+TP53	metastatic	MAP3K1+TP53	2	25	0.002280189711784	0.0032759243849786	2	0.0032759243849786	0.0	metastatic::TP53	0.0451515948689937	0.0029280175074657	rule_a_one_step	True	True	True	stable	True	0.6960446710991031	1.0169073782486526	0.0241882819224902	True	relative_bottleneck	0.9128953737679968	0.5601387725099654	1.2892192089995764	0.0	0.0	500
82	metastatic::NF1+PIK3CA+TP53	metastatic	NF1+PIK3CA+TP53	3	30	0.0027362276541408	0.0039875214870173	3	0.0039875214870173	0.0	metastatic::PIK3CA+TP53	0.1129615547102432	0.0027199790627056	rule_a_one_step	True	True	True	stable	True	0.6861975947623749	1.002520996171789	0.003632451897868	True	relative_bottleneck	0.9227505959650404	0.5790953331082129	1.3444360968163909	0.0	0.0	500
83	primary::BRCA2+PIK3CA	primary	BRCA2+PIK3CA	2	21	0.0019153593578985	0.0027947298810339	2	0.0027947298810339	0.0	primary::PIK3CA	0.0263440469783095	0.0018405271785283	rule_a_one_step	True	True	True	stable	True	0.6853468631124454	1.0012780942035044	0.0018427228331831	True	relative_bottleneck	0.9074080257568616	0.5261422967051868	1.37522619398391	0.0	0.0	500
84	primary::AKT1+GATA3	primary	AKT1+GATA3	2	27	0.0024626048887267	0.0035978166119812	2	0.0035978166119812	0.0	primary::GATA3	0.0892783681099301	0.0027034310664444	rule_a_one_step	True	True	True	stable	True	0.6844720433613644	1.0	0.0	True	neutral	0.900546686652695	0.562139457943396	1.273637221028623	0.0	0.0	500
85	metastatic::ATM+TP53	metastatic	ATM+TP53	2	21	0.0019153593578985	0.0028066673273632	2	0.0028066673273632	0.0	metastatic::TP53	0.0375327579487004	0.0024339466345791	rule_a_one_step	True	True	True	stable	True	0.6824319143714024	0.9970194122466374	-0.004306500314731	True	fast_passing	0.9182100319805472	0.540187842433068	1.2881638964424025	0.0	0.0	500
86	primary::MAP3K1+PIK3CA	primary	MAP3K1+PIK3CA	2	158	0.014410798978475	0.0213566629193574	2	0.0213566629193574	0.0	primary::PIK3CA	0.2712121874694701	0.0189482429406798	rule_a_one_step	True	True	True	stable	True	0.6747682927906528	0.9858230140079096	-0.0205994338137768	True	fast_passing	0.9019264911156636	0.7360155688021983	1.0651217888285809	0.0	0.0	500
87	primary::MAP2K4+PIK3CA	primary	MAP2K4+PIK3CA	2	51	0.0046515870120394	0.0069070122549138	2	0.0069070122549138	0.0	primary::PIK3CA	0.0849792171044303	0.0059370740881059	rule_a_one_step	True	True	True	stable	True	0.6734586301127047	0.9839096229634536	-0.0234022920165256	True	fast_passing	0.8943189899963621	0.6443899813429991	1.1663351475003518	0.0	0.0	500
88	primary::BRCA1+PIK3CA	primary	BRCA1+PIK3CA	2	10	0.0009120758847136	0.001363766515422	2	0.001363766515422	0.0	primary::PIK3CA	0.0166294092908491	0.0011618138924471	rule_a_one_step	True	True	True	stable	True	0.6687918157035622	0.9770915002155554	-0.0334344244786526	True	fast_passing	0.8868944545867077	0.4122040732423164	1.5678475119624598	0.0	0.0	500
89	primary::BRCA2+RB1+TP53	primary	BRCA2+RB1+TP53	3	7	0.0006384531192995	0.0009618149978911	3	0.0009618149978911	0.0	primary::RB1+TP53	0.087156010916584	0.0006200445869658	rule_a_one_step	True	True	True	stable	True	0.6638003358604206	0.9697990477457232	-0.0442422577474657	False	fast_passing	0.8327926976505384	0.2890431949245959	1.650569649491482	0.0	0.0	500
90	metastatic::BRCA2+TP53	metastatic	BRCA2+TP53	2	32	0.0029186428310835	0.0044333469882602	2	0.0044333469882602	0.0	metastatic::TP53	0.060238704991534	0.0039063954076049	rule_a_one_step	True	True	True	stable	True	0.6583384603447376	0.9618193565827938	-0.0561621341915222	True	fast_passing	0.8645650854817104	0.5829120946148318	1.1913936816315784	0.0	0.0	500
91	primary::PIK3CA+TP53	primary	PIK3CA+TP53	2	452	0.041225829989055	0.063065259791963	2	0.063065259791963	0.0	primary::TP53	0.4218396256332898	0.0552500640650678	rule_a_one_step	True	True	True	stable	True	0.6537011046080733	0.95504427236768	-0.0663604821108587	True	fast_passing	0.870661560644892	0.7556237725936624	0.9847994272385444	0.0	0.0	500
92	primary::ESR1	primary	ESR1	1	25	0.002280189711784	0.0035031863360759	1	0.0035031863360759	0.0	primary::WT	0.0321144941377399	0.0035031863360759	rule_a_one_step	True	True	True	stable	True	0.6508902160446433	0.9509376202542844	-0.0725773888188549	True	fast_passing	0.8401411004938995	0.520250947518327	1.2012420734870335	0.0	0.0	500
93	metastatic::GATA3+TP53	metastatic	GATA3+TP53	2	38	0.0034658883619117	0.0053361395463998	2	0.0053361395463998	0.0	metastatic::TP53	0.0648174061220533	0.0042033177446898	rule_a_one_step	True	True	True	stable	True	0.6495123171208189	0.9489245374159296	-0.0756347324297897	True	fast_passing	0.8654776924150709	0.6054056436075091	1.1089089134653174	0.0	0.0	500
94	primary::PTEN+TP53	primary	PTEN+TP53	2	85	0.0077526450200656	0.0119654915467961	2	0.0119654915467961	0.0	primary::TP53	0.0653363567784197	0.0085573703332552	rule_a_one_step	True	True	True	stable	True	0.6479169693194604	0.9465937661056452	-0.0791826738020905	True	fast_passing	0.8564587286962446	0.6810227313271158	1.0818148549180462	0.0	0.0	500
95	metastatic::AKT1+GATA3	metastatic	AKT1+GATA3	2	13	0.0011856986501276	0.0018495934793656	2	0.0018495934793656	0.0	metastatic::GATA3	0.0892783681099301	0.0013680012625381	rule_a_one_step	True	True	True	stable	True	0.64105905579494	0.9365744912630352	-0.0945343498564468	True	fast_passing	0.8263792416113618	0.3828261689810067	1.3296247899355809	0.0	0.0	500
96	primary::AKT1+CBFB+GATA3	primary	AKT1+CBFB+GATA3	3	10	0.0009120758847136	0.001426130999763	3	0.001426130999763	0.0	primary::AKT1+GATA3	0.3981185278533355	0.0009804086329843	rule_a_one_step	True	True	True	stable	True	0.6395456548000217	0.934363442602105	-0.0979442656698589	True	fast_passing	0.8441780015791713	0.3417556137684364	1.4838427468657729	0.0	0.0	500
97	primary::PIK3CA+RUNX1	primary	PIK3CA+RUNX1	2	27	0.0024626048887267	0.0038586393751823	2	0.0038586393751823	0.0	primary::PIK3CA	0.05007251855858	0.0034983171484743	rule_a_one_step	True	True	True	stable	True	0.6382055042322234	0.9324055093588174	-0.1009705658590624	True	fast_passing	0.8253353810467041	0.5351518908878793	1.1829901955176974	0.0	0.0	500
98	primary::AKT1+TP53	primary	AKT1+TP53	2	57	0.0051988325428675	0.0081935339578618	2	0.0081935339578618	0.0	primary::TP53	0.0465481685749011	0.0060966043481902	rule_a_one_step	True	True	True	stable	True	0.6345043016810413	0.926998126271254	-0.1093616721335375	True	fast_passing	0.8418930489413998	0.6129437968109958	1.0758539435185774	0.0	0.0	500
99	metastatic::ESR1+PIK3CA+TP53	metastatic	ESR1+PIK3CA+TP53	3	13	0.0011856986501276	0.0019293899987524	3	0.0019293899987524	0.0	metastatic::ESR1+TP53	0.4614894940008687	0.0011785576278752	rule_a_one_step	True	True	True	stable	True	0.6145458669734226	0.8978392513380937	-0.1554709261534128	True	fast_passing	0.8077233189136781	0.393376632704448	1.335395716888571	0.0	0.0	500
100	primary::CBFB+PIK3CA	primary	CBFB+PIK3CA	2	48	0.0043779642466253	0.0071987585082148	2	0.0071987585082148	0.0	primary::PIK3CA	0.1003093895702819	0.0070081167831845	rule_a_one_step	True	True	True	stable	True	0.6081554536134613	0.888502984909185	-0.1705514719182201	True	fast_passing	0.8056407808113106	0.5576058828231871	1.0588270110638855	0.0	0.0	500
101	primary::NF1+TP53	primary	NF1+TP53	2	59	0.0053812477198102	0.0090719687057182	2	0.0090719687057182	0.0	primary::TP53	0.0606736743107806	0.0079466797072492	rule_a_one_step	True	True	True	stable	True	0.5931730910651423	0.8666140521271499	-0.2065384648206343	True	fast_passing	0.7770151098324333	0.5743631573906746	1.020572160867189	0.0	0.0	500
102	metastatic::GATA3+MAP3K1	metastatic	GATA3+MAP3K1	2	6	0.0005472455308281	0.000944841617722	2	0.000944841617722	0.0	metastatic::GATA3	0.0446019419017447	0.0006834299744156	rule_a_one_step	True	True	True	stable	True	0.5791928721009544	0.8461892311285704	-0.240947769269046	False	fast_passing	0.7352638338791717	0.2355387811276331	1.44164327821646	0.0	0.0	500
103	primary::CBFB+TP53	primary	CBFB+TP53	2	6	0.0005472455308281	0.0009460803186868	2	0.0009460803186868	0.0	primary::TP53	0.0057215478407868	0.0007493745621461	rule_a_one_step	True	True	True	stable	True	0.5784345360965518	0.8450813173550896	-0.2428379244979685	False	fast_passing	0.7453656605309604	0.2299719518024595	1.4384400375563104	0.0	0.0	500
104	primary::ATM+PIK3CA	primary	ATM+PIK3CA	2	20	0.0018241517694272	0.0031605744195562	2	0.0031605744195562	0.0	primary::PIK3CA	0.0368366535275072	0.0025735932690688	rule_a_one_step	True	True	True	stable	True	0.5771583031119293	0.8432167664256535	-0.246024541243997	True	fast_passing	0.7573251541739245	0.4256633944663519	1.1487175734073083	0.0	0.0	500
105	metastatic::PIK3CA+PTEN	metastatic	PIK3CA+PTEN	2	10	0.0009120758847136	0.0016263198641705	2	0.0016263198641705	0.0	metastatic::PIK3CA	0.0297303770653685	0.0008243373429288	rule_a_one_step	True	True	True	stable	True	0.5608219540612663	0.8193496863759892	-0.2874487906028041	True	fast_passing	0.7367031725789159	0.2932707795986563	1.2603927275997564	0.0	0.0	500
106	primary::RUNX1+TP53	primary	RUNX1+TP53	2	26	0.0023713973002553	0.0042939052034001	2	0.0042939052034001	0.0	primary::TP53	0.0278395666331962	0.0036462621019034	rule_a_one_step	True	True	True	stable	True	0.5522705293599169	0.8068562254899108	-0.3096164737412448	True	fast_passing	0.7335515042950129	0.4688896910703937	1.0	0.0	0.0	500
107	metastatic::ESR1+MAP3K1+PIK3CA	metastatic	ESR1+MAP3K1+PIK3CA	3	17	0.0015505290040131	0.0028656343533993	3	0.0028656343533993	0.0	metastatic::ESR1+PIK3CA	0.3543072935793031	0.0019066153156857	rule_a_one_step	True	True	True	stable	True	0.5410770573826857	0.7905027862431281	-0.3391575473042734	True	fast_passing	0.7033835538977439	0.3837143528630413	1.148628101945273	0.0	0.0	500
108	primary::PIK3CA+PTEN+TP53	primary	PIK3CA+PTEN+TP53	3	31	0.0028274352426121	0.0053356119855222	3	0.0053356119855222	0.0	primary::PTEN+TP53	0.4688889553519781	0.0036351296246733	rule_a_one_step	True	True	True	stable	True	0.5299177019907514	0.7741991906468317	-0.3692232954596861	True	fast_passing	0.6898519494285795	0.4747494780763641	1.0384507561291685	0.0	0.0	500
109	primary::BRCA1+BRCA2+TP53	primary	BRCA1+BRCA2+TP53	3	6	0.0005472455308281	0.0010358011977655	3	0.0010358011977655	0.0	primary::BRCA1+TP53	0.1142713957736272	0.0007608365461031	rule_a_one_step	True	True	True	stable	True	0.5283306598605524	0.7718805537564114	-0.3735504829327957	False	fast_passing	0.6956284971996054	0.2035600221107148	1.3745648196646767	0.0	0.0	500
110	primary::GATA3+PIK3CA	primary	GATA3+PIK3CA	2	115	0.0104888726742064	0.0201215401791702	2	0.0201215401791702	0.0	primary::GATA3	0.3705118826851168	0.0112194404461381	rule_a_one_step	True	True	True	stable	True	0.5212758357604896	0.7615735964913385	-0.392944633141877	True	fast_passing	0.6901789795811353	0.5511001626166652	0.8432109952074891	0.0	0.0	500
111	primary::BRCA2+TP53	primary	BRCA2+TP53	2	49	0.0044691718350966	0.0086118288261685	2	0.0086118288261685	0.0	primary::TP53	0.060238704991534	0.0078897099934187	rule_a_one_step	True	True	True	stable	True	0.5189573463185166	0.7581863296709331	-0.3993756503726708	True	fast_passing	0.6985425605171143	0.4926818886335403	0.911284533893125	0.0	0.0	500
112	primary::MAP2K4+TP53	primary	MAP2K4+TP53	2	24	0.0021889821233126	0.0042571024155916	2	0.0042571024155916	0.0	primary::TP53	0.0271582833284396	0.0035570316362312	rule_a_one_step	True	True	True	stable	True	0.5141953162276094	0.7512290987115481	-0.4126751483043787	True	fast_passing	0.6946756523188944	0.4369525624063331	0.9910903290496228	0.0	0.0	500
113	primary::PIK3CA+RB1	primary	PIK3CA+RB1	2	13	0.0011856986501276	0.0023095945335456	2	0.0023095945335456	0.0	primary::PIK3CA	0.0303763076217837	0.0021222411198728	rule_a_one_step	True	True	True	stable	True	0.5133795704798726	0.7500373104483916	-0.4149657309321445	True	fast_passing	0.6737439388324211	0.344827981186779	1.0861272868342078	0.0	0.0	500
114	primary::BRCA2+GATA3	primary	BRCA2+GATA3	2	6	0.0005472455308281	0.00108008329349	2	0.00108008329349	0.0	primary::GATA3	0.0239345408267357	0.0007247599009919	rule_a_one_step	True	True	True	stable	True	0.5066697481757892	0.7402343939243913	-0.4339459249458264	False	fast_passing	0.6612203424719474	0.213354911207328	1.276386156398363	0.0	0.0	500
115	primary::MAP3K1+TP53	primary	MAP3K1+TP53	2	38	0.0034658883619117	0.0068783402557517	2	0.0068783402557517	0.0	primary::TP53	0.0451515948689937	0.0059136893681024	rule_a_one_step	True	True	True	stable	True	0.5038844012564831	0.7361650576435002	-0.4418988216131103	True	fast_passing	0.6721075892904458	0.4741495681093363	0.9188323572160114	0.0	0.0	500
116	metastatic::AKT1+PIK3CA	metastatic	AKT1+PIK3CA	2	5	0.0004560379423568	0.0009083292128837	2	0.0009083292128837	0.0	metastatic::PIK3CA	0.0202169201755124	0.0005605567068	rule_a_one_step	True	True	True	stable	True	0.5020623969660927	0.7335031457245812	-0.4471249417882585	False	fast_passing	0.6678220120156446	0.1371441380750637	1.353344652822172	0.0	0.0	500
117	metastatic::ATM+PIK3CA	metastatic	ATM+PIK3CA	2	8	0.0007296607077708	0.0014616096928876	2	0.0014616096928876	0.0	metastatic::PIK3CA	0.0368366535275072	0.001021373830022	rule_a_one_step	True	True	True	stable	True	0.49921720608605	0.7293463786109526	-0.4553239579439574	False	fast_passing	0.6317090988795844	0.2572472912974237	1.2087265665078757	0.0	0.0	500
118	metastatic::BRCA1+PIK3CA+TP53	metastatic	BRCA1+PIK3CA+TP53	3	10	0.0009120758847136	0.001832013251505	3	0.001832013251505	0.0	metastatic::PIK3CA+TP53	0.0415466466585812	0.0010003935350114	rule_a_one_step	True	True	True	stable	True	0.497854414244244	0.7273553669180374	-0.4592676952164942	True	fast_passing	0.6535695299947474	0.2740281376879998	1.1440957563933944	0.0	0.0	500
119	metastatic::MAP3K1+PIK3CA	metastatic	MAP3K1+PIK3CA	2	45	0.0041043414812112	0.0083885397973856	2	0.0083885397973856	0.0	metastatic::PIK3CA	0.2712121874694701	0.0075199293132724	rule_a_one_step	True	True	True	stable	True	0.4892796100223675	0.7148277490188949	-0.4843324551989101	True	fast_passing	0.6442965457013965	0.436760165818277	0.8890948797113276	0.0	0.0	500
120	metastatic::PIK3CA+PTEN+TP53	metastatic	PIK3CA+PTEN+TP53	3	20	0.0018241517694272	0.0037632760058603	3	0.0037632760058603	0.0	metastatic::PTEN+TP53	0.4688889553519781	0.0029081036997386	rule_a_one_step	True	True	True	stable	True	0.4847244172635361	0.7081727032752274	-0.4978268591907633	True	fast_passing	0.6366304525520079	0.3661954205840608	0.997361087283333	0.0	0.0	500
121	metastatic::NF1+TP53	metastatic	NF1+TP53	2	23	0.0020977745348412	0.0043364914850261	2	0.0043364914850261	0.0	metastatic::TP53	0.0606736743107806	0.0039346025570015	rule_a_one_step	True	True	True	stable	True	0.4837492571128351	0.7067480137496888	-0.5007321713869791	True	fast_passing	0.638370927791972	0.3823305357636083	0.92297012534084	0.0	0.0	500
122	metastatic::MAP2K4+PIK3CA	metastatic	MAP2K4+PIK3CA	2	15	0.0013681138270704	0.0028827656985143	2	0.0028827656985143	0.0	metastatic::PIK3CA	0.0849792171044303	0.0023562278365329	rule_a_one_step	True	True	True	stable	True	0.4745837746372862	0.6933574267060775	-0.5283288394911663	True	fast_passing	0.6399431197119425	0.3410029410419652	0.9552161796527786	0.0	0.0	500
123	metastatic::ESR1+MAP2K4+PIK3CA	metastatic	ESR1+MAP2K4+PIK3CA	3	5	0.0004560379423568	0.0009737482099653	3	0.0009737482099653	0.0	metastatic::ESR1+PIK3CA	0.1111534771520428	0.0005981443954734	rule_a_one_step	True	True	True	stable	True	0.4683325085698354	0.6842244516955107	-0.5474584331821298	False	fast_passing	0.6222498952230062	0.1368571264576798	1.3042627324713516	0.0	0.0	500
124	metastatic::MAP2K4+PIK3CA+TP53	metastatic	MAP2K4+PIK3CA+TP53	3	14	0.001276906238599	0.0027485683044869	3	0.0027485683044869	0.0	metastatic::PIK3CA+TP53	0.0991687469026973	0.0023878647557745	rule_a_one_step	True	True	True	stable	True	0.4645714047018432	0.6787295539791309	-0.5590912610012259	True	fast_passing	0.6128858888696795	0.3160014391881151	1.0040190915653768	0.0	0.0	500
125	primary::GATA3+PIK3CA+TP53	primary	GATA3+PIK3CA+TP53	3	21	0.0019153593578985	0.0041647844083067	3	0.0041647844083067	0.0	primary::PIK3CA+TP53	0.0497883414097726	0.0020525656983963	rule_a_one_step	True	True	True	stable	True	0.4598939992232106	0.6718959578900017	-0.573690243813389	True	fast_passing	0.5994127156758867	0.3532759555605959	0.8909374981181156	0.0	0.0	500
126	primary::NF1+PIK3CA	primary	NF1+PIK3CA	2	19	0.0017329441809558	0.0038001281750772	2	0.0038001281750772	0.0	primary::PIK3CA	0.0451375532143788	0.0031535357316868	rule_a_one_step	True	True	True	stable	True	0.4560225604665551	0.6662398631024873	-0.5858864175791919	True	fast_passing	0.6093385671659057	0.3604479514182054	0.9193466635928472	0.0	0.0	500
127	primary::CBFB+GATA3+PIK3CA	primary	CBFB+GATA3+PIK3CA	3	41	0.0037395111273257	0.0082711593388423	3	0.0082711593388423	0.0	primary::GATA3+PIK3CA	0.5826355427665642	0.0061111900235456	rule_a_one_step	True	True	True	stable	True	0.4521145070090093	0.6605302749674427	-0.5983034069286407	True	fast_passing	0.5913345171658209	0.3972948812645833	0.8402542043683655	0.0	0.0	500
128	primary::NF1+PTEN+TP53	primary	NF1+PTEN+TP53	3	5	0.0004560379423568	0.0010269210873235	3	0.0010269210873235	0.0	primary::PTEN+TP53	0.0827816452566907	0.0006417767098521	rule_a_one_step	True	True	True	stable	True	0.4440827513838171	0.6487960402341303	-0.6241630804370105	False	fast_passing	0.5586693707897759	0.1131970717692336	1.1880493446261104	0.0	0.0	500
129	primary::ATM+TP53	primary	ATM+TP53	2	25	0.002280189711784	0.0054127800056469	2	0.0054127800056469	0.0	primary::TP53	0.0375327579487004	0.0049158190819348	rule_a_one_step	True	True	True	stable	True	0.4212603706383659	0.6154529972759796	-0.7002794139471928	True	fast_passing	0.5698602604064986	0.3548885175726299	0.8027030788000321	0.0	0.0	500
130	metastatic::GATA3+PIK3CA	metastatic	GATA3+PIK3CA	2	42	0.0038307187157971	0.0092102554106297	2	0.0092102554106297	0.0	metastatic::GATA3	0.3705118826851168	0.0056773072137084	rule_a_one_step	True	True	True	stable	True	0.4159188366220661	0.6076491226428125	-0.7186895921827146	True	fast_passing	0.5445686826463367	0.3670763985978293	0.7399741957703959	0.0	0.0	500
131	primary::GATA3+TP53	primary	GATA3+TP53	2	48	0.0043779642466253	0.0107280728953869	2	0.0107280728953869	0.0	primary::TP53	0.0648174061220533	0.0084894012396268	rule_a_one_step	True	True	True	stable	True	0.4080848712446515	0.5962038555155491	-0.7461223899454367	True	fast_passing	0.5415712811854412	0.3889034879371532	0.6988827774203753	0.0	0.0	500
132	primary::AKT1+PIK3CA	primary	AKT1+PIK3CA	2	9	0.0008208682962422	0.0020583186117973	2	0.0020583186117973	0.0	primary::PIK3CA	0.0202169201755124	0.0014124553862132	rule_a_one_step	True	True	True	stable	True	0.3988052632564337	0.5826465333747546	-0.7793071672022732	False	fast_passing	0.5054247610635842	0.2071567217913876	0.9022446273841463	0.0	0.0	500
133	unknown::ESR1	unknown	ESR1	1	5	0.0004560379423568	0.0011745633116776	1	0.0011745633116776	0.0	unknown::WT	0.0321144941377399	0.0011745633116776	rule_a_one_step	True	True	True	stable	True	0.388261694737576	0.5672425901149549	-0.8179622367794911	False	fast_passing	0.4867025277688562	0.1024959327417589	0.9929941538948392	0.0	0.0	500
134	primary::GATA3+MAP3K1+PIK3CA	primary	GATA3+MAP3K1+PIK3CA	3	20	0.0018241517694272	0.0049642569681592	3	0.0049642569681592	0.0	primary::MAP3K1+PIK3CA	0.1920878415762508	0.0027681392711645	rule_a_one_step	True	True	True	stable	True	0.3674571604088698	0.5368475805152384	-0.897415552389245	True	fast_passing	0.474392291732056	0.2699605141444114	0.7334873397097483	0.0	0.0	500
135	primary::MAP3K1+PIK3CA+PTEN	primary	MAP3K1+PIK3CA+PTEN	3	8	0.0007296607077708	0.001987031443787	3	0.001987031443787	0.0	primary::PIK3CA+PTEN	0.2862430531574239	0.0010704090824018	rule_a_one_step	True	True	True	stable	True	0.3672114548992952	0.5364886096676229	-0.8983805538225784	False	fast_passing	0.465763625387117	0.1613264806167862	0.8970224579812973	0.0	0.0	500
136	primary::NF1+PIK3CA+TP53	primary	NF1+PIK3CA+TP53	3	31	0.0028274352426121	0.0077880052001921	3	0.0077880052001921	0.0	primary::PIK3CA+TP53	0.1129615547102432	0.0046569338497838	rule_a_one_step	True	True	True	stable	True	0.3630499941344876	0.530408798512194	-0.9148233875653924	True	fast_passing	0.4716646804138326	0.3196919371709172	0.6770460218113885	0.0	0.0	500
137	metastatic::ESR1+GATA3+PIK3CA	metastatic	ESR1+GATA3+PIK3CA	3	14	0.001276906238599	0.0035407897055584	3	0.0035407897055584	0.0	metastatic::ESR1+GATA3	0.5072158483022202	0.0024056205866212	rule_a_one_step	True	True	True	stable	True	0.3606275278743351	0.5268696236347863	-0.92448209053135	True	fast_passing	0.4770816231545436	0.2431208022557053	0.7966790234701596	0.0	0.0	500
138	metastatic::BRCA2+PIK3CA+TP53	metastatic	BRCA2+PIK3CA+TP53	3	10	0.0009120758847136	0.0025884682109336	3	0.0025884682109336	0.0	metastatic::PIK3CA+TP53	0.056523585297295	0.0013610202953744	rule_a_one_step	True	True	True	stable	True	0.3523612461256635	0.5147927509139125	-0.9579363565855136	True	fast_passing	0.4585270081024718	0.1864651603969878	0.7947239932507002	0.0	0.0	500
139	metastatic::CBFB+PIK3CA	metastatic	CBFB+PIK3CA	2	11	0.0010032834731849	0.0028766100297319	2	0.0028766100297319	0.0	metastatic::PIK3CA	0.1003093895702819	0.0027812891672168	rule_a_one_step	True	True	True	stable	True	0.348772848062993	0.5095501729335931	-0.9727038863202144	True	fast_passing	0.4572882641938157	0.2212444381562605	0.8098664476171544	0.0	0.0	500
140	primary::CBFB+MAP3K1+PIK3CA	primary	CBFB+MAP3K1+PIK3CA	3	15	0.0013681138270704	0.0039769949659986	3	0.0039769949659986	0.0	primary::MAP3K1+PIK3CA	0.1721892961111219	0.0024813853325024	rule_a_one_step	True	True	True	stable	True	0.3440069294588243	0.5025872609339096	-0.9925539911586329	True	fast_passing	0.4574944938457619	0.2338924518355589	0.7093591241978006	0.0	0.0	500
141	metastatic::CBFB+GATA3	metastatic	CBFB+GATA3	2	7	0.0006384531192995	0.0018596881504567	2	0.0018596881504567	0.0	metastatic::GATA3	0.1177547911498206	0.0018043419293296	rule_a_one_step	True	True	True	stable	True	0.3433119250662594	0.5015718733818457	-0.9954716464090048	False	fast_passing	0.4402881426617885	0.1283831255272758	0.8190121484090072	0.0	0.0	500
142	metastatic::PIK3CA+RUNX1+TP53	metastatic	PIK3CA+RUNX1+TP53	3	12	0.0010944910616563	0.003396360792525	3	0.003396360792525	0.0	metastatic::PIK3CA+TP53	0.1079907578379859	0.0026002882222937	rule_a_one_step	True	True	True	stable	True	0.3222540619780207	0.4708067555184105	-1.0867930734001592	True	fast_passing	0.4217808486834242	0.207401609326011	0.6585833606172407	0.0	0.0	500
143	primary::MAP3K1+NF1+PIK3CA	primary	MAP3K1+NF1+PIK3CA	3	6	0.0005472455308281	0.0017138997863675	3	0.0017138997863675	0.0	primary::MAP3K1+PIK3CA	0.0782815735091849	0.0011281000195595	rule_a_one_step	True	True	True	stable	True	0.3192984414034521	0.4664886528241735	-1.1000861064435437	False	fast_passing	0.4146872324213593	0.1244521852809157	0.7544004588646644	0.0	0.0	500
144	primary::ATM+PIK3CA+TP53	primary	ATM+PIK3CA+TP53	3	13	0.0011856986501276	0.003810665469347	3	0.003810665469347	0.0	primary::PIK3CA+TP53	0.0677443765864323	0.0027928181518667	rule_a_one_step	True	True	True	stable	True	0.3111526475767289	0.4545878105535088	-1.1373690950469897	True	fast_passing	0.4091695594330734	0.2084763591110739	0.6546263900889246	0.0	0.0	500
145	metastatic::PIK3CA+RUNX1	metastatic	PIK3CA+RUNX1	2	5	0.0004560379423568	0.0014884555820092	2	0.0014884555820092	0.0	metastatic::PIK3CA	0.05007251855858	0.0013883660745903	rule_a_one_step	True	True	True	stable	True	0.3063833060001904	0.4476198976594819	-1.1596539262749694	False	fast_passing	0.3863155850935642	0.0809797871080087	0.8566770625472144	0.0	0.0	500
146	metastatic::MAP2K4+TP53	metastatic	MAP2K4+TP53	2	7	0.0006384531192995	0.0021412149504911	2	0.0021412149504911	0.0	metastatic::TP53	0.0271582833284396	0.0017611765274097	rule_a_one_step	True	True	True	stable	True	0.2981732958920888	0.4356252366828508	-1.1988405600645056	False	fast_passing	0.3765088501844584	0.1582053699048149	0.7014458037666941	0.0	0.0	500
147	metastatic::MAP3K1+PIK3CA+TP53	metastatic	MAP3K1+PIK3CA+TP53	3	23	0.0020977745348412	0.0070946319760741	3	0.0070946319760741	0.0	metastatic::PIK3CA+TP53	0.2300463593631894	0.0055392410499709	rule_a_one_step	True	True	True	stable	True	0.2956847573799637	0.4319895315634653	-1.210931743018216	True	fast_passing	0.3866540455708052	0.2310759402458969	0.5782656904081488	0.0	0.0	500
148	metastatic::GATA3+PIK3CA+TP53	metastatic	GATA3+PIK3CA+TP53	3	9	0.0008208682962422	0.0028431078419575	3	0.0028431078419575	0.0	metastatic::GATA3+TP53	0.4675172213766773	0.0016203624965627	rule_a_one_step	True	True	True	stable	True	0.2887221806501455	0.4218173458659665	-1.2453096723961772	False	fast_passing	0.3713713805647803	0.176566095213547	0.7078065861832505	0.0	0.0	500
149	primary::ESR1+TP53	primary	ESR1+TP53	2	12	0.0010944910616563	0.0038175384685443	2	0.0038175384685443	0.0	primary::TP53	0.0266534210233595	0.0034909077516913	rule_a_one_step	True	True	True	stable	True	0.2867007288565608	0.4188640451238974	-1.2554460448860834	True	fast_passing	0.3839721911932194	0.1884090508399271	0.5968688080570689	0.0	0.0	500
150	primary::ESR1+PIK3CA+TP53	primary	ESR1+PIK3CA+TP53	3	5	0.0004560379423568	0.0015937341797988	3	0.0015937341797988	0.0	primary::PIK3CA+TP53	0.0259395971723324	0.0010693814230111	rule_a_one_step	True	True	True	stable	True	0.2861442942311786	0.4180511052371936	-1.258248777544098	False	fast_passing	0.3706382930818915	0.079685340665727	0.8235556744320283	0.0	0.0	500
151	primary::BRCA2+PIK3CA+TP53	primary	BRCA2+PIK3CA+TP53	3	13	0.0011856986501276	0.0042131299212643	3	0.0042131299212643	0.0	primary::PIK3CA+TP53	0.056523585297295	0.0023302317178381	rule_a_one_step	True	True	True	stable	True	0.2814294056923941	0.4111627471449766	-1.282218537903851	True	fast_passing	0.3662658757328375	0.1811436962841628	0.6065575117525289	0.0	0.0	500
152	primary::MAP3K1+PIK3CA+RUNX1	primary	MAP3K1+PIK3CA+RUNX1	3	8	0.0007296607077708	0.002710818232991	3	0.002710818232991	0.0	primary::MAP3K1+PIK3CA	0.1272283756341535	0.0018334625456216	rule_a_one_step	True	True	True	stable	True	0.2691662239177956	0.3932464832251598	-1.3464942311060526	False	fast_passing	0.3479398044068391	0.1308596701869604	0.6629458849838156	0.0	0.0	500
153	metastatic::PIK3CA+RB1+TP53	metastatic	PIK3CA+RB1+TP53	3	11	0.0010032834731849	0.0037353275728915	3	0.0037353275728915	0.0	metastatic::PIK3CA+TP53	0.104808053222463	0.0025236525037149	rule_a_one_step	True	True	True	stable	True	0.2685931697657553	0.3924092625415712	-1.3495689991378628	True	fast_passing	0.3444972925490174	0.1456071340551205	0.6139418050075612	0.0	0.0	500
154	primary::PIK3CA+RUNX1+TP53	primary	PIK3CA+RUNX1+TP53	3	16	0.0014593214155417	0.0056980966359674	3	0.0056980966359674	0.0	primary::PIK3CA+TP53	0.1079907578379859	0.004452008623018	rule_a_one_step	True	True	True	stable	True	0.256106821017067	0.3741669561248338	-1.4182459396753553	True	fast_passing	0.333631740714698	0.1946967845993776	0.5336746850609941	0.0	0.0	500
155	primary::MAP2K4+PIK3CA+TP53	primary	MAP2K4+PIK3CA+TP53	3	14	0.001276906238599	0.0053231212989964	3	0.0053231212989964	0.0	primary::PIK3CA+TP53	0.0991687469026973	0.0040883139000382	rule_a_one_step	True	True	True	stable	True	0.2398792299923529	0.3504587693813371	-1.5126833702177056	True	fast_passing	0.3141449287482059	0.1653118225045913	0.501899019596144	0.0	0.0	500
156	metastatic::CBFB+GATA3+PIK3CA	metastatic	CBFB+GATA3+PIK3CA	3	7	0.0006384531192995	0.0026755705423809	3	0.0026755705423809	0.0	metastatic::GATA3+PIK3CA	0.5826355427665642	0.0022319128781645	rule_a_one_step	True	True	True	stable	True	0.2386231680113957	0.3486236878858404	-1.5202574954915116	False	fast_passing	0.3052644095241169	0.1097094857059618	0.604682751434894	0.0	0.0	500
157	primary::MAP3K1+PIK3CA+TP53	primary	MAP3K1+PIK3CA+TP53	3	32	0.0029186428310835	0.0122553899771732	3	0.0122553899771732	0.0	primary::PIK3CA+TP53	0.2300463593631894	0.0094838521007079	rule_a_one_step	True	True	True	stable	True	0.2381517712844407	0.347934986672216	-1.5231103381467153	True	fast_passing	0.3197318067227304	0.2062725676089863	0.4530129229698085	0.0	0.0	500
158	primary::GATA3+MAP2K4+PIK3CA	primary	GATA3+MAP2K4+PIK3CA	3	5	0.0004560379423568	0.0020205477517341	3	0.0020205477517341	0.0	primary::MAP2K4+PIK3CA	0.1824904888387193	0.0008488703877029	rule_a_one_step	True	True	True	stable	True	0.2257001556828893	0.3297434246905126	-1.6005842034498736	False	fast_passing	0.2961514493266416	0.0600442975557599	0.589541717028705	0.0	0.0	500
159	metastatic::ATM+PIK3CA+TP53	metastatic	ATM+PIK3CA+TP53	3	6	0.0005472455308281	0.0024542557473474	3	0.0024542557473474	0.0	metastatic::PIK3CA+TP53	0.0677443765864323	0.0016312035223292	rule_a_one_step	True	True	True	stable	True	0.2229782007016343	0.3257667027664325	-1.6180889440892308	False	fast_passing	0.2905786067287005	0.0916400349027315	0.5654853949688556	0.0	0.0	500
160	primary::ESR1+GATA3	primary	ESR1+GATA3	2	9	0.0008208682962422	0.003919981486817	2	0.003919981486817	0.0	primary::GATA3	0.1145510037831362	0.0034687097095951	rule_a_one_step	True	True	True	stable	True	0.2094061665325291	0.3059382316101024	-1.7086876901558972	False	fast_passing	0.2671796849418324	0.1068281175534867	0.4930092122164885	0.0	0.0	500
161	primary::ESR1+PIK3CA	primary	ESR1+PIK3CA	2	9	0.0008208682962422	0.0041851352458307	2	0.0041851352458307	0.0	primary::PIK3CA	0.0488754880623761	0.003414686597572	rule_a_one_step	True	True	True	stable	True	0.1961390129181256	0.2865551848617648	-1.8031150946145087	False	fast_passing	0.2593080912082368	0.1119086221577082	0.4287693667742026	0.0	0.0	500
162	primary::BRCA1+PIK3CA+TP53	primary	BRCA1+PIK3CA+TP53	3	8	0.0007296607077708	0.0038055175684647	3	0.0038055175684647	0.0	primary::BRCA1+TP53	0.2998278037569149	0.0019962996784252	rule_a_one_step	True	True	True	stable	True	0.1917375743120035	0.2801247708677802	-1.8358585312250624	False	fast_passing	0.2484839035664137	0.0930302639795833	0.4607346809625763	0.0	0.0	500
163	primary::CBFB+PIK3CA+TP53	primary	CBFB+PIK3CA+TP53	3	5	0.0004560379423568	0.0025427653075133	3	0.0025427653075133	0.0	primary::PIK3CA+TP53	0.050237202055221	0.0020710703510543	rule_a_one_step	True	True	True	stable	True	0.1793472409073515	0.2620227409531551	-1.9322360661911009	False	fast_passing	0.2354365167477795	0.0498754867222329	0.4775801045758678	0.0	0.0	500
164	unknown::TP53	unknown	TP53	1	33	0.0030098504195549	0.0174685023358745	1	0.0174685023358745	0.0	unknown::WT	0.4776176050137856	0.0174685023358745	rule_a_one_step	True	True	True	stable	True	0.1723015723678481	0.2517291597794042	-1.9900557499320837	True	fast_passing	0.2276127603521905	0.1458504541483027	0.3286470019789561	0.0	0.0	500
165	unknown::PIK3CA	unknown	PIK3CA	1	12	0.0010944910616563	0.0066681700032128	1	0.0066681700032128	0.0	unknown::WT	0.1823187429307362	0.0066681700032128	rule_a_one_step	True	True	True	stable	True	0.1641366463309804	0.2398003657314096	-2.060094235807917	True	fast_passing	0.219002707851467	0.107301219765138	0.3570296366635767	0.0	0.0	500
166	unknown::GATA3	unknown	GATA3	1	6	0.0005472455308281	0.0038796477243716	1	0.0038796477243716	0.0	unknown::WT	0.1060759542394287	0.0038796477243716	rule_a_one_step	True	True	True	stable	True	0.1410554693534036	0.2060792266411586	-2.2787290103510123	False	fast_passing	0.1833827504303086	0.0605616410128378	0.3502737835540788	0.0	0.0	500
167	primary::PIK3CA+RB1+TP53	primary	PIK3CA+RB1+TP53	3	8	0.0007296607077708	0.0067364683821519	3	0.0067364683821519	0.0	primary::PIK3CA+TP53	0.104808053222463	0.004320798983633	rule_a_one_step	True	True	True	stable	True	0.1083150200178755	0.1582460833403111	-2.6597583021243376	False	fast_passing	0.1332630236631416	0.0542093494134931	0.2634009119207809	0.0	0.0	500
