state	N_v	R_star_bootstrap_median	R_star_ci_low	R_star_ci_high	top_bootstrap_stability	high_confidence_top_bootstrap_stability	bootstrap_replicates
primary::PIK3CA+TP53	452	0.870661560644892	0.7556237725936624	0.9847994272385444	0.0	0.0	500
primary::TP53	1436	3.309527204308004	2.9659413447423466	3.721610853191451	0.042	0.574	500
metastatic::PIK3CA+TP53	264	1.0450443343549383	0.893573752777122	1.2171909120942632	0.0	0.0	500
metastatic::TP53	711	3.2958662145024884	2.865064870084387	3.817490586632406	0.03	0.522	500
primary::MAP3K1+PIK3CA	158	0.9019264911156636	0.7360155688021983	1.0651217888285809	0.0	0.0	500
primary::GATA3+PIK3CA	115	0.6901789795811353	0.5511001626166652	0.8432109952074891	0.0	0.0	500
primary::PIK3CA	766	4.643853398121509	4.098867622712996	5.24328898994341	0.978	1.0	500
unknown::TP53	33	0.2276127603521905	0.1458504541483027	0.32864700197895613	0.0	0.0	500
primary::MAP3K1+PIK3CA+TP53	32	0.31973180672273044	0.20627256760898632	0.4530129229698085	0.0	0.0	500
primary::PTEN+TP53	85	0.8564587286962446	0.6810227313271158	1.0818148549180462	0.0	0.0	500
primary::GATA3	332	3.466426884147208	3.0006250970401767	4.034390123491573	0.16	0.802	500
primary::GATA3+TP53	48	0.5415712811854412	0.38890348793715324	0.6988827774203753	0.0	0.0	500
metastatic::PIK3CA	304	3.711074910285876	3.147101008693704	4.318082180792978	0.422	0.944	500
primary::RB1+TP53	78	1.0199434175486242	0.7853767856011563	1.2574376626578758	0.0	0.0	500
metastatic::GATA3+PIK3CA	42	0.5445686826463367	0.36707639859782937	0.7399741957703959	0.0	0.0	500
primary::NF1+TP53	59	0.7770151098324333	0.5743631573906746	1.020572160867189	0.0	0.0	500
primary::BRCA2+TP53	49	0.6985425605171143	0.4926818886335403	0.911284533893125	0.0	0.0	500
metastatic::MAP3K1+PIK3CA	45	0.6442965457013965	0.43676016581827704	0.8890948797113276	0.0	0.0	500
primary::CBFB+GATA3+PIK3CA	41	0.5913345171658209	0.3972948812645833	0.8402542043683655	0.0	0.0	500
primary::AKT1+TP53	57	0.8418930489413998	0.6129437968109958	1.0758539435185774	0.0	0.0	500
primary::NF1+PIK3CA+TP53	31	0.47166468041383264	0.31969193717091726	0.6770460218113885	0.0	0.0	500
primary::CBFB+PIK3CA	48	0.8056407808113106	0.5576058828231871	1.0588270110638855	0.0	0.0	500
metastatic::MAP3K1+PIK3CA+TP53	23	0.38665404557080524	0.23107594024589692	0.5782656904081488	0.0	0.0	500
primary::BRCA1+TP53	73	1.270600913376149	0.9291940534889923	1.6317429312733132	0.0	0.0	500
primary::MAP2K4+PIK3CA	51	0.8943189899963621	0.6443899813429991	1.1663351475003518	0.0	0.0	500
primary::MAP3K1+TP53	38	0.6721075892904458	0.47414956810933634	0.9188323572160114	0.0	0.0	500
primary::PIK3CA+RB1+TP53	8	0.13326302366314166	0.054209349413493174	0.26340091192078097	0.0	0.0	500
unknown::PIK3CA	12	0.21900270785146705	0.10730121976513804	0.3570296366635767	0.0	0.0	500
metastatic::PTEN+TP53	68	1.3878904133741	1.0247546463980015	1.7266873323590866	0.0	0.0	500
metastatic::GATA3	168	3.5047624806692954	2.9015905931067705	4.297725777160754	0.22	0.792	500
primary::PIK3CA+RUNX1+TP53	16	0.33363174071469803	0.19469678459937761	0.5336746850609941	0.0	0.0	500
primary::ATM+TP53	25	0.5698602604064986	0.3548885175726299	0.8027030788000321	0.0	0.0	500
metastatic::GATA3+TP53	38	0.8654776924150709	0.6054056436075091	1.1089089134653174	0.0	0.0	500
primary::PIK3CA+PTEN+TP53	31	0.6898519494285795	0.4747494780763641	1.0384507561291685	0.0	0.0	500
primary::MAP2K4+PIK3CA+TP53	14	0.31414492874820593	0.1653118225045913	0.501899019596144	0.0	0.0	500
primary::GATA3+MAP3K1+PIK3CA	20	0.474392291732056	0.26996051414441147	0.7334873397097483	0.0	0.0	500
metastatic::RB1+TP53	37	0.9363315486656965	0.6509764196394717	1.2571454010226293	0.0	0.0	500
metastatic::BRCA2+TP53	32	0.8645650854817104	0.5829120946148318	1.1913936816315784	0.0	0.0	500
metastatic::NF1+TP53	23	0.638370927791972	0.38233053576360837	0.9229701253408399	0.0	0.0	500
primary::PTEN	78	2.1533377253102923	1.7074662470401627	2.7081123164979393	0.0	0.0	500
primary::RUNX1+TP53	26	0.7335515042950129	0.46888969107039374	1.0	0.0	0.0	500
primary::MAP2K4+TP53	24	0.6946756523188944	0.4369525624063331	0.9910903290496228	0.0	0.0	500
primary::BRCA2+PIK3CA+TP53	13	0.3662658757328375	0.1811436962841628	0.6065575117525289	0.0	0.0	500
primary::ESR1+PIK3CA	9	0.2593080912082368	0.11190862215770826	0.4287693667742026	0.0	0.0	500
primary::GATA3+PIK3CA+TP53	21	0.5994127156758867	0.35327595556059593	0.8909374981181156	0.0	0.0	500
metastatic::AKT1+TP53	38	1.0927959424329943	0.8026182874182536	1.514694895548638	0.0	0.0	500
metastatic::NF1+PIK3CA+TP53	30	0.9227505959650404	0.5790953331082129	1.3444360968163909	0.0	0.0	500
primary::CBFB+MAP3K1+PIK3CA	15	0.45749449384576196	0.2338924518355589	0.7093591241978006	0.0	0.0	500
primary::ESR1+GATA3	9	0.2671796849418324	0.10682811755348678	0.4930092122164885	0.0	0.0	500
unknown::GATA3	6	0.18338275043030866	0.060561641012837834	0.3502737835540788	0.0	0.0	500
primary::PIK3CA+RUNX1	27	0.8253353810467041	0.5351518908878793	1.1829901955176974	0.0	0.0	500
primary::ESR1+TP53	12	0.38397219119321946	0.18840905083992718	0.5968688080570689	0.0	0.0	500
primary::ATM+PIK3CA+TP53	13	0.4091695594330734	0.2084763591110739	0.6546263900889246	0.0	0.0	500
primary::BRCA1+PIK3CA+TP53	8	0.24848390356641376	0.0930302639795833	0.4607346809625763	0.0	0.0	500
primary::NF1+PIK3CA	19	0.6093385671659057	0.36044795141820546	0.9193466635928472	0.0	0.0	500
metastatic::PIK3CA+PTEN+TP53	20	0.6366304525520079	0.36619542058406085	0.997361087283333	0.0	0.0	500
metastatic::PIK3CA+RB1+TP53	11	0.3444972925490174	0.1456071340551205	0.6139418050075612	0.0	0.0	500
primary::MAP3K1	61	1.950342443604923	1.4629164646791466	2.604305712668978	0.0	0.0	500
primary::CBFB+GATA3	36	1.1805370697274378	0.8302184600699557	1.5917007976737503	0.0	0.0	500
metastatic::ESR1+PIK3CA	59	1.9399310822533713	1.3604049574324315	2.5572028784328147	0.0	0.0	500
primary::PIK3CA+PTEN	41	1.3583645172827714	0.9870913954403151	1.8330631841077698	0.0	0.0	500
primary::AKT1+GATA3	27	0.900546686652695	0.562139457943396	1.2736372210286233	0.0	0.0	500
metastatic::ESR1+GATA3+PIK3CA	14	0.47708162315454367	0.2431208022557053	0.7966790234701596	0.0	0.0	500
primary::ESR1	25	0.8401411004938995	0.520250947518327	1.2012420734870337	0.0	0.0	500
metastatic::BRCA1+TP53	29	0.9934334670356325	0.6525282485082426	1.3766213171386326	0.0	0.0	500
metastatic::PIK3CA+RUNX1+TP53	12	0.42178084868342425	0.20740160932601107	0.6585833606172407	0.0	0.0	500
metastatic::MAP3K1+TP53	25	0.9128953737679968	0.5601387725099654	1.2892192089995764	0.0	0.0	500
primary::ATM+PIK3CA	20	0.7573251541739245	0.4256633944663519	1.1487175734073083	0.0	0.0	500
metastatic::ESR1+GATA3	52	2.0116195060567046	1.4218775822125995	2.7167287137184033	0.0	0.002	500
primary::AKT1	78	3.135374932900997	2.3775905183185473	3.9192810553503366	0.056	0.352	500
metastatic::MAP2K4+PIK3CA	15	0.6399431197119425	0.34100294104196527	0.9552161796527786	0.0	0.0	500
metastatic::CBFB+PIK3CA	11	0.45728826419381574	0.2212444381562605	0.8098664476171544	0.0	0.0	500
metastatic::ESR1+MAP3K1+PIK3CA	17	0.7033835538977439	0.38371435286304134	1.148628101945273	0.0	0.0	500
primary::CBFB+GATA3+MAP3K1+PIK3CA	4	0.15809659816306282	0.03444534764066172	0.36806716768170744	0.0	0.0	500
metastatic::GATA3+PIK3CA+TP53	9	0.37137138056478036	0.17656609521354705	0.7078065861832505	0.0	0.0	500
metastatic::ATM+TP53	21	0.9182100319805471	0.540187842433068	1.2881638964424023	0.0	0.0	500
primary::BRCA2+PIK3CA	21	0.9074080257568617	0.5261422967051868	1.37522619398391	0.0	0.0	500
metastatic::MAP2K4+PIK3CA+TP53	14	0.6128858888696795	0.31600143918811513	1.0040190915653768	0.0	0.0	500
primary::MAP3K1+PIK3CA+RUNX1	8	0.3479398044068391	0.13085967018696046	0.6629458849838156	0.0	0.0	500
metastatic::ESR1+TP53	28	1.2510073196724427	0.8072471245509778	1.7296342136427616	0.0	0.0	500
metastatic::CBFB+GATA3+PIK3CA	7	0.30526440952411693	0.1097094857059618	0.604682751434894	0.0	0.0	500
metastatic::BRCA2+PIK3CA+TP53	10	0.4585270081024718	0.18646516039698785	0.7947239932507002	0.0	0.0	500
primary::CBFB+PIK3CA+TP53	5	0.2354365167477795	0.04987548672223298	0.47758010457586786	0.0	0.0	500
metastatic::ATM+PIK3CA+TP53	6	0.2905786067287005	0.09164003490273154	0.5654853949688556	0.0	0.0	500
primary::PIK3CA+RB1	13	0.6737439388324211	0.34482798118677904	1.0861272868342078	0.0	0.0	500
metastatic::PTEN	40	2.246573211709612	1.5394516027891056	3.090875484328485	0.0	0.006	500
metastatic::MAP2K4+TP53	7	0.3765088501844584	0.1582053699048149	0.7014458037666941	0.0	0.0	500
primary::GATA3+MAP3K1	17	0.97633085708446	0.5087540568766785	1.4660392393271726	0.0	0.0	500
primary::AKT1+PIK3CA	9	0.5054247610635842	0.20715672179138767	0.9022446273841465	0.0	0.0	500
primary::GATA3+MAP2K4+PIK3CA	5	0.29615144932664167	0.060044297555759914	0.589541717028705	0.0	0.0	500
primary::MAP3K1+PIK3CA+PTEN	8	0.465763625387117	0.16132648061678623	0.8970224579812973	0.0	0.0	500
metastatic::RUNX1+TP53	19	1.1465330575394597	0.6090248008753552	1.7242839715649443	0.0	0.0	500
primary::BRCA2	37	2.2711947285203395	1.5756340417962107	3.069905985849549	0.0	0.006	500
metastatic::ESR1+PIK3CA+TP53	13	0.8077233189136781	0.393376632704448	1.335395716888571	0.0	0.0	500
metastatic::CBFB+GATA3	7	0.4402881426617885	0.12838312552727585	0.8190121484090072	0.0	0.0	500
metastatic::MAP3K1	22	1.4012258016002719	0.8970399444880047	2.1076851873969416	0.0	0.0	500
metastatic::AKT1+GATA3	13	0.8263792416113618	0.3828261689810067	1.3296247899355809	0.0	0.0	500
metastatic::BRCA1+PIK3CA+TP53	10	0.6535695299947474	0.2740281376879998	1.1440957563933944	0.0	0.0	500
metastatic::ESR1	75	5.148957616914996	3.9562252466999075	6.602245658887319	0.964	0.998	500
primary::MAP3K1+NF1+PIK3CA	6	0.4146872324213593	0.12445218528091578	0.7544004588646644	0.0	0.0	500
primary::AKT1+PIK3CA+TP53	3	0.2052512890548055	0.0	0.48907658104705237	0.0	0.0	500
primary::NF1	28	2.010458090819451	1.3236682851902104	2.7501972809132265	0.0	0.0	500
metastatic::PIK3CA+PTEN	10	0.7367031725789159	0.29327077959865633	1.2603927275997564	0.0	0.0	500
primary::MAP2K4	35	2.587383856213633	1.7689579733685783	3.566291589278847	0.01	0.066	500
primary::ESR1+PIK3CA+TP53	5	0.37063829308189156	0.07968534066572706	0.8235556744320283	0.0	0.0	500
metastatic::GATA3+MAP3K1+PIK3CA	2	0.14514841063165845	0.0	0.39247845821853694	0.0	0.0	500
primary::GATA3+PTEN	18	1.3647131625502062	0.7966104966156615	2.045855875559045	0.0	0.0	500
primary::ATM+GATA3	16	1.2116049253310657	0.661589933181227	1.9665311995482924	0.0	0.0	500
metastatic::AKT1	42	3.3230426961450075	2.301647192891047	4.479669661376382	0.212	0.528	500
primary::ESR1+MAP3K1+PIK3CA	1	0.07891114864447238	0.0	0.2848409561352553	0.0	0.0	500
metastatic::PIK3CA+RUNX1	5	0.38631558509356423	0.08097978710800874	0.8566770625472144	0.0	0.0	500
metastatic::NF1+PIK3CA	12	0.955464850240453	0.43054388662262133	1.564597401752241	0.0	0.0	500
primary::ATM+MAP3K1+PIK3CA	4	0.304990186212881	0.066998923504448	0.6735003804401104	0.0	0.0	500
metastatic::ATM+PIK3CA	8	0.6317090988795844	0.2572472912974237	1.2087265665078755	0.0	0.0	500
metastatic::BRCA2+PIK3CA	13	1.1054739106323346	0.5621028134770637	1.8893772836834284	0.0	0.0	500
primary::AKT1+CBFB+GATA3	10	0.8441780015791713	0.34175561376843644	1.4838427468657727	0.0	0.0	500
primary::ATM	24	2.0582455070988637	1.2433877564602804	2.8678240626177214	0.0	0.002	500
primary::MAP3K1+PIK3CA+RUNX1+TP53	1	0.08430107076863563	0.0	0.31288903034814197	0.0	0.0	500
unknown::PIK3CA+TP53	11	0.9503197623913635	0.389554910555568	1.7557773058753956	0.0	0.0	500
primary::MAP2K4+MAP3K1+PIK3CA	1	0.0848193855309235	0.0	0.2809151112878099	0.0	0.0	500
primary::BRCA2+MAP3K1+PIK3CA	1	0.08383637450154074	0.0	0.3197832152357337	0.0	0.0	500
primary::BRCA1+PIK3CA	10	0.8868944545867077	0.4122040732423164	1.5678475119624598	0.0	0.0	500
primary::PTEN+RB1+TP53	12	1.0435414739717204	0.4868501530958937	1.7582999078862263	0.0	0.0	500
metastatic::CBFB+PIK3CA+TP53	2	0.1742737262630673	0.0	0.46382119895518065	0.0	0.0	500
primary::BRCA1	17	1.558811558136592	0.8911579589422556	2.4466393194285616	0.0	0.0	500
primary::MAP3K1+NF1+PIK3CA+TP53	3	0.2646563726474689	0.0	0.6628733717713502	0.0	0.0	500
primary::GATA3+MAP2K4	16	1.442965773186871	0.8027890399636264	2.2749850813697985	0.0	0.0	500
primary::ATM+GATA3+PIK3CA	4	0.350508914322943	0.08379685271785207	0.8520839414926775	0.0	0.0	500
primary::RB1	18	1.6892793963487558	0.9250171506548917	2.4774499521383144	0.0	0.0	500
primary::GATA3+PIK3CA+PTEN	4	0.3720625344997963	0.08348561267580522	0.8311479821519119	0.0	0.0	500
primary::ESR1+GATA3+PIK3CA	2	0.19240996652064168	0.0	0.5602791251252544	0.0	0.0	500
unknown::ESR1	5	0.4867025277688562	0.10249593274175897	0.9929941538948391	0.0	0.0	500
primary::CBFB+MAP2K4+PIK3CA	3	0.30136492180461144	0.0	0.7581995220951468	0.0	0.0	500
metastatic::MAP3K1+NF1+PIK3CA+TP53	2	0.2041497172750965	0.0	0.575159883672276	0.0	0.0	500
metastatic::CBFB+MAP3K1+PIK3CA	3	0.3259825021751046	0.0	0.7603639164285808	0.0	0.0	500
primary::BRCA2+GATA3	6	0.6612203424719474	0.21335491120732805	1.276386156398363	0.0	0.0	500
metastatic::AKT1+PIK3CA+TP53	3	0.3259602228945904	0.0	0.8380461223228027	0.0	0.0	500
primary::AKT1+NF1+TP53	3	0.3331509220762651	0.0	0.828920815665202	0.0	0.0	500
primary::BRCA1+NF1+TP53	3	0.33072765531206966	0.0	0.8204693225199359	0.0	0.0	500
primary::BRCA1+BRCA2+TP53	6	0.6956284971996054	0.20356002211071483	1.3745648196646767	0.0	0.0	500
primary::MAP3K1+PIK3CA+PTEN+TP53	2	0.22949826371886622	0.0	0.6601654231283652	0.0	0.0	500
primary::NF1+PTEN+TP53	5	0.5586693707897759	0.11319707176923365	1.1880493446261104	0.0	0.0	500
primary::AKT1+RB1+TP53	4	0.4768104718090429	0.1053402519333181	0.9936300648982543	0.0	0.0	500
primary::GATA3+PIK3CA+RUNX1	8	0.9458139916201025	0.37373306244214294	1.812336146402933	0.0	0.0	500
primary::NF1+RB1+TP53	2	0.23881076426073491	0.0	0.6926693395343481	0.0	0.0	500
metastatic::PIK3CA+RB1	12	1.4682015946029308	0.7419375631732354	2.478155219375848	0.0	0.0	500
metastatic::BRCA2	27	3.2948698102206455	2.2077463592956756	4.678823615592192	0.26	0.506	500
primary::AKT1+MAP3K1+PIK3CA	3	0.37017565368377003	0.0	0.8935022922946684	0.0	0.0	500
metastatic::ESR1+MAP2K4+PIK3CA	5	0.6222498952230062	0.13685712645767986	1.3042627324713516	0.0	0.0	500
primary::BRCA2+RB1+TP53	7	0.8327926976505384	0.2890431949245959	1.6505696494914819	0.0	0.0	500
primary::CBFB+TP53	6	0.7453656605309604	0.22997195180245958	1.4384400375563104	0.0	0.0	500
metastatic::GATA3+MAP3K1	6	0.7352638338791717	0.23553878112763318	1.44164327821646	0.0	0.0	500
primary::AKT1+MAP3K1	11	1.3319152215447363	0.6187775532064881	2.3190940738351142	0.0	0.0	500
primary::BRCA1+RB1+TP53	3	0.3749591497143321	0.0	0.8955391368909996	0.0	0.0	500
metastatic::AKT1+PIK3CA	5	0.6678220120156446	0.1371441380750637	1.353344652822172	0.0	0.0	500
primary::CBFB+GATA3+MAP2K4+PIK3CA	1	0.1322965386917553	0.0	0.4992480762571553	0.0	0.0	500
primary::RUNX1	18	2.393724046141926	1.4232402636985622	3.5479561565203013	0.012	0.066	500
metastatic::PTEN+RB1+TP53	4	0.5261827907275557	0.11764114710352462	1.1272167295354605	0.0	0.0	500
primary::CBFB+GATA3+PIK3CA+RUNX1	1	0.12525227390007845	0.0	0.49113762055705534	0.0	0.0	500
metastatic::CBFB+ESR1+GATA3+PIK3CA	1	0.12130572932017232	0.0	0.44675740940990805	0.0	0.0	500
metastatic::ATM+GATA3	8	1.0813375491805237	0.4319691615738502	1.9852157018582228	0.0	0.0	500
metastatic::NF1	10	1.3930521175471762	0.6126079571630807	2.365413578586167	0.0	0.0	500
primary::PIK3CA+PTEN+RB1+TP53	2	0.27689851720054437	0.0	0.8245479202552288	0.0	0.0	500
metastatic::MAP2K4	19	2.799317132850513	1.62512616348885	4.141617813286016	0.072	0.206	500
metastatic::GATA3+PTEN	9	1.3357606105066626	0.5296034304726335	2.346503790858774	0.0	0.0	500
primary::NF1+PIK3CA+PTEN+TP53	2	0.28240433153093686	0.0	0.8986318665710094	0.0	0.0	500
primary::CBFB	8	1.1691935848528563	0.4354906717909443	2.1039196498938217	0.0	0.0	500
metastatic::AKT1+ESR1+GATA3	4	0.6117668877298251	0.0	1.417071903856348	0.0	0.0	500
primary::BRCA1+MAP3K1+PIK3CA	2	0.2995974563736454	0.0	0.867797525070534	0.0	0.0	500
primary::MAP2K4+PIK3CA+PTEN	1	0.1501208224778487	0.0	0.5740202888737154	0.0	0.0	500
primary::GATA3+RUNX1	7	1.0530697973327552	0.3314823386725413	1.974034979682122	0.0	0.0	500
primary::GATA3+NF1	8	1.2392748643852887	0.4603569117623489	2.2777929113098665	0.0	0.0	500
primary::GATA3+NF1+PIK3CA	2	0.31213918679245495	0.0	0.8903274084301915	0.0	0.0	500
primary::BRCA2+NF1+TP53	4	0.6435617206885055	0.15432787764577716	1.4342796773474673	0.0	0.0	500
primary::GATA3+RB1+TP53	1	0.15796682867755824	0.0	0.5155835275559082	0.0	0.0	500
primary::MAP3K1+PIK3CA+RB1	1	0.15427133440024257	0.0	0.5626446412634026	0.0	0.0	500
primary::AKT1+MAP3K1+TP53	1	0.16220461973303862	0.0	0.5521009215112003	0.0	0.0	500
primary::AKT1+BRCA1+TP53	1	0.16142208138295996	0.0	0.60954781603756	0.0	0.0	500
metastatic::GATA3+MAP2K4+PIK3CA	2	0.2956760744517787	0.0	0.9690607246515313	0.0	0.0	500
metastatic::ATM	18	2.9502666307851193	1.553158572622191	4.609393417211964	0.15	0.296	500
metastatic::AKT1+NF1+TP53	6	0.9843680890554254	0.2901067872697572	1.9706554175685627	0.0	0.0	500
primary::AKT1+GATA3+TP53	2	0.33363640106391507	0.0	0.9234193462975281	0.0	0.0	500
metastatic::ESR1+GATA3+MAP3K1+PIK3CA	3	0.5075323426476948	0.0	1.334215168110718	0.0	0.0	500
metastatic::MAP3K1+PIK3CA+RUNX1	2	0.32201640284832933	0.0	1.0135568867060647	0.0	0.0	500
primary::BRCA1+GATA3	6	1.0266207088232262	0.3320567089612009	1.9639311305021723	0.0	0.0	500
primary::ATM+BRCA1+TP53	4	0.6918225708243266	0.15951725371718098	1.571647027799323	0.0	0.0	500
metastatic::GATA3+MAP2K4	7	1.295572838315242	0.4854489271926125	2.4326441923354336	0.0	0.004	500
metastatic::MAP3K1+NF1+PIK3CA	4	0.6689289443919333	0.05776971191902547	1.615408078321881	0.0	0.0	500
unknown::BRCA2	1	0.1779670851340715	0.0	0.6844134027730593	0.0	0.0	500
primary::GATA3+PTEN+TP53	2	0.35623418177334704	0.0	0.9022064053165617	0.0	0.0	500
metastatic::BRCA1	10	1.8404251791443436	0.8415800049525303	3.0926275126038307	0.0	0.006	500
metastatic::RB1	13	2.3990888120682863	1.2313469664470758	3.86492710742525	0.032	0.114	500
primary::MAP2K4+PIK3CA+PTEN+TP53	2	0.3409049983626693	0.0	1.1746190288689975	0.0	0.0	500
primary::GATA3+RB1	4	0.7545486883001634	0.17230768656446294	1.6347917208390499	0.0	0.0	500
metastatic::NF1+PTEN+TP53	3	0.5281319278215567	0.0	1.4074868804691654	0.0	0.0	500
primary::MAP2K4+PIK3CA+RUNX1	2	0.3634055803799474	0.0	1.0833815640852658	0.0	0.0	500
metastatic::BRCA2+GATA3	8	1.522740828166135	0.5709439517462953	2.7300546163592165	0.0	0.0	500
metastatic::BRCA2+ESR1+PIK3CA	3	0.5325464150771255	0.0	1.4517195264424108	0.0	0.0	500
metastatic::BRCA2+MAP3K1+PIK3CA	5	0.9820014057850386	0.1791020231575068	2.036298148507558	0.0	0.0	500
primary::AKT1+CBFB+GATA3+PIK3CA	2	0.37154871016453395	0.0	1.1476120112211656	0.0	0.0	500
primary::GATA3+MAP3K1+PIK3CA+TP53	4	0.7987168080599667	0.15694540354773712	1.8618344262582387	0.0	0.002	500
primary::MAP3K1+PTEN+TP53	4	0.7694230041388215	0.177353330909346	1.6801434138924567	0.0	0.0	500
metastatic::ESR1+PIK3CA+PTEN	1	0.18782029329645739	0.0	0.7488509848212361	0.0	0.0	500
primary::BRCA2+NF1+PIK3CA+TP53	2	0.3794736745760265	0.0	1.2182304692394448	0.0	0.0	500
metastatic::BRCA1+PIK3CA	4	0.8091077798854238	0.19292573304100974	1.8110179051165536	0.0	0.0	500
primary::MAP2K4+NF1+PIK3CA+TP53	2	0.4053288981181634	0.0	1.249157301595692	0.0	0.0	500
metastatic::ATM+ESR1+PIK3CA	1	0.19067189875062623	0.0	0.8053542892904774	0.0	0.0	500
primary::NF1+PIK3CA+RUNX1+TP53	1	0.19976697883104264	0.0	0.7439801388750431	0.0	0.0	500
primary::AKT1+RUNX1+TP53	2	0.3792552083037306	0.0	1.0626498251947025	0.0	0.0	500
metastatic::AKT1+CBFB+GATA3	1	0.21184214512950228	0.0	0.8439193021765852	0.0	0.0	500
primary::MAP3K1+PTEN	4	0.8360625542083542	0.19053212963776445	1.8548192883038088	0.0	0.0	500
metastatic::ATM+GATA3+PIK3CA	1	0.20336128836492762	0.0	0.7967770107967578	0.0	0.0	500
primary::BRCA2+MAP3K1+PIK3CA+TP53	2	0.38303884210189465	0.0	1.165418632185238	0.0	0.0	500
primary::MAP2K4+NF1+PIK3CA	3	0.6087582594725831	0.0	1.6425510424759993	0.0	0.0	500
primary::AKT1+GATA3+PIK3CA	3	0.6517578597289271	0.0	1.4841434649896532	0.0	0.0	500
metastatic::NF1+PIK3CA+PTEN+TP53	5	1.0405799900219153	0.21888897172584545	2.4902617141059284	0.002	0.004	500
metastatic::AKT1+RB1+TP53	2	0.41047952950128275	0.0	1.1525006076621669	0.0	0.0	500
metastatic::AKT1+ESR1	6	1.3033832428063903	0.3965937971140943	2.695954618981095	0.0	0.002	500
primary::AKT1+ESR1	2	0.41730416347729776	0.0	1.1349704775418994	0.0	0.0	500
primary::ATM+BRCA2+TP53	4	0.8709958670317698	0.2161410749611232	1.8716147768813352	0.0	0.0	500
metastatic::NF1+PIK3CA+RB1+TP53	1	0.20692619505607368	0.0	0.8092558940592509	0.0	0.0	500
primary::CBFB+PIK3CA+RUNX1	1	0.22122170797004803	0.0	0.841124628711069	0.0	0.0	500
primary::CBFB+ESR1+GATA3	2	0.44688919332041943	0.0	1.3028548726146216	0.0	0.0	500
metastatic::ATM+MAP3K1+PIK3CA	5	1.0997691772931826	0.22653404601332602	2.5060803730983503	0.0	0.002	500
metastatic::BRCA2+RB1+TP53	4	0.8773298688524626	0.190124209184817	1.968866243313613	0.0	0.0	500
metastatic::ESR1+MAP3K1	12	2.7209834868684064	1.30841104171262	4.528296584602693	0.102	0.258	500
primary::AKT1+ATM+TP53	2	0.44471441487222185	0.0	1.2116226791913103	0.0	0.0	500
metastatic::ATM+ESR1+GATA3	1	0.21132347974908755	0.0	0.8798605582261916	0.0	0.0	500
primary::CBFB+PIK3CA+PTEN	1	0.22398130478295042	0.0	0.7886662719996541	0.0	0.0	500
metastatic::MAP3K1+PIK3CA+PTEN	6	1.3630907303227802	0.4084653104188187	2.995737937368303	0.008	0.01	500
primary::ATM+RB1+TP53	5	1.1335302884310865	0.269781783198466	2.263084563503775	0.0	0.0	500
primary::MAP3K1+PIK3CA+RB1+TP53	2	0.43574804620996577	0.0	1.498445892455241	0.0	0.0	500
primary::ATM+MAP2K4+PIK3CA	1	0.23749746008026607	0.0	0.9930517701907354	0.0	0.0	500
metastatic::AKT1+GATA3+TP53	7	1.6000377062582278	0.5056250818934342	3.1086976500059214	0.0	0.02	500
primary::GATA3+NF1+TP53	2	0.47077555725196213	0.0	1.431524840005241	0.0	0.0	500
primary::ATM+PTEN+TP53	4	0.9062998675538969	0.2136927814253616	2.1091954573236724	0.0	0.0	500
metastatic::MAP3K1+PIK3CA+RB1+TP53	2	0.4723877649956022	0.0	1.3836742413343752	0.0	0.0	500
primary::BRCA2+GATA3+PIK3CA	1	0.23258709300649597	0.0	0.8560630224472144	0.0	0.0	500
primary::BRCA1+RUNX1+TP53	1	0.23165154307483588	0.0	0.7838414376959486	0.0	0.0	500
metastatic::MAP2K4+NF1+PIK3CA+TP53	2	0.45208803778107776	0.0	1.3538637050994429	0.0	0.0	500
primary::MAP2K4+PTEN+TP53	5	1.1420513996941999	0.2617652910664589	2.469262641955265	0.0	0.0	500
primary::AKT1+MAP2K4+TP53	2	0.48424091564786653	0.0	1.3031384282358462	0.0	0.0	500
primary::MAP3K1+RB1+TP53	2	0.46761860149742307	0.0	1.2829208344597605	0.0	0.0	500
metastatic::GATA3+PTEN+TP53	2	0.4550917904509556	0.0	1.3552445651440395	0.0	0.0	500
metastatic::CBFB+TP53	2	0.4742255101754689	0.0	1.2989853200193011	0.0	0.0	500
primary::ATM+NF1+PIK3CA+TP53	2	0.461449637493489	0.0	1.4086232992534409	0.0	0.0	500
primary::AKT1+GATA3+MAP3K1	4	1.022572086156074	0.23681147283860815	2.327033620952073	0.0	0.0	500
metastatic::NF1+PIK3CA+RUNX1+TP53	1	0.24155572939270464	0.0	0.9477920598279711	0.0	0.0	500
metastatic::AKT1+MAP3K1+TP53	2	0.4636319470317726	0.0	1.3654735001844898	0.0	0.0	500
metastatic::AKT1+MAP3K1	5	1.2983298019591902	0.30019279885753763	2.933515913514934	0.01	0.016	500
primary::AKT1+MAP2K4	8	2.056732127986112	0.6736514682212322	3.7420258497475385	0.03	0.078	500
primary::ATM+GATA3+TP53	1	0.2610635411318256	0.0	0.9302144636613358	0.0	0.0	500
metastatic::CBFB+GATA3+MAP3K1+PIK3CA	2	0.4842207057062885	0.0	1.8093284015289186	0.0	0.0	500
metastatic::CBFB+ESR1+GATA3	3	0.7521051822095056	0.0	1.8687197726942066	0.002	0.002	500
metastatic::BRCA1+BRCA2+TP53	3	0.7182003784420465	0.0	1.9272919459257571	0.0	0.0	500
primary::AKT1+NF1	2	0.5209118603042404	0.0	1.44979867341682	0.0	0.0	500
metastatic::RUNX1	5	1.2938534633444454	0.26308038104148807	2.560942405445708	0.002	0.002	500
metastatic::ESR1+GATA3+MAP2K4+PIK3CA	1	0.24336126601592883	0.0	1.2356924734131742	0.0	0.0	500
primary::PTEN+RUNX1+TP53	2	0.5011347763107408	0.0	1.4606225474291035	0.0	0.0	500
metastatic::ESR1+GATA3+TP53	6	1.5945744291566146	0.5016728366928356	3.1363418184434746	0.01	0.02	500
unknown::BRCA1	1	0.27188348830142806	0.0	0.885102923885269	0.0	0.0	500
metastatic::BRCA1+PTEN+TP53	2	0.5414884893865759	0.0	1.355627494157047	0.0	0.0	500
primary::RB1+RUNX1+TP53	3	0.7737668915095568	0.0	1.9551979035263327	0.0	0.002	500
metastatic::AKT1+BRCA2+TP53	2	0.5389057393924055	0.0	1.494420177203877	0.0	0.0	500
primary::PIK3CA+PTEN+RUNX1+TP53	1	0.2823032615132987	0.0	1.0972667356796184	0.0	0.0	500
metastatic::PIK3CA+PTEN+RB1+TP53	1	0.26423715187492025	0.0	1.0688804291721148	0.0	0.0	500
metastatic::MAP3K1+PTEN+TP53	2	0.5408297425374533	0.0	1.5086872339160442	0.0	0.0	500
primary::MAP2K4+RB1+TP53	1	0.2782093611853193	0.0	0.9655855768264581	0.0	0.0	500
metastatic::CBFB+ESR1+PIK3CA	3	0.8463841007493591	0.0	2.0849873580760097	0.0	0.0	500
metastatic::ESR1+PTEN	12	3.398882170622659	1.6035934207581193	6.047511017146768	0.366	0.526	500
primary::ATM+NF1+TP53	1	0.2748297302934874	0.0	1.0612581492247275	0.0	0.0	500
metastatic::GATA3+RB1+TP53	4	1.1599195113544125	0.2457951048603392	2.5101572914211125	0.002	0.004	500
primary::ATM+PIK3CA+PTEN+TP53	1	0.27891044478503535	0.0	1.1943849099809287	0.0	0.0	500
primary::BRCA2+MAP3K1+TP53	1	0.2846843720538311	0.0	0.9475279981166171	0.0	0.0	500
metastatic::ESR1+MAP3K1+PIK3CA+TP53	2	0.584492858192869	0.0	1.8989782118279284	0.0	0.0	500
primary::AKT1+PTEN+TP53	2	0.5790684749837597	0.0	1.6240349598851216	0.0	0.0	500
metastatic::AKT1+BRCA1+TP53	2	0.5603728730731616	0.0	1.5798648922475407	0.0	0.0	500
primary::AKT1+BRCA2	1	0.28788687470057983	0.0	1.0818638585153735	0.0	0.0	500
metastatic::BRCA1+RB1+TP53	2	0.5745892140478048	0.0	1.5488843092680988	0.0	0.0	500
metastatic::CBFB	4	1.1827565442249646	0.282244299825705	2.622915616191101	0.0	0.004	500
metastatic::ESR1+GATA3+MAP2K4	4	1.1677515143964527	0.24648046333108622	2.597156916394543	0.002	0.002	500
metastatic::ESR1+PTEN+TP53	2	0.5585801368306536	0.0	1.6726940027318042	0.0	0.0	500
metastatic::ATM+PTEN+TP53	3	0.8448713026766219	0.0	2.0864050239284713	0.0	0.0	500
metastatic::NF1+RB1+TP53	2	0.5911154737415396	0.0	1.720112847743175	0.0	0.0	500
metastatic::ESR1+GATA3+PIK3CA+TP53	2	0.6271107959536966	0.0	2.0289730359827227	0.0	0.0	500
primary::BRCA2+PTEN	6	1.8171819936830553	0.5604934699340721	3.5791827571387302	0.018	0.036	500
metastatic::ATM+MAP3K1+PIK3CA+TP53	3	0.9198544443751686	0.0	2.330599841405952	0.0	0.0	500
metastatic::AKT1+RUNX1+TP53	2	0.5755560487441616	0.0	1.4815918382235276	0.0	0.0	500
metastatic::ESR1+GATA3+PTEN	2	0.5891243353503286	0.0	1.8827153373940297	0.0	0.0	500
metastatic::BRCA2+MAP3K1+PIK3CA+TP53	4	1.2084539595841357	0.2299305519555405	3.077366525815153	0.008	0.006	500
primary::GATA3+MAP3K1+PIK3CA+RUNX1	1	0.2958815226237719	0.0	1.2693147535149936	0.0	0.0	500
primary::BRCA2+GATA3+TP53	4	1.2150227287155477	0.2616293745999228	2.689072515497633	0.0	0.0	500
primary::GATA3+PIK3CA+RB1	1	0.31959243781518654	0.0	1.0566492994119445	0.0	0.0	500
metastatic::BRCA1+NF1+TP53	2	0.6189507868844096	0.0	1.741678393711064	0.0	0.0	500
primary::ATM+BRCA2+PIK3CA+TP53	2	0.626443270066261	0.0	1.731816880047482	0.0	0.0	500
primary::BRCA2+PIK3CA+RB1+TP53	1	0.30497258557354	0.0	1.1721345613202212	0.0	0.0	500
primary::ATM+BRCA2+PIK3CA	1	0.3186352407426285	0.0	1.3693476474319195	0.0	0.0	500
metastatic::BRCA2+ESR1	10	3.2394007260133115	1.464409578508119	5.592182180519019	0.298	0.44	500
primary::BRCA2+PIK3CA+PTEN	1	0.303705288886408	0.0	1.1475260174437156	0.0	0.0	500
metastatic::AKT1+ATM+TP53	1	0.3199515479183355	0.0	1.1355859907254975	0.0	0.0	500
primary::PIK3CA+RB1+RUNX1+TP53	1	0.29778534959433245	0.0	1.2738994088089493	0.0	0.0	500
metastatic::ATM+BRCA2+TP53	1	0.32329597309487	0.0	1.1970939955506492	0.0	0.0	500
primary::GATA3+NF1+PIK3CA+TP53	3	0.9335937295994707	0.0	2.7248784647711357	0.004	0.0	500
primary::AKT1+CBFB+PIK3CA	1	0.3061177026212179	0.0	1.2124003005290722	0.0	0.0	500
metastatic::BRCA1+GATA3	2	0.6545707420597751	0.0	1.8296822512694395	0.0	0.0	500
primary::GATA3+MAP2K4+PIK3CA+TP53	1	0.3072459529803967	0.0	1.320306530137457	0.0	0.0	500
metastatic::ATM+GATA3+TP53	1	0.3278672875396506	0.0	1.082390895523736	0.0	0.0	500
primary::BRCA1+NF1+PIK3CA+TP53	1	0.3190548853845148	0.0	1.0970405489068404	0.0	0.0	500
primary::CBFB+MAP3K1+PIK3CA+TP53	3	0.9635575066126045	0.0	2.2544420290594083	0.004	0.002	500
metastatic::GATA3+RB1	1	0.323032018912458	0.0	1.2337580713796774	0.0	0.0	500
primary::CBFB+GATA3+MAP3K1	1	0.3239237571866273	0.0	1.1358431246792366	0.0	0.0	500
primary::AKT1+ATM+GATA3	1	0.31789745439677797	0.0	1.4090151025345174	0.0	0.0	500
primary::AKT1+ATM	3	0.9850323055580512	0.0	2.435185053468704	0.002	0.002	500
primary::NF1+PIK3CA+PTEN	1	0.3281559696345402	0.0	1.2270394916957648	0.0	0.0	500
metastatic::CBFB+GATA3+PIK3CA+TP53	2	0.6513643669354041	0.0	2.226918178606374	0.0	0.0	500
primary::BRCA2+MAP3K1	2	0.6912047079094026	0.0	1.8034127812152805	0.0	0.0	500
metastatic::GATA3+NF1	2	0.667221319155474	0.0	1.8372754102542734	0.0	0.0	500
primary::ESR1+MAP3K1+PIK3CA+TP53	1	0.30956501065207825	0.0	1.3122784200589754	0.0	0.0	500
primary::MAP2K4+PTEN	4	1.3525824414265122	0.29132397630223783	3.0338138875275504	0.008	0.008	500
unknown::GATA3+PIK3CA	1	0.3194544207076845	0.0	1.4037246321820052	0.0	0.0	500
primary::AKT1+CBFB	6	2.130169283565058	0.6622571916346416	4.529175351970707	0.076	0.104	500
metastatic::ATM+BRCA1+TP53	2	0.7269490054401477	0.0	2.033167493337232	0.0	0.0	500
primary::GATA3+MAP3K1+TP53	3	1.029784668245754	0.0	2.4922383738803213	0.0	0.0	500
primary::AKT1+PTEN	1	0.3554993646195388	0.0	1.288559598821265	0.0	0.0	500
metastatic::BRCA2+NF1+PIK3CA+TP53	3	1.0279338520031946	0.0	2.5980111894428637	0.0	0.0	500
metastatic::PTEN+RUNX1+TP53	1	0.35634942614577403	0.0	1.3437877093865407	0.0	0.0	500
metastatic::ESR1+RB1+TP53	2	0.7251840495511888	0.0	2.0469716195944225	0.0	0.0	500
primary::ESR1+GATA3+TP53	2	0.7519497891184985	0.0	1.9900800971491726	0.0	0.0	500
primary::BRCA2+RUNX1+TP53	2	0.6886733763259483	0.0	1.9533054493300455	0.0	0.0	500
primary::NF1+RUNX1+TP53	1	0.36880767901398215	0.0	1.328514537367104	0.0	0.0	500
primary::BRCA2+PIK3CA+RUNX1+TP53	1	0.3646973990938521	0.0	1.3583107427023196	0.0	0.0	500
primary::MAP2K4+NF1+TP53	1	0.37586682040792113	0.0	1.2402028764311999	0.0	0.0	500
primary::BRCA1+GATA3+PIK3CA	1	0.3759791674862365	0.0	1.347494310350212	0.0	0.0	500
primary::BRCA1+MAP2K4+TP53	1	0.3780557055440052	0.0	1.4086517037258242	0.0	0.0	500
metastatic::ATM+NF1+PIK3CA+TP53	1	0.3891902096373884	0.0	1.4476934435915665	0.0	0.0	500
metastatic::ATM+RB1+TP53	3	1.1723321509460045	0.0	3.169175034677824	0.008	0.0	500
unknown::MAP3K1+PIK3CA	1	0.3525007562302067	0.0	1.5804976682942249	0.0	0.0	500
metastatic::GATA3+NF1+PIK3CA	1	0.39577159470700457	0.0	1.5243135207248242	0.0	0.0	500
metastatic::ESR1+PIK3CA+RB1	2	0.7111681933681653	0.0	2.387483041871238	0.0	0.0	500
primary::CBFB+PIK3CA+RB1	1	0.36441652653186285	0.0	1.3378419305525833	0.0	0.0	500
primary::CBFB+GATA3+MAP2K4	1	0.4028727255555107	0.0	1.441974283924589	0.0	0.0	500
primary::GATA3+MAP2K4+TP53	3	1.2174576122195075	0.0	2.873233616522301	0.002	0.0	500
metastatic::PIK3CA+RB1+RUNX1+TP53	1	0.4049050043248624	0.0	1.5662790502092645	0.0	0.0	500
primary::ATM+PIK3CA+RUNX1+TP53	1	0.3882578118200093	0.0	1.5895638293141785	0.0	0.0	500
metastatic::BRCA2+GATA3+TP53	1	0.39203034197390924	0.0	1.516019500707313	0.0	0.0	500
metastatic::ESR1+MAP2K4	7	2.925828538168621	1.0116883773979088	5.588985006648819	0.246	0.164	500
primary::GATA3+PIK3CA+RUNX1+TP53	2	0.8094131107662463	0.0	2.3232700836205544	0.004	0.0	500
primary::AKT1+RUNX1	3	1.2541478206584067	0.0	2.777802185945376	0.002	0.0	500
metastatic::BRCA2+PIK3CA+RB1+TP53	2	0.8319225040312153	0.0	2.6845629208481494	0.006	0.0	500
metastatic::AKT1+PTEN+TP53	1	0.4124337717096326	0.0	1.437512146051778	0.0	0.0	500
metastatic::MAP2K4+PTEN+TP53	1	0.41030701126053926	0.0	1.4051002353769617	0.0	0.0	500
primary::ATM+MAP2K4+PIK3CA+TP53	1	0.38995947211198645	0.0	1.5546530981692421	0.0	0.0	500
primary::MAP2K4+MAP3K1+PIK3CA+TP53	3	1.270836964493844	0.0	3.3431616931017567	0.014	0.002	500
primary::ATM+PIK3CA+PTEN	2	0.7404642684522579	0.0	2.2692601785670403	0.002	0.0	500
primary::ATM+GATA3+PIK3CA+TP53	1	0.42407713131364866	0.0	1.5686907865646402	0.0	0.0	500
metastatic::ESR1+NF1+PIK3CA+TP53	2	0.7610849458319278	0.0	3.0060021336495084	0.006	0.0	500
primary::BRCA2+ESR1	1	0.4205564418985468	0.0	1.579295833390556	0.0	0.0	500
primary::CBFB+GATA3+NF1+PIK3CA	2	0.8197568121366333	0.0	2.951300692896532	0.006	0.0	500
primary::MAP3K1+RUNX1+TP53	6	2.681886313068385	0.8397968963109697	5.276638228550734	0.174	0.084	500
metastatic::BRCA1+GATA3+TP53	1	0.4378631102586616	0.0	1.546841612559187	0.0	0.0	500
primary::NF1+PTEN	2	0.9171920432561611	0.0	2.5553975814348595	0.0	0.0	500
primary::BRCA2+GATA3+PIK3CA+TP53	1	0.37334738150997804	0.0	1.8592655688505029	0.0	0.0	500
metastatic::GATA3+NF1+TP53	2	0.8899854040673061	0.0	2.7835217919691515	0.002	0.0	500
metastatic::BRCA2+PTEN	1	0.46527273654940593	0.0	1.749666690606117	0.0	0.0	500
metastatic::AKT1+MAP2K4+TP53	3	1.3809645127451482	0.0	3.610375496816732	0.024	0.002	500
metastatic::MAP3K1+RB1+TP53	2	0.9027463573202712	0.0	2.801621951202055	0.0	0.0	500
metastatic::AKT1+MAP2K4	2	0.9326776320812444	0.0	2.590187382568171	0.0	0.0	500
metastatic::ATM+ESR1	8	3.8126392054185048	1.5892989979281638	7.27446940109857	0.504	0.328	500
metastatic::MAP3K1+PTEN	1	0.446704529266557	0.0	1.7198935821173134	0.0	0.0	500
metastatic::RB1+RUNX1+TP53	1	0.47879478943982645	0.0	1.696239658854379	0.0	0.0	500
metastatic::ESR1+PIK3CA+RB1+TP53	1	0.4404653577373324	0.0	1.896648861301809	0.0	0.0	500
primary::ATM+NF1+PIK3CA	1	0.45642443865894583	0.0	1.606308464951436	0.0	0.0	500
primary::CBFB+MAP3K1+NF1+PIK3CA	1	0.4595983143481959	0.0	1.6818389902121909	0.0	0.0	500
metastatic::GATA3+MAP3K1+PIK3CA+TP53	1	0.4787268535530986	0.0	1.6794945385936535	0.0	0.0	500
metastatic::ESR1+NF1+PIK3CA	1	0.5074298321083852	0.0	1.7754819260910693	0.0	0.0	500
unknown::GATA3+TP53	2	0.9383306778647253	0.0	3.0263478344232286	0.002	0.0	500
primary::BRCA2+NF1+PIK3CA	2	0.9530141280756586	0.0	2.9731614661522396	0.012	0.0	500
unknown::MAP3K1+PIK3CA+TP53	1	0.5263569874739684	0.0	1.8969755365096888	0.0	0.0	500
primary::ATM+PTEN	2	0.965089294738755	0.0	2.972851835982374	0.006	0.0	500
primary::ESR1+MAP2K4	1	0.4975265848869874	0.0	1.7936007566193268	0.0	0.0	500
metastatic::BRCA1+ESR1+TP53	1	0.46790255251920176	0.0	1.723693891462906	0.0	0.0	500
primary::AKT1+CBFB+TP53	1	0.5080158158476008	0.0	1.9362729673530088	0.0	0.0	500
primary::AKT1+RB1	2	1.0041129302450322	0.0	2.8963437990439234	0.002	0.0	500
metastatic::AKT1+NF1	4	2.194201111713685	0.5000785147626201	4.710959402873237	0.08	0.016	500
primary::NF1+PTEN+RB1+TP53	1	0.5164739832418932	0.0	2.1124432226915033	0.0	0.0	500
primary::AKT1+BRCA1	1	0.5277855490368977	0.0	1.8019407626607304	0.0	0.0	500
metastatic::ATM+PIK3CA+RB1+TP53	2	1.0708630512516208	0.0	3.32919981513573	0.012	0.0	500
primary::AKT1+CBFB+ESR1+GATA3	1	0.46091654902845325	0.0	2.2827691246903252	0.002	0.0	500
metastatic::AKT1+ESR1+PIK3CA	2	1.0614326887640155	0.0	3.1094792904779687	0.004	0.0	500
metastatic::GATA3+PIK3CA+RUNX1	1	0.5272245434577518	0.0	2.0338625547631097	0.0	0.0	500
primary::MAP3K1+NF1	1	0.554434693885078	0.0	2.034013795736364	0.0	0.0	500
primary::ATM+BRCA2	5	2.5777852612442693	0.5360857104241772	5.588025266062301	0.228	0.022	500
unknown::BRCA2+PIK3CA+TP53	1	0.5153986085658568	0.0	2.371564973440951	0.0	0.0	500
primary::BRCA2+PIK3CA+PTEN+TP53	1	0.5542221376518561	0.0	2.0948951846453427	0.0	0.0	500
metastatic::CBFB+GATA3+TP53	1	0.5534171718690978	0.0	2.205199565679759	0.0	0.0	500
metastatic::AKT1+ATM	2	1.2039377812969168	0.0	3.281785850921389	0.004	0.0	500
unknown::ESR1+PIK3CA	1	0.546675001252159	0.0	2.7735980901228894	0.002	0.0	500
metastatic::AKT1+GATA3+MAP3K1	1	0.5290731838014666	0.0	2.3226550454924513	0.0	0.0	500
primary::CBFB+GATA3+PIK3CA+RB1	1	0.5278703507119858	0.0	2.1855798551841517	0.002	0.0	500
metastatic::GATA3+PIK3CA+RB1	3	1.844627156349223	0.0	4.95499794870719	0.072	0.0	500
primary::GATA3+MAP3K1+PIK3CA+PTEN	3	1.7855860516609168	0.0	5.921047735341426	0.082	0.004	500
unknown::BRCA2+TP53	4	2.225111372898163	0.5392753662903214	5.9489847968066645	0.162	0.01	500
metastatic::BRCA2+MAP3K1	1	0.571827690488137	0.0	1.9224624368642567	0.0	0.0	500
primary::AKT1+GATA3+RUNX1	2	1.1609248048870078	0.0	3.5460961550102366	0.014	0.0	500
primary::ESR1+GATA3+PIK3CA+TP53	1	0.5636946296968606	0.0	2.571352677951365	0.0	0.0	500
primary::PTEN+RB1	1	0.5797461184198189	0.0	2.3548011591310942	0.0	0.0	500
metastatic::MAP2K4+PIK3CA+PTEN	2	1.0749773660209967	0.0	3.8543029207450887	0.024	0.0	500
unknown::PTEN+TP53	1	0.5628154877407621	0.0	2.1983057849168897	0.0	0.0	500
metastatic::BRCA2+NF1+PIK3CA	1	0.5941159383656689	0.0	2.687287232752145	0.002	0.0	500
metastatic::ESR1+RB1	1	0.5869104916367924	0.0	2.299405613472304	0.0	0.0	500
metastatic::AKT1+ESR1+MAP3K1+PIK3CA	2	1.14172408871203	0.0	4.475111054891588	0.026	0.0	500
metastatic::BRCA1+BRCA2+PIK3CA+TP53	1	0.5723649918246465	0.0	2.5684852245089216	0.0	0.0	500
unknown::PIK3CA+RUNX1+TP53	1	0.5577292636943656	0.0	2.80726600323021	0.0	0.0	500
primary::AKT1+MAP3K1+PIK3CA+TP53	1	0.6142486873023394	0.0	2.369391490087391	0.002	0.0	500
metastatic::MAP2K4+PTEN	1	0.6403710069402582	0.0	2.338984240081593	0.002	0.0	500
primary::BRCA2+NF1	1	0.6158936517575722	0.0	2.134427818602206	0.0	0.0	500
primary::GATA3+PIK3CA+RB1+TP53	1	0.6031498863740881	0.0	2.533988003373949	0.0	0.0	500
metastatic::AKT1+ATM+GATA3	1	0.6375826021599543	0.0	2.49012404897894	0.0	0.0	500
metastatic::AKT1+CBFB	2	1.1417951280974945	0.0	3.538850649357082	0.02	0.0	500
metastatic::BRCA1+ESR1	2	1.3123451945024964	0.0	3.7650382485675906	0.016	0.0	500
metastatic::BRCA1+ESR1+PIK3CA	1	0.6304083293659621	0.0	2.8194293918113935	0.004	0.0	500
metastatic::AKT1+ESR1+MAP3K1	2	1.2169486770388682	0.0	4.200170754735719	0.02	0.0	500
metastatic::GATA3+PIK3CA+PTEN+TP53	1	0.6857225347288622	0.0	3.1680822347274153	0.0	0.0	500
metastatic::MAP3K1+RUNX1+TP53	1	0.66728663962409	0.0	2.4824154163005203	0.006	0.0	500
primary::ESR1+PIK3CA+PTEN	2	1.3533665030908284	0.0	3.5039669512481972	0.012	0.0	500
primary::ATM+MAP2K4+TP53	1	0.6824843112091887	0.0	2.6483082031158927	0.0	0.0	500
metastatic::ATM+PIK3CA+RUNX1+TP53	2	1.3365534845208142	0.0	4.588652395121351	0.03	0.0	500
metastatic::BRCA1+PIK3CA+RB1+TP53	1	0.6692695147002081	0.0	3.0754668486641656	0.006	0.0	500
primary::AKT1+GATA3+MAP3K1+PIK3CA	1	0.6851216490150052	0.0	2.624130148677308	0.0	0.0	500
metastatic::ATM+MAP3K1+TP53	1	0.6640880768546008	0.0	2.52316264149476	0.0	0.0	500
primary::MAP3K1+RUNX1	3	2.19889112870774	0.271997186186605	5.7467479535900985	0.154	0.006	500
primary::BRCA1+MAP2K4+PIK3CA+TP53	1	0.7134803603200669	0.0	2.5438860264312195	0.004	0.0	500
primary::ATM+ESR1	1	0.7265064549022164	0.0	2.7024428913525678	0.004	0.0	500
metastatic::MAP2K4+RB1+TP53	2	1.4996217224748847	0.0	4.123145473952551	0.04	0.0	500
metastatic::ATM+ESR1+GATA3+PIK3CA	1	0.6156973215537291	0.0	2.9825292625403725	0.002	0.0	500
metastatic::ATM+BRCA2	1	0.7212906820863467	0.0	2.4167088779701373	0.002	0.0	500
metastatic::BRCA2+NF1+PIK3CA+PTEN+TP53	1	0.7150167213334725	0.0	4.480886915070529	0.0	0.0	500
primary::ATM+BRCA1+BRCA2+TP53	1	0.7129528003716483	0.0	2.9931803553923766	0.004	0.0	500
metastatic::ATM+BRCA2+PIK3CA	2	1.4504825805855956	0.0	4.756190786364444	0.024	0.0	500
primary::CBFB+GATA3+RUNX1	1	0.750766445961857	0.0	3.2717954812180503	0.0	0.0	500
primary::BRCA1+MAP3K1	4	3.2451405336609795	0.6902011131505152	6.915795573206623	0.33	0.004	500
metastatic::ATM+PTEN	1	0.7494741987587246	0.0	2.7218735717220666	0.002	0.0	500
metastatic::MAP2K4+PIK3CA+RUNX1	2	1.4758273521382335	0.0	4.494695838986202	0.034	0.0	500
primary::PIK3CA+RB1+RUNX1	1	0.728411917358871	0.0	2.8676373328694016	0.0	0.0	500
unknown::ATM+PIK3CA+TP53	1	0.8139619855978848	0.0	3.710551994216893	0.006	0.0	500
metastatic::ESR1+NF1+TP53	2	1.656968816722175	0.0	4.897981289737453	0.056	0.0	500
metastatic::BRCA1+PIK3CA+PTEN+TP53	1	0.7223136843889284	0.0	3.4594539741120727	0.004	0.0	500
unknown::ESR1+TP53	1	0.7212088737777957	0.0	3.1188039938610683	0.0	0.0	500
metastatic::ESR1+GATA3+PIK3CA+RB1	1	0.7504909227193884	0.0	3.972592386451416	0.0	0.0	500
metastatic::GATA3+MAP2K4+TP53	1	0.7675376014529443	0.0	2.878014152461842	0.0	0.0	500
primary::MAP3K1+NF1+PIK3CA+RUNX1	1	0.6994751066046285	0.0	3.1922142774150166	0.002	0.0	500
primary::BRCA1+PTEN	3	2.3906726226337325	0.0	5.732467548403821	0.16	0.002	500
metastatic::ATM+GATA3+PIK3CA+TP53	1	0.7108093429602935	0.0	3.820144385011493	0.004	0.0	500
metastatic::BRCA2+PIK3CA+PTEN+TP53	3	2.336147964568384	0.0	6.515060223087417	0.106	0.004	500
metastatic::GATA3+PIK3CA+RUNX1+TP53	1	0.7711997153930735	0.0	3.4533189671108317	0.0	0.0	500
primary::NF1+PIK3CA+RB1	1	0.8053377318195041	0.0	3.004092834081427	0.002	0.0	500
primary::BRCA1+CBFB+GATA3+PIK3CA	2	1.6364958284913032	0.0	5.373694833038562	0.032	0.0	500
primary::PTEN+RUNX1	2	1.6414732541661157	0.0	5.184330804369089	0.072	0.0	500
primary::CBFB+MAP2K4+PIK3CA+TP53	2	1.7152240651641217	0.0	5.017501759554167	0.048	0.0	500
metastatic::AKT1+RUNX1	2	1.7319097336038185	0.0	5.526268456093101	0.056	0.0	500
primary::AKT1+CBFB+MAP3K1	2	1.553806408583117	0.0	5.606993694732553	0.048	0.0	500
unknown::GATA3+PIK3CA+TP53	1	0.7327946118542632	0.0	5.797628690081284	0.004	0.0	500
metastatic::ESR1+GATA3+RB1	2	1.5569981851602033	0.0	5.025076499790997	0.054	0.0	500
metastatic::BRCA1+ESR1+MAP3K1+PIK3CA	1	0.834445513134549	0.0	3.986468575628743	0.002	0.0	500
metastatic::ATM+MAP3K1+PIK3CA+RUNX1+TP53	1	0.7518436660472704	0.0	5.629820046527265	0.004	0.0	500
metastatic::ATM+NF1+PIK3CA	1	0.8643935724741022	0.0	3.467182758261742	0.0	0.0	500
primary::ESR1+MAP3K1+TP53	2	1.7767964260402596	0.0	5.41299065744022	0.056	0.0	500
primary::BRCA2+MAP3K1+PIK3CA+PTEN	1	0.7811289923980305	0.0	5.460864904396155	0.0	0.0	500
primary::ATM+GATA3+MAP3K1	1	0.9094755014243183	0.0	3.144253727490281	0.002	0.0	500
primary::BRCA1+PIK3CA+RUNX1	1	0.826371720203003	0.0	3.591806141711682	0.004	0.0	500
primary::AKT1+GATA3+PTEN	2	1.8161841605508662	0.0	5.138617140166852	0.032	0.0	500
metastatic::ESR1+GATA3+PIK3CA+PTEN	1	0.7252601144492352	0.0	12.731240428125352	0.004	0.0	500
metastatic::ESR1+MAP2K4+TP53	2	1.815379680860228	0.0	4.6424446385770946	0.026	0.0	500
primary::ATM+MAP3K1+PIK3CA+RUNX1	1	0.866676608975913	0.0	4.225560761017417	0.004	0.0	500
primary::BRCA1+BRCA2	2	1.8430720271082837	0.0	5.544103646449865	0.066	0.0	500
metastatic::AKT1+BRCA1	1	0.936580591818718	0.0	3.6198129734596236	0.004	0.0	500
primary::CBFB+PIK3CA+PTEN+TP53	1	0.9274370684164766	0.0	3.809227951782131	0.004	0.0	500
primary::BRCA2+MAP2K4	1	0.9177735409263748	0.0	3.3820492448346027	0.0	0.0	500
metastatic::ATM+MAP3K1	1	0.9235455693562659	0.0	3.673553948068046	0.004	0.0	500
primary::MAP2K4+NF1	2	1.9203661827179324	0.0	5.471788387639172	0.036	0.0	500
primary::ATM+MAP2K4	2	1.9400740516724955	0.0	5.30887629895267	0.042	0.0	500
metastatic::AKT1+CBFB+TP53	2	1.889110096014588	0.0	6.168630754292126	0.056	0.0	500
primary::BRCA1+PIK3CA+PTEN+TP53	1	0.980639344162962	0.0	3.8427221695757163	0.006	0.0	500
primary::BRCA2+GATA3+PTEN	1	0.9849230076921984	0.0	3.546622650670828	0.0	0.0	500
primary::ATM+BRCA1+PIK3CA	1	0.9551079895788759	0.0	4.498458534741325	0.004	0.0	500
metastatic::PTEN+RB1	1	0.9589813880022731	0.0	3.0763538440350966	0.002	0.0	500
metastatic::BRCA2+NF1	2	1.9241865780568324	0.0	6.257469047896422	0.046	0.0	500
primary::BRCA1+BRCA2+PIK3CA	1	1.009357445429543	0.0	4.082258800997106	0.002	0.0	500
metastatic::ATM+MAP3K1+NF1+PIK3CA+TP53	1	0.915468973893138	0.0	5.499315825299518	0.0	0.0	500
primary::BRCA2+ESR1+GATA3	1	0.9680579340742774	0.0	4.633248356209021	0.0	0.0	500
primary::ESR1+NF1+PIK3CA+TP53	2	2.1145113209655584	0.0	5.745877495955505	0.042	0.0	500
unknown::ATM+TP53	2	2.176726428273504	0.0	6.198814644414734	0.064	0.0	500
primary::ATM+NF1	1	1.0442883716426026	0.0	3.649632127366569	0.0	0.0	500
metastatic::BRCA1+MAP2K4+TP53	2	2.176514931010055	0.0	6.407690957759443	0.062	0.0	500
metastatic::BRCA1+GATA3+PIK3CA	3	3.2689140071041063	0.0	10.901864132614886	0.168	0.006	500
primary::BRCA2+RB1	1	1.083556476947286	0.0	3.6592112313771787	0.002	0.0	500
metastatic::ATM+ESR1+PIK3CA+TP53	2	2.0743899793359466	0.0	7.068605460247019	0.036	0.0	500
metastatic::CBFB+GATA3+MAP3K1	1	1.099127994940289	0.0	4.261234708046205	0.002	0.0	500
metastatic::BRCA2+ESR1+PIK3CA+TP53	2	2.041395048925165	0.0	6.914319559759645	0.048	0.0	500
metastatic::CBFB+GATA3+MAP2K4	1	1.0888400588779197	0.0	5.080565060569954	0.002	0.0	500
metastatic::BRCA2+PIK3CA+PTEN	2	2.3103791780583443	0.0	9.84953340499756	0.068	0.0	500
primary::CBFB+PIK3CA+RB1+TP53	1	1.1879125360639846	0.0	5.014795947131806	0.002	0.0	500
metastatic::AKT1+NF1+PIK3CA	1	1.1881395617700024	0.0	4.703195467418153	0.008	0.0	500
metastatic::ATM+BRCA2+GATA3	1	1.0647435479186576	0.0	5.1070931702503515	0.006	0.0	500
metastatic::AKT1+PIK3CA+RUNX1+TP53	1	1.2420407152674229	0.0	5.93412733450472	0.004	0.0	500
metastatic::AKT1+ESR1+GATA3+MAP3K1	1	1.1619670332033287	0.0	6.688396792182986	0.0	0.0	500
primary::ESR1+GATA3+RUNX1	1	1.2901442733164452	0.0	5.881742964529565	0.0	0.0	500
metastatic::BRCA2+CBFB+GATA3	1	1.0894319181235592	0.0	4.992343141451671	0.002	0.0	500
metastatic::AKT1+MAP2K4+NF1+TP53	2	2.3346005854710246	0.0	9.356919720326472	0.052	0.0	500
primary::CBFB+MAP3K1	1	1.2362516049216818	0.0	4.62133061254884	0.002	0.0	500
metastatic::NF1+PIK3CA+PTEN	2	2.4152430190463408	0.0	8.620970953215819	0.048	0.0	500
metastatic::AKT1+ESR1+MAP2K4	1	1.2269155956440807	0.0	5.455929252880141	0.004	0.0	500
metastatic::BRCA2+PIK3CA+RUNX1	1	1.2231809087655945	0.0	4.8383488737330715	0.006	0.0	500
metastatic::AKT1+GATA3+RB1+TP53	1	1.28393431859811	0.0	5.5775664959651525	0.008	0.0	500
metastatic::BRCA2+MAP3K1+PIK3CA+RB1+TP53	1	1.1312294892033636	0.0	7.010238636650642	0.0	0.0	500
primary::BRCA2+RUNX1	1	1.2917524632031254	0.0	4.4374098055684525	0.002	0.0	500
metastatic::ESR1+GATA3+PIK3CA+RUNX1	1	1.262584868662488	0.0	4.708136712185742	0.006	0.0	500
metastatic::NF1+PIK3CA+RB1	1	1.3518347012220353	0.0	4.681069699678301	0.002	0.0	500
primary::MAP2K4+RB1	1	1.3251352382675443	0.0	5.272574067045272	0.006	0.0	500
primary::CBFB+PTEN	2	2.9224312654478943	0.0	7.685527625374137	0.046	0.0	500
primary::BRCA1+GATA3+MAP3K1	1	1.4256331767067563	0.0	5.863903339482367	0.0	0.0	500
primary::ATM+BRCA1	1	1.3625948646954997	0.0	4.731465532958267	0.004	0.0	500
unknown::RUNX1+TP53	2	2.7123207683065447	0.0	8.721638137012272	0.048	0.0	500
metastatic::AKT1+ATM+ESR1	1	1.344905710952624	0.0	5.643211179000294	0.002	0.0	500
unknown::MAP2K4+TP53	1	1.3790722052147806	0.0	5.2804051632377345	0.004	0.0	500
primary::ESR1+GATA3+NF1	1	1.3129340630110393	0.0	5.702148482756377	0.002	0.0	500
primary::ATM+GATA3+NF1	1	1.3486853285543126	0.0	5.532860022144515	0.006	0.0	500
metastatic::ATM+MAP2K4+TP53	1	1.5256402974560261	0.0	5.848300064077246	0.006	0.0	500
primary::BRCA2+GATA3+MAP3K1	1	1.3200776079783219	0.0	5.615360075540589	0.0	0.0	500
metastatic::BRCA2+RB1	1	1.5434286921003328	0.0	5.698652176659817	0.004	0.0	500
primary::AKT1+PIK3CA+RB1+TP53	1	1.4325745024806293	0.0	6.3164257128908545	0.002	0.0	500
metastatic::AKT1+MAP3K1+NF1	2	2.826861432128182	0.0	11.638039846743355	0.056	0.0	500
metastatic::BRCA1+GATA3+PIK3CA+TP53	1	1.3554773796518855	0.0	7.055014929190156	0.004	0.0	500
metastatic::ATM+PIK3CA+RUNX1	1	1.5596310709889392	0.0	6.45191035556351	0.002	0.0	500
metastatic::ATM+GATA3+PTEN	1	1.6138704676238531	0.0	6.928381919223182	0.002	0.0	500
metastatic::AKT1+GATA3+RUNX1	1	1.6092877960709342	0.0	6.795534709484887	0.002	0.0	500
primary::MAP2K4+RUNX1	1	1.5750792626834995	0.0	5.594293088211685	0.002	0.0	500
metastatic::ESR1+GATA3+RB1+TP53	1	1.5093573835599283	0.0	7.196073663623387	0.002	0.0	500
metastatic::CBFB+PIK3CA+PTEN+TP53	1	1.53893326470794	0.0	6.85101025120114	0.004	0.0	500
primary::BRCA1+NF1	2	2.997335099767736	0.0	10.725358626664555	0.062	0.0	500
metastatic::ATM+GATA3+MAP3K1	1	1.5640125843393258	0.0	7.93049758132442	0.01	0.0	500
metastatic::ATM+NF1	1	1.655487435284435	0.0	6.057974384683084	0.002	0.0	500
primary::ATM+GATA3+RUNX1	1	1.7104018366762532	0.0	6.454878559892731	0.002	0.0	500
metastatic::ATM+PIK3CA+RB1	1	1.5539587230681442	0.0	7.1927887948014995	0.002	0.0	500
unknown::CBFB+GATA3	1	1.5533719860302244	0.0	9.403579062847228	0.002	0.0	500
primary::BRCA1+CBFB+GATA3+MAP3K1+PIK3CA	1	1.869019927848977	0.0	22.93283781643144	0.006	0.0	500
primary::AKT1+PIK3CA+PTEN	1	1.9826107665358412	0.0	8.121329902011562	0.008	0.0	500
primary::BRCA2+MAP3K1+PTEN	1	1.739939767842201	0.0	8.953223817117571	0.004	0.0	500
metastatic::AKT1+CBFB+NF1+TP53	1	1.7208371294295568	0.0	12.483855650002361	0.008	0.0	500
metastatic::CBFB+ESR1	1	1.9391192597648748	0.0	7.043180031006036	0.008	0.0	500
metastatic::MAP2K4+NF1	1	2.0134965216948935	0.0	7.311497981336944	0.002	0.0	500
primary::NF1+RB1	2	3.8862722925682687	0.0	12.679948906071619	0.046	0.0	500
metastatic::BRCA2+ESR1+GATA3+PIK3CA	1	2.0133666703114264	0.0	8.419461520686623	0.0	0.0	500
primary::ATM+BRCA1+RUNX1+TP53	1	1.7169513023472471	0.0	11.226288160377441	0.0	0.0	500
metastatic::ATM+BRCA1	1	1.9972712119365978	0.0	7.362590083007092	0.0	0.0	500
unknown::BRCA2+PIK3CA	2	4.433902429101316	0.0	21.033311897422582	0.044	0.0	500
metastatic::BRCA1+PTEN+RB1+TP53	1	1.980090488314402	0.0	9.693432427162504	0.004	0.0	500
metastatic::PTEN+RUNX1	1	2.1341049259049623	0.0	8.423007296261185	0.006	0.0	500
primary::AKT1+MAP2K4+NF1+TP53	1	1.8861240771973211	0.0	12.714496547608919	0.0	0.0	500
metastatic::MAP3K1+RUNX1	1	2.1338491522332714	0.0	7.600670543217569	0.0	0.0	500
primary::BRCA2+CBFB	1	2.1420620364885563	0.0	8.612022686041728	0.004	0.0	500
metastatic::AKT1+ATM+MAP3K1	1	2.1644856732637656	0.0	10.084200966680951	0.002	0.0	500
primary::ESR1+GATA3+MAP2K4+PIK3CA	1	1.8168291359307118	0.0	11.434699679945401	0.0	0.0	500
metastatic::ATM+NF1+PIK3CA+PTEN	1	2.3794486530200407	0.0	43.63655308606021	0.004	0.0	500
primary::NF1+RUNX1	1	2.305720472494161	0.0	9.077431239772359	0.01	0.0	500
metastatic::BRCA1+NF1+PIK3CA+RB1+TP53	2	4.41829429573478	0.0	252074810.12533832	0.048	0.0	500
primary::BRCA2+NF1+PTEN+TP53	1	2.1953809213969997	0.0	10.75169100283418	0.004	0.0	500
unknown::NF1+PIK3CA	1	2.286906357463601	0.0	9.530963368777316	0.0	0.0	500
metastatic::ATM+BRCA2+NF1+PIK3CA+TP53	2	4.629158578272646	0.0	43.93701497877942	0.062	0.0	500
metastatic::BRCA1+NF1+RB1+TP53	1	2.3099445897489845	0.0	13.545384459237306	0.004	0.0	500
metastatic::GATA3+PTEN+RB1+TP53	1	2.23396152541749	0.0	10.900222697276163	0.006	0.0	500
primary::CBFB+ESR1	1	2.327043104911211	0.0	10.544969432451312	0.004	0.0	500
metastatic::BRCA2+ESR1+PIK3CA+RB1	1	2.2636113935744433	0.0	27.446426248474413	0.006	0.0	500
primary::GATA3+NF1+PIK3CA+RUNX1+TP53	1	2.360922275091231	0.0	15.236253319063731	0.002	0.0	500
primary::AKT1+MAP3K1+NF1+TP53	1	2.5462918111550983	0.0	27.964902795718753	0.0	0.0	500
primary::MAP3K1+NF1+PTEN+TP53	1	2.527050446541518	0.0	11.2443565599446	0.006	0.0	500
metastatic::BRCA1+MAP3K1+NF1+PIK3CA+RB1+TP53	1	2.5792426347739124	0.0	241851304.86736193	0.0	0.0	500
primary::ATM+ESR1+GATA3+PIK3CA	1	2.154623573433202	0.0	12.376104969600835	0.004	0.0	500
metastatic::AKT1+ATM+PIK3CA+TP53	1	2.3590507095442357	0.0	14.592484041148403	0.006	0.0	500
metastatic::ESR1+PTEN+RB1	1	2.5942591178310606	0.0	11.946455765459241	0.01	0.0	500
metastatic::CBFB+PTEN	1	2.4148329096126524	0.0	10.782002418647206	0.002	0.0	500
metastatic::ATM+ESR1+MAP2K4	1	2.6010323902048142	0.0	12.143348150776461	0.002	0.0	500
metastatic::AKT1+RB1+RUNX1+TP53	1	2.8814052633901452	0.0	16.905273905308512	0.002	0.0	500
metastatic::ATM+GATA3+NF1	1	2.4576683091923526	0.0	13.623892901950203	0.004	0.0	500
metastatic::ATM+GATA3+MAP3K1+PIK3CA+TP53	1	2.581377660677812	0.0	24.925296250604728	0.008	0.0	500
unknown::ATM+PIK3CA	1	2.565309961504018	0.0	11.478722314041818	0.004	0.0	500
primary::ATM+CBFB+GATA3+MAP3K1+PIK3CA	1	2.7038653487020468	0.0	24.116403439510727	0.004	0.0	500
metastatic::AKT1+ATM+MAP3K1+PIK3CA	1	2.7137178823750925	0.0	24.7494380079503	0.008	0.0	500
metastatic::CBFB+ESR1+PIK3CA+TP53	1	3.0114700758528032	0.0	11.82784498698479	0.01	0.0	500
metastatic::CBFB+MAP3K1	1	2.920563013316503	0.0	13.457517181772602	0.004	0.0	500
metastatic::BRCA2+ESR1+RB1	1	2.8566936084303105	0.0	13.396337664188126	0.006	0.0	500
metastatic::BRCA1+ESR1+MAP3K1	1	3.169704588770829	0.0	14.459407257502333	0.008	0.0	500
metastatic::AKT1+ATM+NF1	1	3.0220296996818607	0.0	17.896953530979086	0.002	0.0	500
metastatic::AKT1+CBFB+ESR1	1	2.878665141131936	0.0	15.191601739665929	0.002	0.0	500
primary::BRCA1+BRCA2+PTEN	1	2.963579237438662	0.0	13.66912888114987	0.002	0.0	500
metastatic::AKT1+MAP2K4+NF1	1	2.9780304781877645	0.0	16.749854569075538	0.006	0.0	500
metastatic::BRCA1+GATA3+MAP3K1+PIK3CA	1	2.745165716870067	0.0	25.744832530723208	0.002	0.0	500
primary::ATM+MAP2K4+PIK3CA+PTEN	1	3.352743081771912	0.0	29.327227313911642	0.0	0.0	500
metastatic::AKT1+BRCA2+PIK3CA	1	3.283929999094539	0.0	15.148377848914556	0.0	0.0	500
unknown::PIK3CA+PTEN	1	3.306553896428095	0.0	15.990555220500262	0.006	0.0	500
primary::MAP3K1+PTEN+RUNX1	1	3.140236903521857	0.0	15.704665676597736	0.0	0.0	500
metastatic::ATM+MAP2K4+NF1+PIK3CA+TP53	1	3.13392645448707	0.0	111800170.21451107	0.004	0.0	500
primary::CBFB+RUNX1+TP53	1	3.59308906375156	0.0	16.06793886708829	0.0	0.0	500
metastatic::CBFB+ESR1+GATA3+MAP3K1	1	3.723309649516093	0.0	34.80109410187384	0.008	0.0	500
primary::ATM+MAP3K1+PTEN+TP53	1	3.837189304048577	0.0	19.128669167203018	0.004	0.0	500
primary::AKT1+CBFB+PTEN	1	3.803402544012828	0.0	19.164630949009087	0.002	0.0	500
metastatic::AKT1+CBFB+NF1	1	3.6503990185498267	0.0	24.251935250380004	0.002	0.0	500
metastatic::ATM+BRCA1+NF1+PIK3CA	1	3.9659135834195682	0.0	241018541.21486753	0.0	0.0	500
primary::BRCA1+NF1+PIK3CA+PTEN+TP53	1	4.056036083587431	0.0	93.94424392596264	0.002	0.0	500
metastatic::AKT1+ESR1+RB1	1	3.788866905777077	0.0	23.11714128478763	0.006	0.0	500
metastatic::ATM+BRCA1+NF1+PIK3CA+RB1+TP53	1	3.933909902017935	0.0	244329046.9436669	0.004	0.0	500
primary::AKT1+ATM+RUNX1	1	4.031170685149862	0.0	25.43715464253786	0.006	0.0	500
unknown::BRCA2+RB1+TP53	1	4.315083197345135	0.0	37.44923316278756	0.004	0.0	500
primary::AKT1+NF1+RUNX1	1	3.9102333428350384	0.0	27.46804800429904	0.002	0.0	500
metastatic::ATM+MAP3K1+RB1+TP53	2	9.806992181727377	0.0	55.46581387638664	0.064	0.0	500
primary::NF1+PIK3CA+RB1+RUNX1+TP53	1	4.281849097133433	0.0	233066133.88140413	0.004	0.0	500
metastatic::GATA3+MAP3K1+RUNX1	1	4.911181296137961	0.0	37.353924658263395	0.0	0.0	500
primary::BRCA2+MAP2K4+NF1+PIK3CA+TP53	1	4.101261158250489	0.0	34.77905345395602	0.002	0.0	500
primary::AKT1+BRCA2+ESR1	1	4.447508418195412	0.0	43.6931361044085	0.004	0.0	500
primary::GATA3+MAP3K1+NF1+PIK3CA+RUNX1	1	4.55060410320111	0.0	242157000.02637157	0.002	0.0	500
unknown::AKT1+PIK3CA	1	4.904670550543111	0.0	23.16551575391386	0.006	0.0	500
metastatic::CBFB+NF1+TP53	1	5.253070224157866	0.0	27.08694321466316	0.004	0.0	500
primary::BRCA2+PTEN+RUNX1	1	4.910656962339814	0.0	35.67259534253123	0.0	0.0	500
metastatic::CBFB+ESR1+GATA3+TP53	1	4.336346486172459	0.0	28.74538266627463	0.004	0.0	500
primary::BRCA2+GATA3+PTEN+TP53	1	5.224035678652027	0.0	27.693277094779663	0.006	0.0	500
unknown::ESR1+GATA3+PIK3CA	1	3.8329207740234876	0.0	237722016.15154722	0.0	0.0	500
metastatic::AKT1+CBFB+RUNX1	1	4.712375782201994	0.0	32.80333113218767	0.002	0.0	500
primary::AKT1+BRCA2+NF1	1	5.177653812226007	0.0	74.05232966908079	0.006	0.0	500
metastatic::AKT1+GATA3+PTEN+TP53	1	5.614696260077009	0.0	32.560531087022035	0.006	0.0	500
metastatic::BRCA1+RB1+RUNX1+TP53	1	5.0383978746020475	0.0	115392183.03326413	0.002	0.0	500
primary::BRCA2+ESR1+MAP3K1	1	5.30761591133334	0.0	45.87278938671458	0.004	0.0	500
metastatic::AKT1+BRCA1+PIK3CA	1	5.501842806583911	0.0	33.87131910916694	0.004	0.0	500
primary::ATM+BRCA1+GATA3+TP53	1	5.928272434708843	0.0	35.037688782047724	0.004	0.0	500
primary::CBFB+MAP3K1+PTEN	1	6.0193391992153185	0.0	38.808544070143604	0.006	0.0	500
metastatic::ATM+GATA3+MAP3K1+NF1+PIK3CA+TP53	1	5.355022273779708	0.0	239306242.0569448	0.002	0.0	500
metastatic::ATM+GATA3+RB1	1	6.489272238510396	0.0	31.98436760239112	0.002	0.0	500
metastatic::AKT1+BRCA2+ESR1+GATA3	1	6.009575841048154	0.0	79.07364085517064	0.006	0.0	500
metastatic::ESR1+MAP2K4+PTEN+TP53	1	6.413130333964192	0.0	60.69594008285296	0.0	0.0	500
primary::ATM+GATA3+MAP3K1+TP53	1	6.439383418230543	0.0	53.74880828126219	0.002	0.0	500
primary::ESR1+MAP3K1+PIK3CA+RB1+TP53	1	5.85777602786702	0.0	65.00000420663366	0.006	0.0	500
metastatic::ATM+GATA3+NF1+TP53	1	6.563415325317973	0.0	56.15398638216231	0.006	0.0	500
metastatic::BRCA1+MAP3K1+PIK3CA+PTEN+TP53	1	7.244220808366974	0.0	360625831.1437147	0.004	0.0	500
unknown::ESR1+GATA3+TP53	1	7.0631275776649085	0.0	172822459.06854686	0.004	0.0	500
metastatic::CBFB+RB1	2	13.371218079289214	0.0	47.67622937976087	0.05	0.0	500
metastatic::GATA3+MAP3K1+NF1	1	7.530495625216292	0.0	36.08990352043738	0.008	0.0	500
metastatic::BRCA2+NF1+PTEN+TP53	1	7.506779020531047	0.0	120532926.73572926	0.004	0.0	500
metastatic::CBFB+MAP3K1+NF1+PIK3CA+TP53	1	7.659266421110825	0.0	236087650.44164246	0.002	0.0	500
metastatic::BRCA2+MAP3K1+NF1	1	7.023249444275081	0.0	172610125.96822348	0.0	0.0	500
metastatic::BRCA1+GATA3+PTEN+TP53	1	8.276205835644678	0.0	63.13990241783567	0.004	0.0	500
metastatic::AKT1+BRCA2+PTEN+TP53	1	6.611829725931313	0.0	61050657.8662878	0.004	0.0	500
primary::BRCA1+MAP3K1+NF1+TP53	2	13.381846138906784	0.0	239341660.1681158	0.06	0.0	500
metastatic::NF1+PTEN+RUNX1+TP53	1	6.863087858844293	0.0	97.18997025818511	0.002	0.0	500
primary::ATM+BRCA1+BRCA2+MAP3K1+NF1+PIK3CA+PTEN+RUNX1+TP53	1	7.964025836488872	0.0	367233706.3358373	0.002	0.0	500
metastatic::ATM+BRCA2+MAP3K1	1	7.12172935039276	0.0	118189452.39132118	0.002	0.0	500
primary::NF1+PTEN+RB1	1	8.425902807926292	0.0	67.7949951013622	0.0	0.0	500
metastatic::BRCA2+PTEN+RB1	1	7.914330332659475	0.0	117422474.65973403	0.002	0.0	500
metastatic::AKT1+BRCA2+ESR1+RB1	1	6.845637318320469	0.0	259160263.50520793	0.0	0.0	500
primary::ATM+BRCA1+BRCA2+ESR1+MAP3K1+NF1+PIK3CA+RUNX1+TP53	1	9.259261721155706	0.0	356758685.6664355	0.0	0.0	500
metastatic::ATM+ESR1+GATA3+NF1	1	7.290259137220566	0.0	236028031.17671612	0.0	0.0	500
metastatic::ATM+BRCA2+PIK3CA+RUNX1+TP53	1	9.156720685664581	0.0	250524843.34534895	0.002	0.0	500
primary::BRCA2+CBFB+MAP2K4+PIK3CA+TP53	1	7.175486919979308	0.0	226208029.7178202	0.002	0.0	500
metastatic::BRCA2+GATA3+PTEN+TP53	1	9.701814816003028	0.0	118718385.86234945	0.002	0.0	500
primary::ATM+GATA3+PIK3CA+RB1	1	8.028379184107376	0.0	62.44891215036737	0.004	0.0	500
metastatic::AKT1+BRCA1+RUNX1	1	9.001647722153539	0.0	121813967.85886215	0.008	0.0	500
primary::GATA3+MAP2K4+PIK3CA+PTEN+TP53	1	10.02253521332024	0.0	116233591.93320133	0.004	0.0	500
metastatic::BRCA1+NF1+RUNX1+TP53	1	11.356876729242597	0.0	241314622.57859454	0.002	0.0	500
metastatic::ATM+NF1+PTEN	1	11.9334214902922	0.0	246864315.27767584	0.0	0.0	500
metastatic::BRCA2+ESR1+GATA3+PIK3CA+RUNX1	1	9.885033164312421	0.0	252771660.38262063	0.006	0.0	500
metastatic::BRCA1+CBFB+GATA3+TP53	1	12.497730373915243	0.0	227599669.71501037	0.002	0.0	500
primary::GATA3+MAP2K4+NF1+PIK3CA+PTEN+TP53	1	13.261872807828059	0.0	351273381.146022	0.002	0.0	500
primary::AKT1+BRCA2+MAP3K1+NF1+TP53	1	13.182162507925941	0.0	254881694.86174786	0.004	0.0	500
metastatic::GATA3+MAP3K1+RB1	1	12.49006975668206	0.0	127.76739737514713	0.008	0.0	500
metastatic::BRCA1+ESR1+NF1+PIK3CA+TP53	1	12.663352432116884	0.0	174100611.27484	0.002	0.0	500
metastatic::MAP2K4+NF1+PTEN	1	11.422833386694073	0.0	236564424.1630323	0.002	0.0	500
metastatic::CBFB+RUNX1	1	13.430865222561401	0.0	62.50514713808887	0.002	0.0	500
metastatic::AKT1+BRCA1+ESR1+PIK3CA	1	14.390201600916672	0.0	108.234953338734	0.006	0.0	500
unknown::PTEN+RB1+TP53	3	58.50176053703008	0.0	738710741.4800608	0.092	0.002	500
metastatic::ATM+BRCA1+NF1	1	12.808171859853424	0.0	227241285.94227833	0.002	0.0	500
primary::BRCA2+CBFB+GATA3+PTEN	1	14.645297923130922	0.0	338889602.375598	0.002	0.0	500
metastatic::BRCA2+MAP3K1+RB1	1	12.945908506711818	0.0	235162437.40018415	0.008	0.0	500
metastatic::AKT1+MAP3K1+NF1+PIK3CA+TP53	1	17.828067258936944	0.0	232397175.6521313	0.002	0.0	500
metastatic::ESR1+GATA3+MAP3K1+NF1+PIK3CA	1	16.14752215847064	0.0	119922601.16810417	0.0	0.0	500
primary::ATM+NF1+RUNX1+TP53	1	17.832056424243603	0.0	234878992.58178338	0.004	0.0	500
primary::ATM+CBFB+NF1+PIK3CA	1	20.61725435729688	0.0	361070925.98834795	0.002	0.0	500
unknown::AKT1+ATM+PIK3CA	1	17.971931050423688	0.0	234041539.12106755	0.002	0.0	500
primary::BRCA2+MAP3K1+NF1+PTEN	1	14.453434093158208	0.0	363666371.9088722	0.002	0.0	500
metastatic::BRCA1+BRCA2+GATA3+PIK3CA	1	17.482006402047524	0.0	201.68067827904838	0.002	0.0	500
unknown::AKT1+ESR1+PIK3CA	1	15.50286548848229	0.0	232777992.87236762	0.008	0.0	500
metastatic::ATM+BRCA2+GATA3+RB1	1	17.790343722936992	0.0	239302078.85278904	0.0	0.0	500
primary::ESR1+MAP2K4+PIK3CA+PTEN+TP53	1	23.156112630617752	0.0	258672772.48771542	0.004	0.0	500
metastatic::BRCA1+CBFB+NF1+TP53	1	18.80126072702263	0.0	684.241891353013	0.002	0.0	500
metastatic::ATM+CBFB+ESR1+GATA3+TP53	1	26.364711490325597	0.0	352442202.3788588	0.0	0.0	500
primary::AKT1+BRCA1+BRCA2+ESR1	1	25.94823086694828	0.0	253040816.16316903	0.0	0.0	500
primary::ATM+BRCA1+RUNX1	1	33.169633264746196	0.0	347941213.76364297	0.004	0.0	500
metastatic::BRCA1+MAP2K4+NF1+RB1+TP53	1	34.4170268212615	0.0	306393394.6653734	0.002	0.0	500
primary::AKT1+ATM+BRCA2+PIK3CA+TP53	1	35.03694708113456	0.0	229281788.23962337	0.002	0.0	500
metastatic::AKT1+ESR1+GATA3+MAP3K1+NF1	1	36.941894973394554	0.0	371043904.46433926	0.004	0.0	500
metastatic::MAP3K1+NF1+PTEN	1	39.3937989298502	0.0	300659444.53589094	0.004	0.0	500
primary::BRCA2+ESR1+MAP3K1+NF1	1	31.06843111560243	0.0	253190999.46252084	0.008	0.0	500
primary::ATM+GATA3+MAP3K1+PTEN	1	45.79301781080558	0.0	251462631.45963553	0.0	0.0	500
metastatic::BRCA2+CBFB+RB1+TP53	1	41.52086757792903	0.0	385.8499399416821	0.004	0.0	500
unknown::ATM+ESR1+PIK3CA+TP53	1	47.05097838150056	0.0	348016835.317117	0.004	0.0	500
primary::BRCA1+MAP2K4+RB1	1	52.242465926963284	0.0	254341263.30612195	0.0	0.0	500
unknown::BRCA1+CBFB+GATA3	1	51.11019018290469	0.0	344215981.91009736	0.002	0.0	500
metastatic::MAP2K4+MAP3K1+NF1	1	59.46902145536842	0.0	251606017.85181707	0.0	0.0	500
unknown::BRCA2+CBFB+TP53	1	64.95167402113758	0.0	536.7133146879768	0.004	0.0	500
primary::BRCA2+GATA3+MAP3K1+NF1+PIK3CA+RUNX1	1	75.52337608332323	0.0	354623344.3215452	0.002	0.0	500
primary::CBFB+NF1+RUNX1	1	159.8480168397242	0.0	305714418.5617188	0.004	0.0	500
primary::WT	1196	144831607774.90912	131320309051.94177	159365628419.70062	0.0	0.0	500
metastatic::WT	596	72145284760.21262	64067338231.226166	81041314282.71571	0.0	0.0	500
unknown::WT	401	48305450996.178604	42620001062.901794	54775038351.60975	0.0	0.0	500
unknown::MAP3K1+PTEN	2	233614696.8302344	0.0	629790907.741633	0.0	0.0	500
metastatic::AKT1+ATM+BRCA1+BRCA2+ESR1+MAP3K1+NF1+PIK3CA+PTEN+RUNX1+TP53	1	118333800.9046382	0.0	471941699.91472006	0.0	0.0	500
metastatic::AKT1+ATM+BRCA1+BRCA2+MAP3K1+NF1+RUNX1+TP53	1	118570141.8850393	0.0	388502419.2897824	0.0	0.0	500
metastatic::AKT1+ATM+BRCA2+PIK3CA+RB1	1	117984103.97888437	0.0	375663242.1652745	0.0	0.0	500
metastatic::AKT1+BRCA1+BRCA2+MAP2K4+MAP3K1+NF1+RB1+RUNX1+TP53	1	117589272.18840888	0.0	379447772.7931084	0.0	0.0	500
metastatic::AKT1+BRCA1+ESR1+RUNX1+TP53	1	117536721.99963862	0.0	371514521.8698146	0.0	0.0	500
metastatic::AKT1+BRCA2+MAP2K4+NF1+PIK3CA+TP53	1	117533851.24064201	0.0	486018846.85167754	0.0	0.0	500
metastatic::AKT1+BRCA2+NF1+RB1+TP53	1	118637018.91802678	0.0	418640749.8563347	0.0	0.0	500
metastatic::AKT1+CBFB+GATA3+PIK3CA+RB1+TP53	1	119157770.33081709	0.0	386563843.0365605	0.0	0.0	500
metastatic::ATM+BRCA1+BRCA2+ESR1+MAP3K1	1	119218712.71462747	0.0	460912010.95242274	0.0	0.0	500
metastatic::ATM+BRCA1+BRCA2+ESR1+MAP3K1+PIK3CA+RUNX1+TP53	1	117647745.05223966	0.0	367441612.4703862	0.0	0.0	500
metastatic::ATM+BRCA1+BRCA2+GATA3+PIK3CA+RB1+TP53	1	118836527.07141456	0.0	380642577.1712075	0.0	0.0	500
metastatic::ATM+BRCA1+ESR1+MAP3K1+RUNX1	1	119099860.95243353	0.0	385383236.3115927	0.0	0.0	500
metastatic::ATM+BRCA1+MAP3K1+PIK3CA+PTEN	1	118539384.3823348	0.0	372542951.8253117	0.0	0.0	500
metastatic::ATM+BRCA2+ESR1+GATA3+MAP2K4	1	118462663.54055405	0.0	384867844.8910353	0.0	0.0	500
metastatic::ATM+BRCA2+ESR1+NF1+RUNX1+TP53	1	120029335.12695362	0.0	378223609.91257	0.0	0.0	500
metastatic::ATM+NF1+RB1+RUNX1+TP53	1	119378000.06379744	0.0	379340869.4641773	0.0	0.0	500
metastatic::BRCA1+BRCA2+ESR1+PIK3CA+RUNX1	1	117330068.73149894	0.0	381435555.971939	0.0	0.0	500
metastatic::BRCA1+BRCA2+MAP2K4+MAP3K1+PIK3CA+TP53	1	120281848.86498968	0.0	376222209.9933346	0.0	0.0	500
metastatic::BRCA1+BRCA2+MAP3K1+NF1+RB1+RUNX1+TP53	1	118526224.69372424	0.0	376521264.38488966	0.0	0.0	500
metastatic::BRCA1+BRCA2+NF1+PIK3CA+PTEN	1	118546410.40442304	0.0	390119696.5661434	0.0	0.0	500
metastatic::BRCA2+ESR1+RUNX1+TP53	1	119085527.11542073	0.0	417608825.2481515	0.0	0.0	500
metastatic::ESR1+MAP2K4+PIK3CA+RB1+RUNX1	1	120386227.96713309	0.0	389338397.22603106	0.0	0.0	500
metastatic::ESR1+MAP3K1+PIK3CA+PTEN+RUNX1	1	119893097.1198166	0.0	370371753.73688453	0.0	0.0	500
metastatic::ESR1+MAP3K1+PIK3CA+RB1+RUNX1	1	118173382.23389831	0.0	376259486.9573373	0.0	0.0	500
metastatic::GATA3+NF1+PIK3CA+PTEN+RB1+TP53	1	118243227.36959013	0.0	383943172.5427515	0.0	0.0	500
primary::AKT1+ATM+BRCA1+BRCA2+CBFB+MAP3K1+NF1+PIK3CA+PTEN+RUNX1	1	118713221.02490789	0.0	391867695.1321212	0.0	0.0	500
primary::AKT1+ATM+BRCA1+BRCA2+MAP2K4+MAP3K1+NF1+RB1+RUNX1+TP53	1	119103713.6583727	0.0	375066671.91213495	0.0	0.0	500
primary::AKT1+BRCA1+PTEN+RUNX1	1	117641628.09210342	0.0	382356581.8734633	0.0	0.0	500
primary::AKT1+BRCA2+MAP3K1+RUNX1+TP53	1	118400640.08517139	0.0	383196260.5957616	0.0	0.0	500
primary::AKT1+BRCA2+PTEN+RB1+TP53	1	118985948.58594137	0.0	377965093.71022666	0.0	0.0	500
primary::AKT1+CBFB+MAP2K4+MAP3K1+RUNX1	1	117270518.861749	0.0	391371268.5694953	0.0	0.0	500
primary::AKT1+ESR1+GATA3+NF1+TP53	1	119056143.11999702	0.0	379290819.9450998	0.0	0.0	500
primary::ATM+BRCA1+BRCA2+MAP3K1+NF1+PIK3CA+RUNX1+TP53	1	117810913.07523757	0.0	371074456.8408175	0.0	0.0	500
primary::ATM+MAP2K4+MAP3K1+NF1+PIK3CA	1	119845909.81240249	0.0	452458021.8426106	0.0	0.0	500
primary::BRCA2+GATA3+MAP3K1+NF1+TP53	1	117694889.17584431	0.0	389212886.6033039	0.0	0.0	500
primary::CBFB+GATA3+MAP3K1+NF1+PIK3CA+TP53	1	118443292.33036782	0.0	375795500.552251	0.0	0.0	500
primary::ESR1+GATA3+PTEN+RB1	1	118243227.36959013	0.0	380067586.08535826	0.0	0.0	500
primary::GATA3+MAP3K1+NF1+PTEN	1	118781938.44238505	0.0	379421659.84159803	0.0	0.0	500
unknown::ATM+BRCA2+GATA3	1	119239237.07318854	0.0	383316698.5765397	0.0	0.0	500
unknown::MAP2K4+PIK3CA+RB1+TP53	1	117384608.55365026	0.0	377243730.5313138	0.0	0.0	500
