state	stage	genotype	event_count	N_v	L_v
primary::TP53	primary	TP53	1	1436	0.13097409704487414
primary::WT	primary	WT	0	1196	0.10908427581174754
primary::PIK3CA	primary	PIK3CA	1	766	0.06986501276906239
metastatic::TP53	metastatic	TP53	1	711	0.06484859540313755
metastatic::WT	metastatic	WT	0	596	0.05435972272893105
primary::PIK3CA+TP53	primary	PIK3CA+TP53	2	452	0.041225829989055086
unknown::WT	unknown	WT	0	401	0.03657424297701569
primary::GATA3	primary	GATA3	1	332	0.03028091937249179
metastatic::PIK3CA	metastatic	PIK3CA	1	304	0.027727106895293688
metastatic::PIK3CA+TP53	metastatic	PIK3CA+TP53	2	264	0.024078803356439256
metastatic::GATA3	metastatic	GATA3	1	168	0.015322874863188618
primary::MAP3K1+PIK3CA	primary	MAP3K1+PIK3CA	2	158	0.014410798978475008
primary::GATA3+PIK3CA	primary	GATA3+PIK3CA	2	115	0.010488872674206494
primary::PTEN+TP53	primary	PTEN+TP53	2	85	0.0077526450200656695
primary::AKT1	primary	AKT1	1	78	0.007114191900766144
primary::PTEN	primary	PTEN	1	78	0.007114191900766144
primary::RB1+TP53	primary	RB1+TP53	2	78	0.007114191900766144
metastatic::ESR1	metastatic	ESR1	1	75	0.0068405691353520615
primary::BRCA1+TP53	primary	BRCA1+TP53	2	73	0.00665815395840934
metastatic::PTEN+TP53	metastatic	PTEN+TP53	2	68	0.006202116016052536
primary::MAP3K1	primary	MAP3K1	1	61	0.00556366289675301
metastatic::ESR1+PIK3CA	metastatic	ESR1+PIK3CA	2	59	0.005381247719810288
primary::NF1+TP53	primary	NF1+TP53	2	59	0.005381247719810288
primary::AKT1+TP53	primary	AKT1+TP53	2	57	0.0051988325428675665
metastatic::ESR1+GATA3	metastatic	ESR1+GATA3	2	52	0.0047427946005107625
primary::MAP2K4+PIK3CA	primary	MAP2K4+PIK3CA	2	51	0.004651587012039402
primary::BRCA2+TP53	primary	BRCA2+TP53	2	49	0.00446917183509668
primary::CBFB+PIK3CA	primary	CBFB+PIK3CA	2	48	0.004377964246625319
primary::GATA3+TP53	primary	GATA3+TP53	2	48	0.004377964246625319
metastatic::MAP3K1+PIK3CA	metastatic	MAP3K1+PIK3CA	2	45	0.004104341481211237
metastatic::AKT1	metastatic	AKT1	1	42	0.0038307187157971545
metastatic::GATA3+PIK3CA	metastatic	GATA3+PIK3CA	2	42	0.0038307187157971545
primary::CBFB+GATA3+PIK3CA	primary	CBFB+GATA3+PIK3CA	3	41	0.0037395111273257936
primary::PIK3CA+PTEN	primary	PIK3CA+PTEN	2	41	0.0037395111273257936
metastatic::PTEN	metastatic	PTEN	1	40	0.0036483035388544327
metastatic::AKT1+TP53	metastatic	AKT1+TP53	2	38	0.003465888361911711
metastatic::GATA3+TP53	metastatic	GATA3+TP53	2	38	0.003465888361911711
primary::MAP3K1+TP53	primary	MAP3K1+TP53	2	38	0.003465888361911711
metastatic::RB1+TP53	metastatic	RB1+TP53	2	37	0.00337468077344035
primary::BRCA2	primary	BRCA2	1	37	0.00337468077344035
primary::CBFB+GATA3	primary	CBFB+GATA3	2	36	0.003283473184968989
primary::MAP2K4	primary	MAP2K4	1	35	0.0031922655964976288
unknown::TP53	unknown	TP53	1	33	0.003009850419554907
metastatic::BRCA2+TP53	metastatic	BRCA2+TP53	2	32	0.002918642831083546
primary::MAP3K1+PIK3CA+TP53	primary	MAP3K1+PIK3CA+TP53	3	32	0.002918642831083546
primary::NF1+PIK3CA+TP53	primary	NF1+PIK3CA+TP53	3	31	0.0028274352426121852
primary::PIK3CA+PTEN+TP53	primary	PIK3CA+PTEN+TP53	3	31	0.0028274352426121852
metastatic::NF1+PIK3CA+TP53	metastatic	NF1+PIK3CA+TP53	3	30	0.0027362276541408243
metastatic::BRCA1+TP53	metastatic	BRCA1+TP53	2	29	0.002645020065669464
metastatic::ESR1+TP53	metastatic	ESR1+TP53	2	28	0.002553812477198103
primary::NF1	primary	NF1	1	28	0.002553812477198103
metastatic::BRCA2	metastatic	BRCA2	1	27	0.002462604888726742
primary::AKT1+GATA3	primary	AKT1+GATA3	2	27	0.002462604888726742
primary::PIK3CA+RUNX1	primary	PIK3CA+RUNX1	2	27	0.002462604888726742
primary::RUNX1+TP53	primary	RUNX1+TP53	2	26	0.0023713973002553812
metastatic::MAP3K1+TP53	metastatic	MAP3K1+TP53	2	25	0.0022801897117840204
primary::ATM+TP53	primary	ATM+TP53	2	25	0.0022801897117840204
primary::ESR1	primary	ESR1	1	25	0.0022801897117840204
primary::ATM	primary	ATM	1	24	0.0021889821233126595
primary::MAP2K4+TP53	primary	MAP2K4+TP53	2	24	0.0021889821233126595
metastatic::MAP3K1+PIK3CA+TP53	metastatic	MAP3K1+PIK3CA+TP53	3	23	0.0020977745348412986
metastatic::NF1+TP53	metastatic	NF1+TP53	2	23	0.0020977745348412986
metastatic::MAP3K1	metastatic	MAP3K1	1	22	0.002006566946369938
metastatic::ATM+TP53	metastatic	ATM+TP53	2	21	0.0019153593578985773
primary::BRCA2+PIK3CA	primary	BRCA2+PIK3CA	2	21	0.0019153593578985773
primary::GATA3+PIK3CA+TP53	primary	GATA3+PIK3CA+TP53	3	21	0.0019153593578985773
metastatic::PIK3CA+PTEN+TP53	metastatic	PIK3CA+PTEN+TP53	3	20	0.0018241517694272164
primary::ATM+PIK3CA	primary	ATM+PIK3CA	2	20	0.0018241517694272164
primary::GATA3+MAP3K1+PIK3CA	primary	GATA3+MAP3K1+PIK3CA	3	20	0.0018241517694272164
metastatic::MAP2K4	metastatic	MAP2K4	1	19	0.0017329441809558555
metastatic::RUNX1+TP53	metastatic	RUNX1+TP53	2	19	0.0017329441809558555
primary::NF1+PIK3CA	primary	NF1+PIK3CA	2	19	0.0017329441809558555
metastatic::ATM	metastatic	ATM	1	18	0.0016417365924844946
primary::GATA3+PTEN	primary	GATA3+PTEN	2	18	0.0016417365924844946
primary::RB1	primary	RB1	1	18	0.0016417365924844946
primary::RUNX1	primary	RUNX1	1	18	0.0016417365924844946
metastatic::ESR1+MAP3K1+PIK3CA	metastatic	ESR1+MAP3K1+PIK3CA	3	17	0.001550529004013134
primary::BRCA1	primary	BRCA1	1	17	0.001550529004013134
primary::GATA3+MAP3K1	primary	GATA3+MAP3K1	2	17	0.001550529004013134
primary::ATM+GATA3	primary	ATM+GATA3	2	16	0.001459321415541773
primary::GATA3+MAP2K4	primary	GATA3+MAP2K4	2	16	0.001459321415541773
primary::PIK3CA+RUNX1+TP53	primary	PIK3CA+RUNX1+TP53	3	16	0.001459321415541773
metastatic::MAP2K4+PIK3CA	metastatic	MAP2K4+PIK3CA	2	15	0.0013681138270704122
primary::CBFB+MAP3K1+PIK3CA	primary	CBFB+MAP3K1+PIK3CA	3	15	0.0013681138270704122
metastatic::ESR1+GATA3+PIK3CA	metastatic	ESR1+GATA3+PIK3CA	3	14	0.0012769062385990515
metastatic::MAP2K4+PIK3CA+TP53	metastatic	MAP2K4+PIK3CA+TP53	3	14	0.0012769062385990515
primary::MAP2K4+PIK3CA+TP53	primary	MAP2K4+PIK3CA+TP53	3	14	0.0012769062385990515
metastatic::AKT1+GATA3	metastatic	AKT1+GATA3	2	13	0.0011856986501276906
metastatic::BRCA2+PIK3CA	metastatic	BRCA2+PIK3CA	2	13	0.0011856986501276906
metastatic::ESR1+PIK3CA+TP53	metastatic	ESR1+PIK3CA+TP53	3	13	0.0011856986501276906
metastatic::RB1	metastatic	RB1	1	13	0.0011856986501276906
primary::ATM+PIK3CA+TP53	primary	ATM+PIK3CA+TP53	3	13	0.0011856986501276906
primary::BRCA2+PIK3CA+TP53	primary	BRCA2+PIK3CA+TP53	3	13	0.0011856986501276906
primary::PIK3CA+RB1	primary	PIK3CA+RB1	2	13	0.0011856986501276906
metastatic::ESR1+MAP3K1	metastatic	ESR1+MAP3K1	2	12	0.0010944910616563297
metastatic::ESR1+PTEN	metastatic	ESR1+PTEN	2	12	0.0010944910616563297
metastatic::NF1+PIK3CA	metastatic	NF1+PIK3CA	2	12	0.0010944910616563297
metastatic::PIK3CA+RB1	metastatic	PIK3CA+RB1	2	12	0.0010944910616563297
metastatic::PIK3CA+RUNX1+TP53	metastatic	PIK3CA+RUNX1+TP53	3	12	0.0010944910616563297
primary::ESR1+TP53	primary	ESR1+TP53	2	12	0.0010944910616563297
primary::PTEN+RB1+TP53	primary	PTEN+RB1+TP53	3	12	0.0010944910616563297
unknown::PIK3CA	unknown	PIK3CA	1	12	0.0010944910616563297
metastatic::CBFB+PIK3CA	metastatic	CBFB+PIK3CA	2	11	0.001003283473184969
metastatic::PIK3CA+RB1+TP53	metastatic	PIK3CA+RB1+TP53	3	11	0.001003283473184969
primary::AKT1+MAP3K1	primary	AKT1+MAP3K1	2	11	0.001003283473184969
unknown::PIK3CA+TP53	unknown	PIK3CA+TP53	2	11	0.001003283473184969
metastatic::BRCA1	metastatic	BRCA1	1	10	0.0009120758847136082
metastatic::BRCA1+PIK3CA+TP53	metastatic	BRCA1+PIK3CA+TP53	3	10	0.0009120758847136082
metastatic::BRCA2+ESR1	metastatic	BRCA2+ESR1	2	10	0.0009120758847136082
metastatic::BRCA2+PIK3CA+TP53	metastatic	BRCA2+PIK3CA+TP53	3	10	0.0009120758847136082
metastatic::NF1	metastatic	NF1	1	10	0.0009120758847136082
metastatic::PIK3CA+PTEN	metastatic	PIK3CA+PTEN	2	10	0.0009120758847136082
primary::AKT1+CBFB+GATA3	primary	AKT1+CBFB+GATA3	3	10	0.0009120758847136082
primary::BRCA1+PIK3CA	primary	BRCA1+PIK3CA	2	10	0.0009120758847136082
metastatic::GATA3+PIK3CA+TP53	metastatic	GATA3+PIK3CA+TP53	3	9	0.0008208682962422473
metastatic::GATA3+PTEN	metastatic	GATA3+PTEN	2	9	0.0008208682962422473
primary::AKT1+PIK3CA	primary	AKT1+PIK3CA	2	9	0.0008208682962422473
primary::ESR1+GATA3	primary	ESR1+GATA3	2	9	0.0008208682962422473
primary::ESR1+PIK3CA	primary	ESR1+PIK3CA	2	9	0.0008208682962422473
metastatic::ATM+ESR1	metastatic	ATM+ESR1	2	8	0.0007296607077708865
metastatic::ATM+GATA3	metastatic	ATM+GATA3	2	8	0.0007296607077708865
metastatic::ATM+PIK3CA	metastatic	ATM+PIK3CA	2	8	0.0007296607077708865
metastatic::BRCA2+GATA3	metastatic	BRCA2+GATA3	2	8	0.0007296607077708865
primary::AKT1+MAP2K4	primary	AKT1+MAP2K4	2	8	0.0007296607077708865
primary::BRCA1+PIK3CA+TP53	primary	BRCA1+PIK3CA+TP53	3	8	0.0007296607077708865
primary::CBFB	primary	CBFB	1	8	0.0007296607077708865
primary::GATA3+NF1	primary	GATA3+NF1	2	8	0.0007296607077708865
primary::GATA3+PIK3CA+RUNX1	primary	GATA3+PIK3CA+RUNX1	3	8	0.0007296607077708865
primary::MAP3K1+PIK3CA+PTEN	primary	MAP3K1+PIK3CA+PTEN	3	8	0.0007296607077708865
primary::MAP3K1+PIK3CA+RUNX1	primary	MAP3K1+PIK3CA+RUNX1	3	8	0.0007296607077708865
primary::PIK3CA+RB1+TP53	primary	PIK3CA+RB1+TP53	3	8	0.0007296607077708865
metastatic::AKT1+GATA3+TP53	metastatic	AKT1+GATA3+TP53	3	7	0.0006384531192995258
metastatic::CBFB+GATA3	metastatic	CBFB+GATA3	2	7	0.0006384531192995258
metastatic::CBFB+GATA3+PIK3CA	metastatic	CBFB+GATA3+PIK3CA	3	7	0.0006384531192995258
metastatic::ESR1+MAP2K4	metastatic	ESR1+MAP2K4	2	7	0.0006384531192995258
metastatic::GATA3+MAP2K4	metastatic	GATA3+MAP2K4	2	7	0.0006384531192995258
metastatic::MAP2K4+TP53	metastatic	MAP2K4+TP53	2	7	0.0006384531192995258
primary::BRCA2+RB1+TP53	primary	BRCA2+RB1+TP53	3	7	0.0006384531192995258
primary::GATA3+RUNX1	primary	GATA3+RUNX1	2	7	0.0006384531192995258
metastatic::AKT1+ESR1	metastatic	AKT1+ESR1	2	6	0.0005472455308281649
metastatic::AKT1+NF1+TP53	metastatic	AKT1+NF1+TP53	3	6	0.0005472455308281649
metastatic::ATM+PIK3CA+TP53	metastatic	ATM+PIK3CA+TP53	3	6	0.0005472455308281649
metastatic::ESR1+GATA3+TP53	metastatic	ESR1+GATA3+TP53	3	6	0.0005472455308281649
metastatic::GATA3+MAP3K1	metastatic	GATA3+MAP3K1	2	6	0.0005472455308281649
metastatic::MAP3K1+PIK3CA+PTEN	metastatic	MAP3K1+PIK3CA+PTEN	3	6	0.0005472455308281649
primary::AKT1+CBFB	primary	AKT1+CBFB	2	6	0.0005472455308281649
primary::BRCA1+BRCA2+TP53	primary	BRCA1+BRCA2+TP53	3	6	0.0005472455308281649
primary::BRCA1+GATA3	primary	BRCA1+GATA3	2	6	0.0005472455308281649
primary::BRCA2+GATA3	primary	BRCA2+GATA3	2	6	0.0005472455308281649
primary::BRCA2+PTEN	primary	BRCA2+PTEN	2	6	0.0005472455308281649
primary::CBFB+TP53	primary	CBFB+TP53	2	6	0.0005472455308281649
primary::MAP3K1+NF1+PIK3CA	primary	MAP3K1+NF1+PIK3CA	3	6	0.0005472455308281649
primary::MAP3K1+RUNX1+TP53	primary	MAP3K1+RUNX1+TP53	3	6	0.0005472455308281649
unknown::GATA3	unknown	GATA3	1	6	0.0005472455308281649
metastatic::AKT1+MAP3K1	metastatic	AKT1+MAP3K1	2	5	0.0004560379423568041
metastatic::AKT1+PIK3CA	metastatic	AKT1+PIK3CA	2	5	0.0004560379423568041
metastatic::ATM+MAP3K1+PIK3CA	metastatic	ATM+MAP3K1+PIK3CA	3	5	0.0004560379423568041
metastatic::BRCA2+MAP3K1+PIK3CA	metastatic	BRCA2+MAP3K1+PIK3CA	3	5	0.0004560379423568041
metastatic::ESR1+MAP2K4+PIK3CA	metastatic	ESR1+MAP2K4+PIK3CA	3	5	0.0004560379423568041
metastatic::NF1+PIK3CA+PTEN+TP53	metastatic	NF1+PIK3CA+PTEN+TP53	4	5	0.0004560379423568041
metastatic::PIK3CA+RUNX1	metastatic	PIK3CA+RUNX1	2	5	0.0004560379423568041
metastatic::RUNX1	metastatic	RUNX1	1	5	0.0004560379423568041
primary::ATM+BRCA2	primary	ATM+BRCA2	2	5	0.0004560379423568041
primary::ATM+RB1+TP53	primary	ATM+RB1+TP53	3	5	0.0004560379423568041
primary::CBFB+PIK3CA+TP53	primary	CBFB+PIK3CA+TP53	3	5	0.0004560379423568041
primary::ESR1+PIK3CA+TP53	primary	ESR1+PIK3CA+TP53	3	5	0.0004560379423568041
primary::GATA3+MAP2K4+PIK3CA	primary	GATA3+MAP2K4+PIK3CA	3	5	0.0004560379423568041
primary::MAP2K4+PTEN+TP53	primary	MAP2K4+PTEN+TP53	3	5	0.0004560379423568041
primary::NF1+PTEN+TP53	primary	NF1+PTEN+TP53	3	5	0.0004560379423568041
unknown::ESR1	unknown	ESR1	1	5	0.0004560379423568041
metastatic::AKT1+ESR1+GATA3	metastatic	AKT1+ESR1+GATA3	3	4	0.00036483035388544326
metastatic::AKT1+NF1	metastatic	AKT1+NF1	2	4	0.00036483035388544326
metastatic::BRCA1+PIK3CA	metastatic	BRCA1+PIK3CA	2	4	0.00036483035388544326
metastatic::BRCA2+MAP3K1+PIK3CA+TP53	metastatic	BRCA2+MAP3K1+PIK3CA+TP53	4	4	0.00036483035388544326
metastatic::BRCA2+RB1+TP53	metastatic	BRCA2+RB1+TP53	3	4	0.00036483035388544326
metastatic::CBFB	metastatic	CBFB	1	4	0.00036483035388544326
metastatic::ESR1+GATA3+MAP2K4	metastatic	ESR1+GATA3+MAP2K4	3	4	0.00036483035388544326
metastatic::GATA3+RB1+TP53	metastatic	GATA3+RB1+TP53	3	4	0.00036483035388544326
metastatic::MAP3K1+NF1+PIK3CA	metastatic	MAP3K1+NF1+PIK3CA	3	4	0.00036483035388544326
metastatic::PTEN+RB1+TP53	metastatic	PTEN+RB1+TP53	3	4	0.00036483035388544326
primary::AKT1+GATA3+MAP3K1	primary	AKT1+GATA3+MAP3K1	3	4	0.00036483035388544326
primary::AKT1+RB1+TP53	primary	AKT1+RB1+TP53	3	4	0.00036483035388544326
primary::ATM+BRCA1+TP53	primary	ATM+BRCA1+TP53	3	4	0.00036483035388544326
primary::ATM+BRCA2+TP53	primary	ATM+BRCA2+TP53	3	4	0.00036483035388544326
primary::ATM+GATA3+PIK3CA	primary	ATM+GATA3+PIK3CA	3	4	0.00036483035388544326
primary::ATM+MAP3K1+PIK3CA	primary	ATM+MAP3K1+PIK3CA	3	4	0.00036483035388544326
primary::ATM+PTEN+TP53	primary	ATM+PTEN+TP53	3	4	0.00036483035388544326
primary::BRCA1+MAP3K1	primary	BRCA1+MAP3K1	2	4	0.00036483035388544326
primary::BRCA2+GATA3+TP53	primary	BRCA2+GATA3+TP53	3	4	0.00036483035388544326
primary::BRCA2+NF1+TP53	primary	BRCA2+NF1+TP53	3	4	0.00036483035388544326
primary::CBFB+GATA3+MAP3K1+PIK3CA	primary	CBFB+GATA3+MAP3K1+PIK3CA	4	4	0.00036483035388544326
primary::GATA3+MAP3K1+PIK3CA+TP53	primary	GATA3+MAP3K1+PIK3CA+TP53	4	4	0.00036483035388544326
primary::GATA3+PIK3CA+PTEN	primary	GATA3+PIK3CA+PTEN	3	4	0.00036483035388544326
primary::GATA3+RB1	primary	GATA3+RB1	2	4	0.00036483035388544326
primary::MAP2K4+PTEN	primary	MAP2K4+PTEN	2	4	0.00036483035388544326
primary::MAP3K1+PTEN	primary	MAP3K1+PTEN	2	4	0.00036483035388544326
primary::MAP3K1+PTEN+TP53	primary	MAP3K1+PTEN+TP53	3	4	0.00036483035388544326
unknown::BRCA2+TP53	unknown	BRCA2+TP53	2	4	0.00036483035388544326
metastatic::AKT1+MAP2K4+TP53	metastatic	AKT1+MAP2K4+TP53	3	3	0.00027362276541408243
metastatic::AKT1+PIK3CA+TP53	metastatic	AKT1+PIK3CA+TP53	3	3	0.00027362276541408243
metastatic::ATM+MAP3K1+PIK3CA+TP53	metastatic	ATM+MAP3K1+PIK3CA+TP53	4	3	0.00027362276541408243
metastatic::ATM+PTEN+TP53	metastatic	ATM+PTEN+TP53	3	3	0.00027362276541408243
metastatic::ATM+RB1+TP53	metastatic	ATM+RB1+TP53	3	3	0.00027362276541408243
metastatic::BRCA1+BRCA2+TP53	metastatic	BRCA1+BRCA2+TP53	3	3	0.00027362276541408243
metastatic::BRCA1+GATA3+PIK3CA	metastatic	BRCA1+GATA3+PIK3CA	3	3	0.00027362276541408243
metastatic::BRCA2+ESR1+PIK3CA	metastatic	BRCA2+ESR1+PIK3CA	3	3	0.00027362276541408243
metastatic::BRCA2+NF1+PIK3CA+TP53	metastatic	BRCA2+NF1+PIK3CA+TP53	4	3	0.00027362276541408243
metastatic::BRCA2+PIK3CA+PTEN+TP53	metastatic	BRCA2+PIK3CA+PTEN+TP53	4	3	0.00027362276541408243
metastatic::CBFB+ESR1+GATA3	metastatic	CBFB+ESR1+GATA3	3	3	0.00027362276541408243
metastatic::CBFB+ESR1+PIK3CA	metastatic	CBFB+ESR1+PIK3CA	3	3	0.00027362276541408243
metastatic::CBFB+MAP3K1+PIK3CA	metastatic	CBFB+MAP3K1+PIK3CA	3	3	0.00027362276541408243
metastatic::ESR1+GATA3+MAP3K1+PIK3CA	metastatic	ESR1+GATA3+MAP3K1+PIK3CA	4	3	0.00027362276541408243
metastatic::GATA3+PIK3CA+RB1	metastatic	GATA3+PIK3CA+RB1	3	3	0.00027362276541408243
metastatic::NF1+PTEN+TP53	metastatic	NF1+PTEN+TP53	3	3	0.00027362276541408243
primary::AKT1+ATM	primary	AKT1+ATM	2	3	0.00027362276541408243
primary::AKT1+GATA3+PIK3CA	primary	AKT1+GATA3+PIK3CA	3	3	0.00027362276541408243
primary::AKT1+MAP3K1+PIK3CA	primary	AKT1+MAP3K1+PIK3CA	3	3	0.00027362276541408243
primary::AKT1+NF1+TP53	primary	AKT1+NF1+TP53	3	3	0.00027362276541408243
primary::AKT1+PIK3CA+TP53	primary	AKT1+PIK3CA+TP53	3	3	0.00027362276541408243
primary::AKT1+RUNX1	primary	AKT1+RUNX1	2	3	0.00027362276541408243
primary::BRCA1+NF1+TP53	primary	BRCA1+NF1+TP53	3	3	0.00027362276541408243
primary::BRCA1+PTEN	primary	BRCA1+PTEN	2	3	0.00027362276541408243
primary::BRCA1+RB1+TP53	primary	BRCA1+RB1+TP53	3	3	0.00027362276541408243
primary::CBFB+MAP2K4+PIK3CA	primary	CBFB+MAP2K4+PIK3CA	3	3	0.00027362276541408243
primary::CBFB+MAP3K1+PIK3CA+TP53	primary	CBFB+MAP3K1+PIK3CA+TP53	4	3	0.00027362276541408243
primary::GATA3+MAP2K4+TP53	primary	GATA3+MAP2K4+TP53	3	3	0.00027362276541408243
primary::GATA3+MAP3K1+PIK3CA+PTEN	primary	GATA3+MAP3K1+PIK3CA+PTEN	4	3	0.00027362276541408243
primary::GATA3+MAP3K1+TP53	primary	GATA3+MAP3K1+TP53	3	3	0.00027362276541408243
primary::GATA3+NF1+PIK3CA+TP53	primary	GATA3+NF1+PIK3CA+TP53	4	3	0.00027362276541408243
primary::MAP2K4+MAP3K1+PIK3CA+TP53	primary	MAP2K4+MAP3K1+PIK3CA+TP53	4	3	0.00027362276541408243
primary::MAP2K4+NF1+PIK3CA	primary	MAP2K4+NF1+PIK3CA	3	3	0.00027362276541408243
primary::MAP3K1+NF1+PIK3CA+TP53	primary	MAP3K1+NF1+PIK3CA+TP53	4	3	0.00027362276541408243
primary::MAP3K1+RUNX1	primary	MAP3K1+RUNX1	2	3	0.00027362276541408243
primary::RB1+RUNX1+TP53	primary	RB1+RUNX1+TP53	3	3	0.00027362276541408243
unknown::PTEN+RB1+TP53	unknown	PTEN+RB1+TP53	3	3	0.00027362276541408243
metastatic::AKT1+ATM	metastatic	AKT1+ATM	2	2	0.00018241517694272163
metastatic::AKT1+BRCA1+TP53	metastatic	AKT1+BRCA1+TP53	3	2	0.00018241517694272163
metastatic::AKT1+BRCA2+TP53	metastatic	AKT1+BRCA2+TP53	3	2	0.00018241517694272163
metastatic::AKT1+CBFB	metastatic	AKT1+CBFB	2	2	0.00018241517694272163
metastatic::AKT1+CBFB+TP53	metastatic	AKT1+CBFB+TP53	3	2	0.00018241517694272163
metastatic::AKT1+ESR1+MAP3K1	metastatic	AKT1+ESR1+MAP3K1	3	2	0.00018241517694272163
metastatic::AKT1+ESR1+MAP3K1+PIK3CA	metastatic	AKT1+ESR1+MAP3K1+PIK3CA	4	2	0.00018241517694272163
metastatic::AKT1+ESR1+PIK3CA	metastatic	AKT1+ESR1+PIK3CA	3	2	0.00018241517694272163
metastatic::AKT1+MAP2K4	metastatic	AKT1+MAP2K4	2	2	0.00018241517694272163
metastatic::AKT1+MAP2K4+NF1+TP53	metastatic	AKT1+MAP2K4+NF1+TP53	4	2	0.00018241517694272163
metastatic::AKT1+MAP3K1+NF1	metastatic	AKT1+MAP3K1+NF1	3	2	0.00018241517694272163
metastatic::AKT1+MAP3K1+TP53	metastatic	AKT1+MAP3K1+TP53	3	2	0.00018241517694272163
metastatic::AKT1+RB1+TP53	metastatic	AKT1+RB1+TP53	3	2	0.00018241517694272163
metastatic::AKT1+RUNX1	metastatic	AKT1+RUNX1	2	2	0.00018241517694272163
metastatic::AKT1+RUNX1+TP53	metastatic	AKT1+RUNX1+TP53	3	2	0.00018241517694272163
metastatic::ATM+BRCA1+TP53	metastatic	ATM+BRCA1+TP53	3	2	0.00018241517694272163
metastatic::ATM+BRCA2+NF1+PIK3CA+TP53	metastatic	ATM+BRCA2+NF1+PIK3CA+TP53	5	2	0.00018241517694272163
metastatic::ATM+BRCA2+PIK3CA	metastatic	ATM+BRCA2+PIK3CA	3	2	0.00018241517694272163
metastatic::ATM+ESR1+PIK3CA+TP53	metastatic	ATM+ESR1+PIK3CA+TP53	4	2	0.00018241517694272163
metastatic::ATM+MAP3K1+RB1+TP53	metastatic	ATM+MAP3K1+RB1+TP53	4	2	0.00018241517694272163
metastatic::ATM+PIK3CA+RB1+TP53	metastatic	ATM+PIK3CA+RB1+TP53	4	2	0.00018241517694272163
metastatic::ATM+PIK3CA+RUNX1+TP53	metastatic	ATM+PIK3CA+RUNX1+TP53	4	2	0.00018241517694272163
metastatic::BRCA1+ESR1	metastatic	BRCA1+ESR1	2	2	0.00018241517694272163
metastatic::BRCA1+GATA3	metastatic	BRCA1+GATA3	2	2	0.00018241517694272163
metastatic::BRCA1+MAP2K4+TP53	metastatic	BRCA1+MAP2K4+TP53	3	2	0.00018241517694272163
metastatic::BRCA1+NF1+PIK3CA+RB1+TP53	metastatic	BRCA1+NF1+PIK3CA+RB1+TP53	5	2	0.00018241517694272163
metastatic::BRCA1+NF1+TP53	metastatic	BRCA1+NF1+TP53	3	2	0.00018241517694272163
metastatic::BRCA1+PTEN+TP53	metastatic	BRCA1+PTEN+TP53	3	2	0.00018241517694272163
metastatic::BRCA1+RB1+TP53	metastatic	BRCA1+RB1+TP53	3	2	0.00018241517694272163
metastatic::BRCA2+ESR1+PIK3CA+TP53	metastatic	BRCA2+ESR1+PIK3CA+TP53	4	2	0.00018241517694272163
metastatic::BRCA2+NF1	metastatic	BRCA2+NF1	2	2	0.00018241517694272163
metastatic::BRCA2+PIK3CA+PTEN	metastatic	BRCA2+PIK3CA+PTEN	3	2	0.00018241517694272163
metastatic::BRCA2+PIK3CA+RB1+TP53	metastatic	BRCA2+PIK3CA+RB1+TP53	4	2	0.00018241517694272163
metastatic::CBFB+GATA3+MAP3K1+PIK3CA	metastatic	CBFB+GATA3+MAP3K1+PIK3CA	4	2	0.00018241517694272163
metastatic::CBFB+GATA3+PIK3CA+TP53	metastatic	CBFB+GATA3+PIK3CA+TP53	4	2	0.00018241517694272163
metastatic::CBFB+PIK3CA+TP53	metastatic	CBFB+PIK3CA+TP53	3	2	0.00018241517694272163
metastatic::CBFB+RB1	metastatic	CBFB+RB1	2	2	0.00018241517694272163
metastatic::CBFB+TP53	metastatic	CBFB+TP53	2	2	0.00018241517694272163
metastatic::ESR1+GATA3+PIK3CA+TP53	metastatic	ESR1+GATA3+PIK3CA+TP53	4	2	0.00018241517694272163
metastatic::ESR1+GATA3+PTEN	metastatic	ESR1+GATA3+PTEN	3	2	0.00018241517694272163
metastatic::ESR1+GATA3+RB1	metastatic	ESR1+GATA3+RB1	3	2	0.00018241517694272163
metastatic::ESR1+MAP2K4+TP53	metastatic	ESR1+MAP2K4+TP53	3	2	0.00018241517694272163
metastatic::ESR1+MAP3K1+PIK3CA+TP53	metastatic	ESR1+MAP3K1+PIK3CA+TP53	4	2	0.00018241517694272163
metastatic::ESR1+NF1+PIK3CA+TP53	metastatic	ESR1+NF1+PIK3CA+TP53	4	2	0.00018241517694272163
metastatic::ESR1+NF1+TP53	metastatic	ESR1+NF1+TP53	3	2	0.00018241517694272163
metastatic::ESR1+PIK3CA+RB1	metastatic	ESR1+PIK3CA+RB1	3	2	0.00018241517694272163
metastatic::ESR1+PTEN+TP53	metastatic	ESR1+PTEN+TP53	3	2	0.00018241517694272163
metastatic::ESR1+RB1+TP53	metastatic	ESR1+RB1+TP53	3	2	0.00018241517694272163
metastatic::GATA3+MAP2K4+PIK3CA	metastatic	GATA3+MAP2K4+PIK3CA	3	2	0.00018241517694272163
metastatic::GATA3+MAP3K1+PIK3CA	metastatic	GATA3+MAP3K1+PIK3CA	3	2	0.00018241517694272163
metastatic::GATA3+NF1	metastatic	GATA3+NF1	2	2	0.00018241517694272163
metastatic::GATA3+NF1+TP53	metastatic	GATA3+NF1+TP53	3	2	0.00018241517694272163
metastatic::GATA3+PTEN+TP53	metastatic	GATA3+PTEN+TP53	3	2	0.00018241517694272163
metastatic::MAP2K4+NF1+PIK3CA+TP53	metastatic	MAP2K4+NF1+PIK3CA+TP53	4	2	0.00018241517694272163
metastatic::MAP2K4+PIK3CA+PTEN	metastatic	MAP2K4+PIK3CA+PTEN	3	2	0.00018241517694272163
metastatic::MAP2K4+PIK3CA+RUNX1	metastatic	MAP2K4+PIK3CA+RUNX1	3	2	0.00018241517694272163
metastatic::MAP2K4+RB1+TP53	metastatic	MAP2K4+RB1+TP53	3	2	0.00018241517694272163
metastatic::MAP3K1+NF1+PIK3CA+TP53	metastatic	MAP3K1+NF1+PIK3CA+TP53	4	2	0.00018241517694272163
metastatic::MAP3K1+PIK3CA+RB1+TP53	metastatic	MAP3K1+PIK3CA+RB1+TP53	4	2	0.00018241517694272163
metastatic::MAP3K1+PIK3CA+RUNX1	metastatic	MAP3K1+PIK3CA+RUNX1	3	2	0.00018241517694272163
metastatic::MAP3K1+PTEN+TP53	metastatic	MAP3K1+PTEN+TP53	3	2	0.00018241517694272163
metastatic::MAP3K1+RB1+TP53	metastatic	MAP3K1+RB1+TP53	3	2	0.00018241517694272163
metastatic::NF1+PIK3CA+PTEN	metastatic	NF1+PIK3CA+PTEN	3	2	0.00018241517694272163
metastatic::NF1+RB1+TP53	metastatic	NF1+RB1+TP53	3	2	0.00018241517694272163
primary::AKT1+ATM+TP53	primary	AKT1+ATM+TP53	3	2	0.00018241517694272163
primary::AKT1+CBFB+GATA3+PIK3CA	primary	AKT1+CBFB+GATA3+PIK3CA	4	2	0.00018241517694272163
primary::AKT1+CBFB+MAP3K1	primary	AKT1+CBFB+MAP3K1	3	2	0.00018241517694272163
primary::AKT1+ESR1	primary	AKT1+ESR1	2	2	0.00018241517694272163
primary::AKT1+GATA3+PTEN	primary	AKT1+GATA3+PTEN	3	2	0.00018241517694272163
primary::AKT1+GATA3+RUNX1	primary	AKT1+GATA3+RUNX1	3	2	0.00018241517694272163
primary::AKT1+GATA3+TP53	primary	AKT1+GATA3+TP53	3	2	0.00018241517694272163
primary::AKT1+MAP2K4+TP53	primary	AKT1+MAP2K4+TP53	3	2	0.00018241517694272163
primary::AKT1+NF1	primary	AKT1+NF1	2	2	0.00018241517694272163
primary::AKT1+PTEN+TP53	primary	AKT1+PTEN+TP53	3	2	0.00018241517694272163
primary::AKT1+RB1	primary	AKT1+RB1	2	2	0.00018241517694272163
primary::AKT1+RUNX1+TP53	primary	AKT1+RUNX1+TP53	3	2	0.00018241517694272163
primary::ATM+BRCA2+PIK3CA+TP53	primary	ATM+BRCA2+PIK3CA+TP53	4	2	0.00018241517694272163
primary::ATM+MAP2K4	primary	ATM+MAP2K4	2	2	0.00018241517694272163
primary::ATM+NF1+PIK3CA+TP53	primary	ATM+NF1+PIK3CA+TP53	4	2	0.00018241517694272163
primary::ATM+PIK3CA+PTEN	primary	ATM+PIK3CA+PTEN	3	2	0.00018241517694272163
primary::ATM+PTEN	primary	ATM+PTEN	2	2	0.00018241517694272163
primary::BRCA1+BRCA2	primary	BRCA1+BRCA2	2	2	0.00018241517694272163
primary::BRCA1+CBFB+GATA3+PIK3CA	primary	BRCA1+CBFB+GATA3+PIK3CA	4	2	0.00018241517694272163
primary::BRCA1+MAP3K1+NF1+TP53	primary	BRCA1+MAP3K1+NF1+TP53	4	2	0.00018241517694272163
primary::BRCA1+MAP3K1+PIK3CA	primary	BRCA1+MAP3K1+PIK3CA	3	2	0.00018241517694272163
primary::BRCA1+NF1	primary	BRCA1+NF1	2	2	0.00018241517694272163
primary::BRCA2+MAP3K1	primary	BRCA2+MAP3K1	2	2	0.00018241517694272163
primary::BRCA2+MAP3K1+PIK3CA+TP53	primary	BRCA2+MAP3K1+PIK3CA+TP53	4	2	0.00018241517694272163
primary::BRCA2+NF1+PIK3CA	primary	BRCA2+NF1+PIK3CA	3	2	0.00018241517694272163
primary::BRCA2+NF1+PIK3CA+TP53	primary	BRCA2+NF1+PIK3CA+TP53	4	2	0.00018241517694272163
primary::BRCA2+RUNX1+TP53	primary	BRCA2+RUNX1+TP53	3	2	0.00018241517694272163
primary::CBFB+ESR1+GATA3	primary	CBFB+ESR1+GATA3	3	2	0.00018241517694272163
primary::CBFB+GATA3+NF1+PIK3CA	primary	CBFB+GATA3+NF1+PIK3CA	4	2	0.00018241517694272163
primary::CBFB+MAP2K4+PIK3CA+TP53	primary	CBFB+MAP2K4+PIK3CA+TP53	4	2	0.00018241517694272163
primary::CBFB+PTEN	primary	CBFB+PTEN	2	2	0.00018241517694272163
primary::ESR1+GATA3+PIK3CA	primary	ESR1+GATA3+PIK3CA	3	2	0.00018241517694272163
primary::ESR1+GATA3+TP53	primary	ESR1+GATA3+TP53	3	2	0.00018241517694272163
primary::ESR1+MAP3K1+TP53	primary	ESR1+MAP3K1+TP53	3	2	0.00018241517694272163
primary::ESR1+NF1+PIK3CA+TP53	primary	ESR1+NF1+PIK3CA+TP53	4	2	0.00018241517694272163
primary::ESR1+PIK3CA+PTEN	primary	ESR1+PIK3CA+PTEN	3	2	0.00018241517694272163
primary::GATA3+NF1+PIK3CA	primary	GATA3+NF1+PIK3CA	3	2	0.00018241517694272163
primary::GATA3+NF1+TP53	primary	GATA3+NF1+TP53	3	2	0.00018241517694272163
primary::GATA3+PIK3CA+RUNX1+TP53	primary	GATA3+PIK3CA+RUNX1+TP53	4	2	0.00018241517694272163
primary::GATA3+PTEN+TP53	primary	GATA3+PTEN+TP53	3	2	0.00018241517694272163
primary::MAP2K4+NF1	primary	MAP2K4+NF1	2	2	0.00018241517694272163
primary::MAP2K4+NF1+PIK3CA+TP53	primary	MAP2K4+NF1+PIK3CA+TP53	4	2	0.00018241517694272163
primary::MAP2K4+PIK3CA+PTEN+TP53	primary	MAP2K4+PIK3CA+PTEN+TP53	4	2	0.00018241517694272163
primary::MAP2K4+PIK3CA+RUNX1	primary	MAP2K4+PIK3CA+RUNX1	3	2	0.00018241517694272163
primary::MAP3K1+PIK3CA+PTEN+TP53	primary	MAP3K1+PIK3CA+PTEN+TP53	4	2	0.00018241517694272163
primary::MAP3K1+PIK3CA+RB1+TP53	primary	MAP3K1+PIK3CA+RB1+TP53	4	2	0.00018241517694272163
primary::MAP3K1+RB1+TP53	primary	MAP3K1+RB1+TP53	3	2	0.00018241517694272163
primary::NF1+PIK3CA+PTEN+TP53	primary	NF1+PIK3CA+PTEN+TP53	4	2	0.00018241517694272163
primary::NF1+PTEN	primary	NF1+PTEN	2	2	0.00018241517694272163
primary::NF1+RB1	primary	NF1+RB1	2	2	0.00018241517694272163
primary::NF1+RB1+TP53	primary	NF1+RB1+TP53	3	2	0.00018241517694272163
primary::PIK3CA+PTEN+RB1+TP53	primary	PIK3CA+PTEN+RB1+TP53	4	2	0.00018241517694272163
primary::PTEN+RUNX1	primary	PTEN+RUNX1	2	2	0.00018241517694272163
primary::PTEN+RUNX1+TP53	primary	PTEN+RUNX1+TP53	3	2	0.00018241517694272163
unknown::ATM+TP53	unknown	ATM+TP53	2	2	0.00018241517694272163
unknown::BRCA2+PIK3CA	unknown	BRCA2+PIK3CA	2	2	0.00018241517694272163
unknown::GATA3+TP53	unknown	GATA3+TP53	2	2	0.00018241517694272163
unknown::MAP3K1+PTEN	unknown	MAP3K1+PTEN	2	2	0.00018241517694272163
unknown::RUNX1+TP53	unknown	RUNX1+TP53	2	2	0.00018241517694272163
metastatic::AKT1+ATM+BRCA1+BRCA2+ESR1+MAP3K1+NF1+PIK3CA+PTEN+RUNX1+TP53	metastatic	AKT1+ATM+BRCA1+BRCA2+ESR1+MAP3K1+NF1+PIK3CA+PTEN+RUNX1+TP53	11	1	9.120758847136082e-05
metastatic::AKT1+ATM+BRCA1+BRCA2+MAP3K1+NF1+RUNX1+TP53	metastatic	AKT1+ATM+BRCA1+BRCA2+MAP3K1+NF1+RUNX1+TP53	8	1	9.120758847136082e-05
metastatic::AKT1+ATM+BRCA2+PIK3CA+RB1	metastatic	AKT1+ATM+BRCA2+PIK3CA+RB1	5	1	9.120758847136082e-05
metastatic::AKT1+ATM+ESR1	metastatic	AKT1+ATM+ESR1	3	1	9.120758847136082e-05
metastatic::AKT1+ATM+GATA3	metastatic	AKT1+ATM+GATA3	3	1	9.120758847136082e-05
metastatic::AKT1+ATM+MAP3K1	metastatic	AKT1+ATM+MAP3K1	3	1	9.120758847136082e-05
metastatic::AKT1+ATM+MAP3K1+PIK3CA	metastatic	AKT1+ATM+MAP3K1+PIK3CA	4	1	9.120758847136082e-05
metastatic::AKT1+ATM+NF1	metastatic	AKT1+ATM+NF1	3	1	9.120758847136082e-05
metastatic::AKT1+ATM+PIK3CA+TP53	metastatic	AKT1+ATM+PIK3CA+TP53	4	1	9.120758847136082e-05
metastatic::AKT1+ATM+TP53	metastatic	AKT1+ATM+TP53	3	1	9.120758847136082e-05
metastatic::AKT1+BRCA1	metastatic	AKT1+BRCA1	2	1	9.120758847136082e-05
metastatic::AKT1+BRCA1+BRCA2+MAP2K4+MAP3K1+NF1+RB1+RUNX1+TP53	metastatic	AKT1+BRCA1+BRCA2+MAP2K4+MAP3K1+NF1+RB1+RUNX1+TP53	9	1	9.120758847136082e-05
metastatic::AKT1+BRCA1+ESR1+PIK3CA	metastatic	AKT1+BRCA1+ESR1+PIK3CA	4	1	9.120758847136082e-05
metastatic::AKT1+BRCA1+ESR1+RUNX1+TP53	metastatic	AKT1+BRCA1+ESR1+RUNX1+TP53	5	1	9.120758847136082e-05
metastatic::AKT1+BRCA1+PIK3CA	metastatic	AKT1+BRCA1+PIK3CA	3	1	9.120758847136082e-05
metastatic::AKT1+BRCA1+RUNX1	metastatic	AKT1+BRCA1+RUNX1	3	1	9.120758847136082e-05
metastatic::AKT1+BRCA2+ESR1+GATA3	metastatic	AKT1+BRCA2+ESR1+GATA3	4	1	9.120758847136082e-05
metastatic::AKT1+BRCA2+ESR1+RB1	metastatic	AKT1+BRCA2+ESR1+RB1	4	1	9.120758847136082e-05
metastatic::AKT1+BRCA2+MAP2K4+NF1+PIK3CA+TP53	metastatic	AKT1+BRCA2+MAP2K4+NF1+PIK3CA+TP53	6	1	9.120758847136082e-05
metastatic::AKT1+BRCA2+NF1+RB1+TP53	metastatic	AKT1+BRCA2+NF1+RB1+TP53	5	1	9.120758847136082e-05
metastatic::AKT1+BRCA2+PIK3CA	metastatic	AKT1+BRCA2+PIK3CA	3	1	9.120758847136082e-05
metastatic::AKT1+BRCA2+PTEN+TP53	metastatic	AKT1+BRCA2+PTEN+TP53	4	1	9.120758847136082e-05
metastatic::AKT1+CBFB+ESR1	metastatic	AKT1+CBFB+ESR1	3	1	9.120758847136082e-05
metastatic::AKT1+CBFB+GATA3	metastatic	AKT1+CBFB+GATA3	3	1	9.120758847136082e-05
metastatic::AKT1+CBFB+GATA3+PIK3CA+RB1+TP53	metastatic	AKT1+CBFB+GATA3+PIK3CA+RB1+TP53	6	1	9.120758847136082e-05
metastatic::AKT1+CBFB+NF1	metastatic	AKT1+CBFB+NF1	3	1	9.120758847136082e-05
metastatic::AKT1+CBFB+NF1+TP53	metastatic	AKT1+CBFB+NF1+TP53	4	1	9.120758847136082e-05
metastatic::AKT1+CBFB+RUNX1	metastatic	AKT1+CBFB+RUNX1	3	1	9.120758847136082e-05
metastatic::AKT1+ESR1+GATA3+MAP3K1	metastatic	AKT1+ESR1+GATA3+MAP3K1	4	1	9.120758847136082e-05
metastatic::AKT1+ESR1+GATA3+MAP3K1+NF1	metastatic	AKT1+ESR1+GATA3+MAP3K1+NF1	5	1	9.120758847136082e-05
metastatic::AKT1+ESR1+MAP2K4	metastatic	AKT1+ESR1+MAP2K4	3	1	9.120758847136082e-05
metastatic::AKT1+ESR1+RB1	metastatic	AKT1+ESR1+RB1	3	1	9.120758847136082e-05
metastatic::AKT1+GATA3+MAP3K1	metastatic	AKT1+GATA3+MAP3K1	3	1	9.120758847136082e-05
metastatic::AKT1+GATA3+PTEN+TP53	metastatic	AKT1+GATA3+PTEN+TP53	4	1	9.120758847136082e-05
metastatic::AKT1+GATA3+RB1+TP53	metastatic	AKT1+GATA3+RB1+TP53	4	1	9.120758847136082e-05
metastatic::AKT1+GATA3+RUNX1	metastatic	AKT1+GATA3+RUNX1	3	1	9.120758847136082e-05
metastatic::AKT1+MAP2K4+NF1	metastatic	AKT1+MAP2K4+NF1	3	1	9.120758847136082e-05
metastatic::AKT1+MAP3K1+NF1+PIK3CA+TP53	metastatic	AKT1+MAP3K1+NF1+PIK3CA+TP53	5	1	9.120758847136082e-05
metastatic::AKT1+NF1+PIK3CA	metastatic	AKT1+NF1+PIK3CA	3	1	9.120758847136082e-05
metastatic::AKT1+PIK3CA+RUNX1+TP53	metastatic	AKT1+PIK3CA+RUNX1+TP53	4	1	9.120758847136082e-05
metastatic::AKT1+PTEN+TP53	metastatic	AKT1+PTEN+TP53	3	1	9.120758847136082e-05
metastatic::AKT1+RB1+RUNX1+TP53	metastatic	AKT1+RB1+RUNX1+TP53	4	1	9.120758847136082e-05
metastatic::ATM+BRCA1	metastatic	ATM+BRCA1	2	1	9.120758847136082e-05
metastatic::ATM+BRCA1+BRCA2+ESR1+MAP3K1	metastatic	ATM+BRCA1+BRCA2+ESR1+MAP3K1	5	1	9.120758847136082e-05
metastatic::ATM+BRCA1+BRCA2+ESR1+MAP3K1+PIK3CA+RUNX1+TP53	metastatic	ATM+BRCA1+BRCA2+ESR1+MAP3K1+PIK3CA+RUNX1+TP53	8	1	9.120758847136082e-05
metastatic::ATM+BRCA1+BRCA2+GATA3+PIK3CA+RB1+TP53	metastatic	ATM+BRCA1+BRCA2+GATA3+PIK3CA+RB1+TP53	7	1	9.120758847136082e-05
metastatic::ATM+BRCA1+ESR1+MAP3K1+RUNX1	metastatic	ATM+BRCA1+ESR1+MAP3K1+RUNX1	5	1	9.120758847136082e-05
metastatic::ATM+BRCA1+MAP3K1+PIK3CA+PTEN	metastatic	ATM+BRCA1+MAP3K1+PIK3CA+PTEN	5	1	9.120758847136082e-05
metastatic::ATM+BRCA1+NF1	metastatic	ATM+BRCA1+NF1	3	1	9.120758847136082e-05
metastatic::ATM+BRCA1+NF1+PIK3CA	metastatic	ATM+BRCA1+NF1+PIK3CA	4	1	9.120758847136082e-05
metastatic::ATM+BRCA1+NF1+PIK3CA+RB1+TP53	metastatic	ATM+BRCA1+NF1+PIK3CA+RB1+TP53	6	1	9.120758847136082e-05
metastatic::ATM+BRCA2	metastatic	ATM+BRCA2	2	1	9.120758847136082e-05
metastatic::ATM+BRCA2+ESR1+GATA3+MAP2K4	metastatic	ATM+BRCA2+ESR1+GATA3+MAP2K4	5	1	9.120758847136082e-05
metastatic::ATM+BRCA2+ESR1+NF1+RUNX1+TP53	metastatic	ATM+BRCA2+ESR1+NF1+RUNX1+TP53	6	1	9.120758847136082e-05
metastatic::ATM+BRCA2+GATA3	metastatic	ATM+BRCA2+GATA3	3	1	9.120758847136082e-05
metastatic::ATM+BRCA2+GATA3+RB1	metastatic	ATM+BRCA2+GATA3+RB1	4	1	9.120758847136082e-05
metastatic::ATM+BRCA2+MAP3K1	metastatic	ATM+BRCA2+MAP3K1	3	1	9.120758847136082e-05
metastatic::ATM+BRCA2+PIK3CA+RUNX1+TP53	metastatic	ATM+BRCA2+PIK3CA+RUNX1+TP53	5	1	9.120758847136082e-05
metastatic::ATM+BRCA2+TP53	metastatic	ATM+BRCA2+TP53	3	1	9.120758847136082e-05
metastatic::ATM+CBFB+ESR1+GATA3+TP53	metastatic	ATM+CBFB+ESR1+GATA3+TP53	5	1	9.120758847136082e-05
metastatic::ATM+ESR1+GATA3	metastatic	ATM+ESR1+GATA3	3	1	9.120758847136082e-05
metastatic::ATM+ESR1+GATA3+NF1	metastatic	ATM+ESR1+GATA3+NF1	4	1	9.120758847136082e-05
metastatic::ATM+ESR1+GATA3+PIK3CA	metastatic	ATM+ESR1+GATA3+PIK3CA	4	1	9.120758847136082e-05
metastatic::ATM+ESR1+MAP2K4	metastatic	ATM+ESR1+MAP2K4	3	1	9.120758847136082e-05
metastatic::ATM+ESR1+PIK3CA	metastatic	ATM+ESR1+PIK3CA	3	1	9.120758847136082e-05
metastatic::ATM+GATA3+MAP3K1	metastatic	ATM+GATA3+MAP3K1	3	1	9.120758847136082e-05
metastatic::ATM+GATA3+MAP3K1+NF1+PIK3CA+TP53	metastatic	ATM+GATA3+MAP3K1+NF1+PIK3CA+TP53	6	1	9.120758847136082e-05
metastatic::ATM+GATA3+MAP3K1+PIK3CA+TP53	metastatic	ATM+GATA3+MAP3K1+PIK3CA+TP53	5	1	9.120758847136082e-05
metastatic::ATM+GATA3+NF1	metastatic	ATM+GATA3+NF1	3	1	9.120758847136082e-05
metastatic::ATM+GATA3+NF1+TP53	metastatic	ATM+GATA3+NF1+TP53	4	1	9.120758847136082e-05
metastatic::ATM+GATA3+PIK3CA	metastatic	ATM+GATA3+PIK3CA	3	1	9.120758847136082e-05
metastatic::ATM+GATA3+PIK3CA+TP53	metastatic	ATM+GATA3+PIK3CA+TP53	4	1	9.120758847136082e-05
metastatic::ATM+GATA3+PTEN	metastatic	ATM+GATA3+PTEN	3	1	9.120758847136082e-05
metastatic::ATM+GATA3+RB1	metastatic	ATM+GATA3+RB1	3	1	9.120758847136082e-05
metastatic::ATM+GATA3+TP53	metastatic	ATM+GATA3+TP53	3	1	9.120758847136082e-05
metastatic::ATM+MAP2K4+NF1+PIK3CA+TP53	metastatic	ATM+MAP2K4+NF1+PIK3CA+TP53	5	1	9.120758847136082e-05
metastatic::ATM+MAP2K4+TP53	metastatic	ATM+MAP2K4+TP53	3	1	9.120758847136082e-05
metastatic::ATM+MAP3K1	metastatic	ATM+MAP3K1	2	1	9.120758847136082e-05
metastatic::ATM+MAP3K1+NF1+PIK3CA+TP53	metastatic	ATM+MAP3K1+NF1+PIK3CA+TP53	5	1	9.120758847136082e-05
metastatic::ATM+MAP3K1+PIK3CA+RUNX1+TP53	metastatic	ATM+MAP3K1+PIK3CA+RUNX1+TP53	5	1	9.120758847136082e-05
metastatic::ATM+MAP3K1+TP53	metastatic	ATM+MAP3K1+TP53	3	1	9.120758847136082e-05
metastatic::ATM+NF1	metastatic	ATM+NF1	2	1	9.120758847136082e-05
metastatic::ATM+NF1+PIK3CA	metastatic	ATM+NF1+PIK3CA	3	1	9.120758847136082e-05
metastatic::ATM+NF1+PIK3CA+PTEN	metastatic	ATM+NF1+PIK3CA+PTEN	4	1	9.120758847136082e-05
metastatic::ATM+NF1+PIK3CA+TP53	metastatic	ATM+NF1+PIK3CA+TP53	4	1	9.120758847136082e-05
metastatic::ATM+NF1+PTEN	metastatic	ATM+NF1+PTEN	3	1	9.120758847136082e-05
metastatic::ATM+NF1+RB1+RUNX1+TP53	metastatic	ATM+NF1+RB1+RUNX1+TP53	5	1	9.120758847136082e-05
metastatic::ATM+PIK3CA+RB1	metastatic	ATM+PIK3CA+RB1	3	1	9.120758847136082e-05
metastatic::ATM+PIK3CA+RUNX1	metastatic	ATM+PIK3CA+RUNX1	3	1	9.120758847136082e-05
metastatic::ATM+PTEN	metastatic	ATM+PTEN	2	1	9.120758847136082e-05
metastatic::BRCA1+BRCA2+ESR1+PIK3CA+RUNX1	metastatic	BRCA1+BRCA2+ESR1+PIK3CA+RUNX1	5	1	9.120758847136082e-05
metastatic::BRCA1+BRCA2+GATA3+PIK3CA	metastatic	BRCA1+BRCA2+GATA3+PIK3CA	4	1	9.120758847136082e-05
metastatic::BRCA1+BRCA2+MAP2K4+MAP3K1+PIK3CA+TP53	metastatic	BRCA1+BRCA2+MAP2K4+MAP3K1+PIK3CA+TP53	6	1	9.120758847136082e-05
metastatic::BRCA1+BRCA2+MAP3K1+NF1+RB1+RUNX1+TP53	metastatic	BRCA1+BRCA2+MAP3K1+NF1+RB1+RUNX1+TP53	7	1	9.120758847136082e-05
metastatic::BRCA1+BRCA2+NF1+PIK3CA+PTEN	metastatic	BRCA1+BRCA2+NF1+PIK3CA+PTEN	5	1	9.120758847136082e-05
metastatic::BRCA1+BRCA2+PIK3CA+TP53	metastatic	BRCA1+BRCA2+PIK3CA+TP53	4	1	9.120758847136082e-05
metastatic::BRCA1+CBFB+GATA3+TP53	metastatic	BRCA1+CBFB+GATA3+TP53	4	1	9.120758847136082e-05
metastatic::BRCA1+CBFB+NF1+TP53	metastatic	BRCA1+CBFB+NF1+TP53	4	1	9.120758847136082e-05
metastatic::BRCA1+ESR1+MAP3K1	metastatic	BRCA1+ESR1+MAP3K1	3	1	9.120758847136082e-05
metastatic::BRCA1+ESR1+MAP3K1+PIK3CA	metastatic	BRCA1+ESR1+MAP3K1+PIK3CA	4	1	9.120758847136082e-05
metastatic::BRCA1+ESR1+NF1+PIK3CA+TP53	metastatic	BRCA1+ESR1+NF1+PIK3CA+TP53	5	1	9.120758847136082e-05
metastatic::BRCA1+ESR1+PIK3CA	metastatic	BRCA1+ESR1+PIK3CA	3	1	9.120758847136082e-05
metastatic::BRCA1+ESR1+TP53	metastatic	BRCA1+ESR1+TP53	3	1	9.120758847136082e-05
metastatic::BRCA1+GATA3+MAP3K1+PIK3CA	metastatic	BRCA1+GATA3+MAP3K1+PIK3CA	4	1	9.120758847136082e-05
metastatic::BRCA1+GATA3+PIK3CA+TP53	metastatic	BRCA1+GATA3+PIK3CA+TP53	4	1	9.120758847136082e-05
metastatic::BRCA1+GATA3+PTEN+TP53	metastatic	BRCA1+GATA3+PTEN+TP53	4	1	9.120758847136082e-05
metastatic::BRCA1+GATA3+TP53	metastatic	BRCA1+GATA3+TP53	3	1	9.120758847136082e-05
metastatic::BRCA1+MAP2K4+NF1+RB1+TP53	metastatic	BRCA1+MAP2K4+NF1+RB1+TP53	5	1	9.120758847136082e-05
metastatic::BRCA1+MAP3K1+NF1+PIK3CA+RB1+TP53	metastatic	BRCA1+MAP3K1+NF1+PIK3CA+RB1+TP53	6	1	9.120758847136082e-05
metastatic::BRCA1+MAP3K1+PIK3CA+PTEN+TP53	metastatic	BRCA1+MAP3K1+PIK3CA+PTEN+TP53	5	1	9.120758847136082e-05
metastatic::BRCA1+NF1+RB1+TP53	metastatic	BRCA1+NF1+RB1+TP53	4	1	9.120758847136082e-05
metastatic::BRCA1+NF1+RUNX1+TP53	metastatic	BRCA1+NF1+RUNX1+TP53	4	1	9.120758847136082e-05
metastatic::BRCA1+PIK3CA+PTEN+TP53	metastatic	BRCA1+PIK3CA+PTEN+TP53	4	1	9.120758847136082e-05
metastatic::BRCA1+PIK3CA+RB1+TP53	metastatic	BRCA1+PIK3CA+RB1+TP53	4	1	9.120758847136082e-05
metastatic::BRCA1+PTEN+RB1+TP53	metastatic	BRCA1+PTEN+RB1+TP53	4	1	9.120758847136082e-05
metastatic::BRCA1+RB1+RUNX1+TP53	metastatic	BRCA1+RB1+RUNX1+TP53	4	1	9.120758847136082e-05
metastatic::BRCA2+CBFB+GATA3	metastatic	BRCA2+CBFB+GATA3	3	1	9.120758847136082e-05
metastatic::BRCA2+CBFB+RB1+TP53	metastatic	BRCA2+CBFB+RB1+TP53	4	1	9.120758847136082e-05
metastatic::BRCA2+ESR1+GATA3+PIK3CA	metastatic	BRCA2+ESR1+GATA3+PIK3CA	4	1	9.120758847136082e-05
metastatic::BRCA2+ESR1+GATA3+PIK3CA+RUNX1	metastatic	BRCA2+ESR1+GATA3+PIK3CA+RUNX1	5	1	9.120758847136082e-05
metastatic::BRCA2+ESR1+PIK3CA+RB1	metastatic	BRCA2+ESR1+PIK3CA+RB1	4	1	9.120758847136082e-05
metastatic::BRCA2+ESR1+RB1	metastatic	BRCA2+ESR1+RB1	3	1	9.120758847136082e-05
metastatic::BRCA2+ESR1+RUNX1+TP53	metastatic	BRCA2+ESR1+RUNX1+TP53	4	1	9.120758847136082e-05
metastatic::BRCA2+GATA3+PTEN+TP53	metastatic	BRCA2+GATA3+PTEN+TP53	4	1	9.120758847136082e-05
metastatic::BRCA2+GATA3+TP53	metastatic	BRCA2+GATA3+TP53	3	1	9.120758847136082e-05
metastatic::BRCA2+MAP3K1	metastatic	BRCA2+MAP3K1	2	1	9.120758847136082e-05
metastatic::BRCA2+MAP3K1+NF1	metastatic	BRCA2+MAP3K1+NF1	3	1	9.120758847136082e-05
metastatic::BRCA2+MAP3K1+PIK3CA+RB1+TP53	metastatic	BRCA2+MAP3K1+PIK3CA+RB1+TP53	5	1	9.120758847136082e-05
metastatic::BRCA2+MAP3K1+RB1	metastatic	BRCA2+MAP3K1+RB1	3	1	9.120758847136082e-05
metastatic::BRCA2+NF1+PIK3CA	metastatic	BRCA2+NF1+PIK3CA	3	1	9.120758847136082e-05
metastatic::BRCA2+NF1+PIK3CA+PTEN+TP53	metastatic	BRCA2+NF1+PIK3CA+PTEN+TP53	5	1	9.120758847136082e-05
metastatic::BRCA2+NF1+PTEN+TP53	metastatic	BRCA2+NF1+PTEN+TP53	4	1	9.120758847136082e-05
metastatic::BRCA2+PIK3CA+RUNX1	metastatic	BRCA2+PIK3CA+RUNX1	3	1	9.120758847136082e-05
metastatic::BRCA2+PTEN	metastatic	BRCA2+PTEN	2	1	9.120758847136082e-05
metastatic::BRCA2+PTEN+RB1	metastatic	BRCA2+PTEN+RB1	3	1	9.120758847136082e-05
metastatic::BRCA2+RB1	metastatic	BRCA2+RB1	2	1	9.120758847136082e-05
metastatic::CBFB+ESR1	metastatic	CBFB+ESR1	2	1	9.120758847136082e-05
metastatic::CBFB+ESR1+GATA3+MAP3K1	metastatic	CBFB+ESR1+GATA3+MAP3K1	4	1	9.120758847136082e-05
metastatic::CBFB+ESR1+GATA3+PIK3CA	metastatic	CBFB+ESR1+GATA3+PIK3CA	4	1	9.120758847136082e-05
metastatic::CBFB+ESR1+GATA3+TP53	metastatic	CBFB+ESR1+GATA3+TP53	4	1	9.120758847136082e-05
metastatic::CBFB+ESR1+PIK3CA+TP53	metastatic	CBFB+ESR1+PIK3CA+TP53	4	1	9.120758847136082e-05
metastatic::CBFB+GATA3+MAP2K4	metastatic	CBFB+GATA3+MAP2K4	3	1	9.120758847136082e-05
metastatic::CBFB+GATA3+MAP3K1	metastatic	CBFB+GATA3+MAP3K1	3	1	9.120758847136082e-05
metastatic::CBFB+GATA3+TP53	metastatic	CBFB+GATA3+TP53	3	1	9.120758847136082e-05
metastatic::CBFB+MAP3K1	metastatic	CBFB+MAP3K1	2	1	9.120758847136082e-05
metastatic::CBFB+MAP3K1+NF1+PIK3CA+TP53	metastatic	CBFB+MAP3K1+NF1+PIK3CA+TP53	5	1	9.120758847136082e-05
metastatic::CBFB+NF1+TP53	metastatic	CBFB+NF1+TP53	3	1	9.120758847136082e-05
metastatic::CBFB+PIK3CA+PTEN+TP53	metastatic	CBFB+PIK3CA+PTEN+TP53	4	1	9.120758847136082e-05
metastatic::CBFB+PTEN	metastatic	CBFB+PTEN	2	1	9.120758847136082e-05
metastatic::CBFB+RUNX1	metastatic	CBFB+RUNX1	2	1	9.120758847136082e-05
metastatic::ESR1+GATA3+MAP2K4+PIK3CA	metastatic	ESR1+GATA3+MAP2K4+PIK3CA	4	1	9.120758847136082e-05
metastatic::ESR1+GATA3+MAP3K1+NF1+PIK3CA	metastatic	ESR1+GATA3+MAP3K1+NF1+PIK3CA	5	1	9.120758847136082e-05
metastatic::ESR1+GATA3+PIK3CA+PTEN	metastatic	ESR1+GATA3+PIK3CA+PTEN	4	1	9.120758847136082e-05
metastatic::ESR1+GATA3+PIK3CA+RB1	metastatic	ESR1+GATA3+PIK3CA+RB1	4	1	9.120758847136082e-05
metastatic::ESR1+GATA3+PIK3CA+RUNX1	metastatic	ESR1+GATA3+PIK3CA+RUNX1	4	1	9.120758847136082e-05
metastatic::ESR1+GATA3+RB1+TP53	metastatic	ESR1+GATA3+RB1+TP53	4	1	9.120758847136082e-05
metastatic::ESR1+MAP2K4+PIK3CA+RB1+RUNX1	metastatic	ESR1+MAP2K4+PIK3CA+RB1+RUNX1	5	1	9.120758847136082e-05
metastatic::ESR1+MAP2K4+PTEN+TP53	metastatic	ESR1+MAP2K4+PTEN+TP53	4	1	9.120758847136082e-05
metastatic::ESR1+MAP3K1+PIK3CA+PTEN+RUNX1	metastatic	ESR1+MAP3K1+PIK3CA+PTEN+RUNX1	5	1	9.120758847136082e-05
metastatic::ESR1+MAP3K1+PIK3CA+RB1+RUNX1	metastatic	ESR1+MAP3K1+PIK3CA+RB1+RUNX1	5	1	9.120758847136082e-05
metastatic::ESR1+NF1+PIK3CA	metastatic	ESR1+NF1+PIK3CA	3	1	9.120758847136082e-05
metastatic::ESR1+PIK3CA+PTEN	metastatic	ESR1+PIK3CA+PTEN	3	1	9.120758847136082e-05
metastatic::ESR1+PIK3CA+RB1+TP53	metastatic	ESR1+PIK3CA+RB1+TP53	4	1	9.120758847136082e-05
metastatic::ESR1+PTEN+RB1	metastatic	ESR1+PTEN+RB1	3	1	9.120758847136082e-05
metastatic::ESR1+RB1	metastatic	ESR1+RB1	2	1	9.120758847136082e-05
metastatic::GATA3+MAP2K4+TP53	metastatic	GATA3+MAP2K4+TP53	3	1	9.120758847136082e-05
metastatic::GATA3+MAP3K1+NF1	metastatic	GATA3+MAP3K1+NF1	3	1	9.120758847136082e-05
metastatic::GATA3+MAP3K1+PIK3CA+TP53	metastatic	GATA3+MAP3K1+PIK3CA+TP53	4	1	9.120758847136082e-05
metastatic::GATA3+MAP3K1+RB1	metastatic	GATA3+MAP3K1+RB1	3	1	9.120758847136082e-05
metastatic::GATA3+MAP3K1+RUNX1	metastatic	GATA3+MAP3K1+RUNX1	3	1	9.120758847136082e-05
metastatic::GATA3+NF1+PIK3CA	metastatic	GATA3+NF1+PIK3CA	3	1	9.120758847136082e-05
metastatic::GATA3+NF1+PIK3CA+PTEN+RB1+TP53	metastatic	GATA3+NF1+PIK3CA+PTEN+RB1+TP53	6	1	9.120758847136082e-05
metastatic::GATA3+PIK3CA+PTEN+TP53	metastatic	GATA3+PIK3CA+PTEN+TP53	4	1	9.120758847136082e-05
metastatic::GATA3+PIK3CA+RUNX1	metastatic	GATA3+PIK3CA+RUNX1	3	1	9.120758847136082e-05
metastatic::GATA3+PIK3CA+RUNX1+TP53	metastatic	GATA3+PIK3CA+RUNX1+TP53	4	1	9.120758847136082e-05
metastatic::GATA3+PTEN+RB1+TP53	metastatic	GATA3+PTEN+RB1+TP53	4	1	9.120758847136082e-05
metastatic::GATA3+RB1	metastatic	GATA3+RB1	2	1	9.120758847136082e-05
metastatic::MAP2K4+MAP3K1+NF1	metastatic	MAP2K4+MAP3K1+NF1	3	1	9.120758847136082e-05
metastatic::MAP2K4+NF1	metastatic	MAP2K4+NF1	2	1	9.120758847136082e-05
metastatic::MAP2K4+NF1+PTEN	metastatic	MAP2K4+NF1+PTEN	3	1	9.120758847136082e-05
metastatic::MAP2K4+PTEN	metastatic	MAP2K4+PTEN	2	1	9.120758847136082e-05
metastatic::MAP2K4+PTEN+TP53	metastatic	MAP2K4+PTEN+TP53	3	1	9.120758847136082e-05
metastatic::MAP3K1+NF1+PTEN	metastatic	MAP3K1+NF1+PTEN	3	1	9.120758847136082e-05
metastatic::MAP3K1+PTEN	metastatic	MAP3K1+PTEN	2	1	9.120758847136082e-05
metastatic::MAP3K1+RUNX1	metastatic	MAP3K1+RUNX1	2	1	9.120758847136082e-05
metastatic::MAP3K1+RUNX1+TP53	metastatic	MAP3K1+RUNX1+TP53	3	1	9.120758847136082e-05
metastatic::NF1+PIK3CA+RB1	metastatic	NF1+PIK3CA+RB1	3	1	9.120758847136082e-05
metastatic::NF1+PIK3CA+RB1+TP53	metastatic	NF1+PIK3CA+RB1+TP53	4	1	9.120758847136082e-05
metastatic::NF1+PIK3CA+RUNX1+TP53	metastatic	NF1+PIK3CA+RUNX1+TP53	4	1	9.120758847136082e-05
metastatic::NF1+PTEN+RUNX1+TP53	metastatic	NF1+PTEN+RUNX1+TP53	4	1	9.120758847136082e-05
metastatic::PIK3CA+PTEN+RB1+TP53	metastatic	PIK3CA+PTEN+RB1+TP53	4	1	9.120758847136082e-05
metastatic::PIK3CA+RB1+RUNX1+TP53	metastatic	PIK3CA+RB1+RUNX1+TP53	4	1	9.120758847136082e-05
metastatic::PTEN+RB1	metastatic	PTEN+RB1	2	1	9.120758847136082e-05
metastatic::PTEN+RUNX1	metastatic	PTEN+RUNX1	2	1	9.120758847136082e-05
metastatic::PTEN+RUNX1+TP53	metastatic	PTEN+RUNX1+TP53	3	1	9.120758847136082e-05
metastatic::RB1+RUNX1+TP53	metastatic	RB1+RUNX1+TP53	3	1	9.120758847136082e-05
primary::AKT1+ATM+BRCA1+BRCA2+CBFB+MAP3K1+NF1+PIK3CA+PTEN+RUNX1	primary	AKT1+ATM+BRCA1+BRCA2+CBFB+MAP3K1+NF1+PIK3CA+PTEN+RUNX1	10	1	9.120758847136082e-05
primary::AKT1+ATM+BRCA1+BRCA2+MAP2K4+MAP3K1+NF1+RB1+RUNX1+TP53	primary	AKT1+ATM+BRCA1+BRCA2+MAP2K4+MAP3K1+NF1+RB1+RUNX1+TP53	10	1	9.120758847136082e-05
primary::AKT1+ATM+BRCA2+PIK3CA+TP53	primary	AKT1+ATM+BRCA2+PIK3CA+TP53	5	1	9.120758847136082e-05
primary::AKT1+ATM+GATA3	primary	AKT1+ATM+GATA3	3	1	9.120758847136082e-05
primary::AKT1+ATM+RUNX1	primary	AKT1+ATM+RUNX1	3	1	9.120758847136082e-05
primary::AKT1+BRCA1	primary	AKT1+BRCA1	2	1	9.120758847136082e-05
primary::AKT1+BRCA1+BRCA2+ESR1	primary	AKT1+BRCA1+BRCA2+ESR1	4	1	9.120758847136082e-05
primary::AKT1+BRCA1+PTEN+RUNX1	primary	AKT1+BRCA1+PTEN+RUNX1	4	1	9.120758847136082e-05
primary::AKT1+BRCA1+TP53	primary	AKT1+BRCA1+TP53	3	1	9.120758847136082e-05
primary::AKT1+BRCA2	primary	AKT1+BRCA2	2	1	9.120758847136082e-05
primary::AKT1+BRCA2+ESR1	primary	AKT1+BRCA2+ESR1	3	1	9.120758847136082e-05
primary::AKT1+BRCA2+MAP3K1+NF1+TP53	primary	AKT1+BRCA2+MAP3K1+NF1+TP53	5	1	9.120758847136082e-05
primary::AKT1+BRCA2+MAP3K1+RUNX1+TP53	primary	AKT1+BRCA2+MAP3K1+RUNX1+TP53	5	1	9.120758847136082e-05
primary::AKT1+BRCA2+NF1	primary	AKT1+BRCA2+NF1	3	1	9.120758847136082e-05
primary::AKT1+BRCA2+PTEN+RB1+TP53	primary	AKT1+BRCA2+PTEN+RB1+TP53	5	1	9.120758847136082e-05
primary::AKT1+CBFB+ESR1+GATA3	primary	AKT1+CBFB+ESR1+GATA3	4	1	9.120758847136082e-05
primary::AKT1+CBFB+MAP2K4+MAP3K1+RUNX1	primary	AKT1+CBFB+MAP2K4+MAP3K1+RUNX1	5	1	9.120758847136082e-05
primary::AKT1+CBFB+PIK3CA	primary	AKT1+CBFB+PIK3CA	3	1	9.120758847136082e-05
primary::AKT1+CBFB+PTEN	primary	AKT1+CBFB+PTEN	3	1	9.120758847136082e-05
primary::AKT1+CBFB+TP53	primary	AKT1+CBFB+TP53	3	1	9.120758847136082e-05
primary::AKT1+ESR1+GATA3+NF1+TP53	primary	AKT1+ESR1+GATA3+NF1+TP53	5	1	9.120758847136082e-05
primary::AKT1+GATA3+MAP3K1+PIK3CA	primary	AKT1+GATA3+MAP3K1+PIK3CA	4	1	9.120758847136082e-05
primary::AKT1+MAP2K4+NF1+TP53	primary	AKT1+MAP2K4+NF1+TP53	4	1	9.120758847136082e-05
primary::AKT1+MAP3K1+NF1+TP53	primary	AKT1+MAP3K1+NF1+TP53	4	1	9.120758847136082e-05
primary::AKT1+MAP3K1+PIK3CA+TP53	primary	AKT1+MAP3K1+PIK3CA+TP53	4	1	9.120758847136082e-05
primary::AKT1+MAP3K1+TP53	primary	AKT1+MAP3K1+TP53	3	1	9.120758847136082e-05
primary::AKT1+NF1+RUNX1	primary	AKT1+NF1+RUNX1	3	1	9.120758847136082e-05
primary::AKT1+PIK3CA+PTEN	primary	AKT1+PIK3CA+PTEN	3	1	9.120758847136082e-05
primary::AKT1+PIK3CA+RB1+TP53	primary	AKT1+PIK3CA+RB1+TP53	4	1	9.120758847136082e-05
primary::AKT1+PTEN	primary	AKT1+PTEN	2	1	9.120758847136082e-05
primary::ATM+BRCA1	primary	ATM+BRCA1	2	1	9.120758847136082e-05
primary::ATM+BRCA1+BRCA2+ESR1+MAP3K1+NF1+PIK3CA+RUNX1+TP53	primary	ATM+BRCA1+BRCA2+ESR1+MAP3K1+NF1+PIK3CA+RUNX1+TP53	9	1	9.120758847136082e-05
primary::ATM+BRCA1+BRCA2+MAP3K1+NF1+PIK3CA+PTEN+RUNX1+TP53	primary	ATM+BRCA1+BRCA2+MAP3K1+NF1+PIK3CA+PTEN+RUNX1+TP53	9	1	9.120758847136082e-05
primary::ATM+BRCA1+BRCA2+MAP3K1+NF1+PIK3CA+RUNX1+TP53	primary	ATM+BRCA1+BRCA2+MAP3K1+NF1+PIK3CA+RUNX1+TP53	8	1	9.120758847136082e-05
primary::ATM+BRCA1+BRCA2+TP53	primary	ATM+BRCA1+BRCA2+TP53	4	1	9.120758847136082e-05
primary::ATM+BRCA1+GATA3+TP53	primary	ATM+BRCA1+GATA3+TP53	4	1	9.120758847136082e-05
primary::ATM+BRCA1+PIK3CA	primary	ATM+BRCA1+PIK3CA	3	1	9.120758847136082e-05
primary::ATM+BRCA1+RUNX1	primary	ATM+BRCA1+RUNX1	3	1	9.120758847136082e-05
primary::ATM+BRCA1+RUNX1+TP53	primary	ATM+BRCA1+RUNX1+TP53	4	1	9.120758847136082e-05
primary::ATM+BRCA2+PIK3CA	primary	ATM+BRCA2+PIK3CA	3	1	9.120758847136082e-05
primary::ATM+CBFB+GATA3+MAP3K1+PIK3CA	primary	ATM+CBFB+GATA3+MAP3K1+PIK3CA	5	1	9.120758847136082e-05
primary::ATM+CBFB+NF1+PIK3CA	primary	ATM+CBFB+NF1+PIK3CA	4	1	9.120758847136082e-05
primary::ATM+ESR1	primary	ATM+ESR1	2	1	9.120758847136082e-05
primary::ATM+ESR1+GATA3+PIK3CA	primary	ATM+ESR1+GATA3+PIK3CA	4	1	9.120758847136082e-05
primary::ATM+GATA3+MAP3K1	primary	ATM+GATA3+MAP3K1	3	1	9.120758847136082e-05
primary::ATM+GATA3+MAP3K1+PTEN	primary	ATM+GATA3+MAP3K1+PTEN	4	1	9.120758847136082e-05
primary::ATM+GATA3+MAP3K1+TP53	primary	ATM+GATA3+MAP3K1+TP53	4	1	9.120758847136082e-05
primary::ATM+GATA3+NF1	primary	ATM+GATA3+NF1	3	1	9.120758847136082e-05
primary::ATM+GATA3+PIK3CA+RB1	primary	ATM+GATA3+PIK3CA+RB1	4	1	9.120758847136082e-05
primary::ATM+GATA3+PIK3CA+TP53	primary	ATM+GATA3+PIK3CA+TP53	4	1	9.120758847136082e-05
primary::ATM+GATA3+RUNX1	primary	ATM+GATA3+RUNX1	3	1	9.120758847136082e-05
primary::ATM+GATA3+TP53	primary	ATM+GATA3+TP53	3	1	9.120758847136082e-05
primary::ATM+MAP2K4+MAP3K1+NF1+PIK3CA	primary	ATM+MAP2K4+MAP3K1+NF1+PIK3CA	5	1	9.120758847136082e-05
primary::ATM+MAP2K4+PIK3CA	primary	ATM+MAP2K4+PIK3CA	3	1	9.120758847136082e-05
primary::ATM+MAP2K4+PIK3CA+PTEN	primary	ATM+MAP2K4+PIK3CA+PTEN	4	1	9.120758847136082e-05
primary::ATM+MAP2K4+PIK3CA+TP53	primary	ATM+MAP2K4+PIK3CA+TP53	4	1	9.120758847136082e-05
primary::ATM+MAP2K4+TP53	primary	ATM+MAP2K4+TP53	3	1	9.120758847136082e-05
primary::ATM+MAP3K1+PIK3CA+RUNX1	primary	ATM+MAP3K1+PIK3CA+RUNX1	4	1	9.120758847136082e-05
primary::ATM+MAP3K1+PTEN+TP53	primary	ATM+MAP3K1+PTEN+TP53	4	1	9.120758847136082e-05
primary::ATM+NF1	primary	ATM+NF1	2	1	9.120758847136082e-05
primary::ATM+NF1+PIK3CA	primary	ATM+NF1+PIK3CA	3	1	9.120758847136082e-05
primary::ATM+NF1+RUNX1+TP53	primary	ATM+NF1+RUNX1+TP53	4	1	9.120758847136082e-05
primary::ATM+NF1+TP53	primary	ATM+NF1+TP53	3	1	9.120758847136082e-05
primary::ATM+PIK3CA+PTEN+TP53	primary	ATM+PIK3CA+PTEN+TP53	4	1	9.120758847136082e-05
primary::ATM+PIK3CA+RUNX1+TP53	primary	ATM+PIK3CA+RUNX1+TP53	4	1	9.120758847136082e-05
primary::BRCA1+BRCA2+PIK3CA	primary	BRCA1+BRCA2+PIK3CA	3	1	9.120758847136082e-05
primary::BRCA1+BRCA2+PTEN	primary	BRCA1+BRCA2+PTEN	3	1	9.120758847136082e-05
primary::BRCA1+CBFB+GATA3+MAP3K1+PIK3CA	primary	BRCA1+CBFB+GATA3+MAP3K1+PIK3CA	5	1	9.120758847136082e-05
primary::BRCA1+GATA3+MAP3K1	primary	BRCA1+GATA3+MAP3K1	3	1	9.120758847136082e-05
primary::BRCA1+GATA3+PIK3CA	primary	BRCA1+GATA3+PIK3CA	3	1	9.120758847136082e-05
primary::BRCA1+MAP2K4+PIK3CA+TP53	primary	BRCA1+MAP2K4+PIK3CA+TP53	4	1	9.120758847136082e-05
primary::BRCA1+MAP2K4+RB1	primary	BRCA1+MAP2K4+RB1	3	1	9.120758847136082e-05
primary::BRCA1+MAP2K4+TP53	primary	BRCA1+MAP2K4+TP53	3	1	9.120758847136082e-05
primary::BRCA1+NF1+PIK3CA+PTEN+TP53	primary	BRCA1+NF1+PIK3CA+PTEN+TP53	5	1	9.120758847136082e-05
primary::BRCA1+NF1+PIK3CA+TP53	primary	BRCA1+NF1+PIK3CA+TP53	4	1	9.120758847136082e-05
primary::BRCA1+PIK3CA+PTEN+TP53	primary	BRCA1+PIK3CA+PTEN+TP53	4	1	9.120758847136082e-05
primary::BRCA1+PIK3CA+RUNX1	primary	BRCA1+PIK3CA+RUNX1	3	1	9.120758847136082e-05
primary::BRCA1+RUNX1+TP53	primary	BRCA1+RUNX1+TP53	3	1	9.120758847136082e-05
primary::BRCA2+CBFB	primary	BRCA2+CBFB	2	1	9.120758847136082e-05
primary::BRCA2+CBFB+GATA3+PTEN	primary	BRCA2+CBFB+GATA3+PTEN	4	1	9.120758847136082e-05
primary::BRCA2+CBFB+MAP2K4+PIK3CA+TP53	primary	BRCA2+CBFB+MAP2K4+PIK3CA+TP53	5	1	9.120758847136082e-05
primary::BRCA2+ESR1	primary	BRCA2+ESR1	2	1	9.120758847136082e-05
primary::BRCA2+ESR1+GATA3	primary	BRCA2+ESR1+GATA3	3	1	9.120758847136082e-05
primary::BRCA2+ESR1+MAP3K1	primary	BRCA2+ESR1+MAP3K1	3	1	9.120758847136082e-05
primary::BRCA2+ESR1+MAP3K1+NF1	primary	BRCA2+ESR1+MAP3K1+NF1	4	1	9.120758847136082e-05
primary::BRCA2+GATA3+MAP3K1	primary	BRCA2+GATA3+MAP3K1	3	1	9.120758847136082e-05
primary::BRCA2+GATA3+MAP3K1+NF1+PIK3CA+RUNX1	primary	BRCA2+GATA3+MAP3K1+NF1+PIK3CA+RUNX1	6	1	9.120758847136082e-05
primary::BRCA2+GATA3+MAP3K1+NF1+TP53	primary	BRCA2+GATA3+MAP3K1+NF1+TP53	5	1	9.120758847136082e-05
primary::BRCA2+GATA3+PIK3CA	primary	BRCA2+GATA3+PIK3CA	3	1	9.120758847136082e-05
primary::BRCA2+GATA3+PIK3CA+TP53	primary	BRCA2+GATA3+PIK3CA+TP53	4	1	9.120758847136082e-05
primary::BRCA2+GATA3+PTEN	primary	BRCA2+GATA3+PTEN	3	1	9.120758847136082e-05
primary::BRCA2+GATA3+PTEN+TP53	primary	BRCA2+GATA3+PTEN+TP53	4	1	9.120758847136082e-05
primary::BRCA2+MAP2K4	primary	BRCA2+MAP2K4	2	1	9.120758847136082e-05
primary::BRCA2+MAP2K4+NF1+PIK3CA+TP53	primary	BRCA2+MAP2K4+NF1+PIK3CA+TP53	5	1	9.120758847136082e-05
primary::BRCA2+MAP3K1+NF1+PTEN	primary	BRCA2+MAP3K1+NF1+PTEN	4	1	9.120758847136082e-05
primary::BRCA2+MAP3K1+PIK3CA	primary	BRCA2+MAP3K1+PIK3CA	3	1	9.120758847136082e-05
primary::BRCA2+MAP3K1+PIK3CA+PTEN	primary	BRCA2+MAP3K1+PIK3CA+PTEN	4	1	9.120758847136082e-05
primary::BRCA2+MAP3K1+PTEN	primary	BRCA2+MAP3K1+PTEN	3	1	9.120758847136082e-05
primary::BRCA2+MAP3K1+TP53	primary	BRCA2+MAP3K1+TP53	3	1	9.120758847136082e-05
primary::BRCA2+NF1	primary	BRCA2+NF1	2	1	9.120758847136082e-05
primary::BRCA2+NF1+PTEN+TP53	primary	BRCA2+NF1+PTEN+TP53	4	1	9.120758847136082e-05
primary::BRCA2+PIK3CA+PTEN	primary	BRCA2+PIK3CA+PTEN	3	1	9.120758847136082e-05
primary::BRCA2+PIK3CA+PTEN+TP53	primary	BRCA2+PIK3CA+PTEN+TP53	4	1	9.120758847136082e-05
primary::BRCA2+PIK3CA+RB1+TP53	primary	BRCA2+PIK3CA+RB1+TP53	4	1	9.120758847136082e-05
primary::BRCA2+PIK3CA+RUNX1+TP53	primary	BRCA2+PIK3CA+RUNX1+TP53	4	1	9.120758847136082e-05
primary::BRCA2+PTEN+RUNX1	primary	BRCA2+PTEN+RUNX1	3	1	9.120758847136082e-05
primary::BRCA2+RB1	primary	BRCA2+RB1	2	1	9.120758847136082e-05
primary::BRCA2+RUNX1	primary	BRCA2+RUNX1	2	1	9.120758847136082e-05
primary::CBFB+ESR1	primary	CBFB+ESR1	2	1	9.120758847136082e-05
primary::CBFB+GATA3+MAP2K4	primary	CBFB+GATA3+MAP2K4	3	1	9.120758847136082e-05
primary::CBFB+GATA3+MAP2K4+PIK3CA	primary	CBFB+GATA3+MAP2K4+PIK3CA	4	1	9.120758847136082e-05
primary::CBFB+GATA3+MAP3K1	primary	CBFB+GATA3+MAP3K1	3	1	9.120758847136082e-05
primary::CBFB+GATA3+MAP3K1+NF1+PIK3CA+TP53	primary	CBFB+GATA3+MAP3K1+NF1+PIK3CA+TP53	6	1	9.120758847136082e-05
primary::CBFB+GATA3+PIK3CA+RB1	primary	CBFB+GATA3+PIK3CA+RB1	4	1	9.120758847136082e-05
primary::CBFB+GATA3+PIK3CA+RUNX1	primary	CBFB+GATA3+PIK3CA+RUNX1	4	1	9.120758847136082e-05
primary::CBFB+GATA3+RUNX1	primary	CBFB+GATA3+RUNX1	3	1	9.120758847136082e-05
primary::CBFB+MAP3K1	primary	CBFB+MAP3K1	2	1	9.120758847136082e-05
primary::CBFB+MAP3K1+NF1+PIK3CA	primary	CBFB+MAP3K1+NF1+PIK3CA	4	1	9.120758847136082e-05
primary::CBFB+MAP3K1+PTEN	primary	CBFB+MAP3K1+PTEN	3	1	9.120758847136082e-05
primary::CBFB+NF1+RUNX1	primary	CBFB+NF1+RUNX1	3	1	9.120758847136082e-05
primary::CBFB+PIK3CA+PTEN	primary	CBFB+PIK3CA+PTEN	3	1	9.120758847136082e-05
primary::CBFB+PIK3CA+PTEN+TP53	primary	CBFB+PIK3CA+PTEN+TP53	4	1	9.120758847136082e-05
primary::CBFB+PIK3CA+RB1	primary	CBFB+PIK3CA+RB1	3	1	9.120758847136082e-05
primary::CBFB+PIK3CA+RB1+TP53	primary	CBFB+PIK3CA+RB1+TP53	4	1	9.120758847136082e-05
primary::CBFB+PIK3CA+RUNX1	primary	CBFB+PIK3CA+RUNX1	3	1	9.120758847136082e-05
primary::CBFB+RUNX1+TP53	primary	CBFB+RUNX1+TP53	3	1	9.120758847136082e-05
primary::ESR1+GATA3+MAP2K4+PIK3CA	primary	ESR1+GATA3+MAP2K4+PIK3CA	4	1	9.120758847136082e-05
primary::ESR1+GATA3+NF1	primary	ESR1+GATA3+NF1	3	1	9.120758847136082e-05
primary::ESR1+GATA3+PIK3CA+TP53	primary	ESR1+GATA3+PIK3CA+TP53	4	1	9.120758847136082e-05
primary::ESR1+GATA3+PTEN+RB1	primary	ESR1+GATA3+PTEN+RB1	4	1	9.120758847136082e-05
primary::ESR1+GATA3+RUNX1	primary	ESR1+GATA3+RUNX1	3	1	9.120758847136082e-05
primary::ESR1+MAP2K4	primary	ESR1+MAP2K4	2	1	9.120758847136082e-05
primary::ESR1+MAP2K4+PIK3CA+PTEN+TP53	primary	ESR1+MAP2K4+PIK3CA+PTEN+TP53	5	1	9.120758847136082e-05
primary::ESR1+MAP3K1+PIK3CA	primary	ESR1+MAP3K1+PIK3CA	3	1	9.120758847136082e-05
primary::ESR1+MAP3K1+PIK3CA+RB1+TP53	primary	ESR1+MAP3K1+PIK3CA+RB1+TP53	5	1	9.120758847136082e-05
primary::ESR1+MAP3K1+PIK3CA+TP53	primary	ESR1+MAP3K1+PIK3CA+TP53	4	1	9.120758847136082e-05
primary::GATA3+MAP2K4+NF1+PIK3CA+PTEN+TP53	primary	GATA3+MAP2K4+NF1+PIK3CA+PTEN+TP53	6	1	9.120758847136082e-05
primary::GATA3+MAP2K4+PIK3CA+PTEN+TP53	primary	GATA3+MAP2K4+PIK3CA+PTEN+TP53	5	1	9.120758847136082e-05
primary::GATA3+MAP2K4+PIK3CA+TP53	primary	GATA3+MAP2K4+PIK3CA+TP53	4	1	9.120758847136082e-05
primary::GATA3+MAP3K1+NF1+PIK3CA+RUNX1	primary	GATA3+MAP3K1+NF1+PIK3CA+RUNX1	5	1	9.120758847136082e-05
primary::GATA3+MAP3K1+NF1+PTEN	primary	GATA3+MAP3K1+NF1+PTEN	4	1	9.120758847136082e-05
primary::GATA3+MAP3K1+PIK3CA+RUNX1	primary	GATA3+MAP3K1+PIK3CA+RUNX1	4	1	9.120758847136082e-05
primary::GATA3+NF1+PIK3CA+RUNX1+TP53	primary	GATA3+NF1+PIK3CA+RUNX1+TP53	5	1	9.120758847136082e-05
primary::GATA3+PIK3CA+RB1	primary	GATA3+PIK3CA+RB1	3	1	9.120758847136082e-05
primary::GATA3+PIK3CA+RB1+TP53	primary	GATA3+PIK3CA+RB1+TP53	4	1	9.120758847136082e-05
primary::GATA3+RB1+TP53	primary	GATA3+RB1+TP53	3	1	9.120758847136082e-05
primary::MAP2K4+MAP3K1+PIK3CA	primary	MAP2K4+MAP3K1+PIK3CA	3	1	9.120758847136082e-05
primary::MAP2K4+NF1+TP53	primary	MAP2K4+NF1+TP53	3	1	9.120758847136082e-05
primary::MAP2K4+PIK3CA+PTEN	primary	MAP2K4+PIK3CA+PTEN	3	1	9.120758847136082e-05
primary::MAP2K4+RB1	primary	MAP2K4+RB1	2	1	9.120758847136082e-05
primary::MAP2K4+RB1+TP53	primary	MAP2K4+RB1+TP53	3	1	9.120758847136082e-05
primary::MAP2K4+RUNX1	primary	MAP2K4+RUNX1	2	1	9.120758847136082e-05
primary::MAP3K1+NF1	primary	MAP3K1+NF1	2	1	9.120758847136082e-05
primary::MAP3K1+NF1+PIK3CA+RUNX1	primary	MAP3K1+NF1+PIK3CA+RUNX1	4	1	9.120758847136082e-05
primary::MAP3K1+NF1+PTEN+TP53	primary	MAP3K1+NF1+PTEN+TP53	4	1	9.120758847136082e-05
primary::MAP3K1+PIK3CA+RB1	primary	MAP3K1+PIK3CA+RB1	3	1	9.120758847136082e-05
primary::MAP3K1+PIK3CA+RUNX1+TP53	primary	MAP3K1+PIK3CA+RUNX1+TP53	4	1	9.120758847136082e-05
primary::MAP3K1+PTEN+RUNX1	primary	MAP3K1+PTEN+RUNX1	3	1	9.120758847136082e-05
primary::NF1+PIK3CA+PTEN	primary	NF1+PIK3CA+PTEN	3	1	9.120758847136082e-05
primary::NF1+PIK3CA+RB1	primary	NF1+PIK3CA+RB1	3	1	9.120758847136082e-05
primary::NF1+PIK3CA+RB1+RUNX1+TP53	primary	NF1+PIK3CA+RB1+RUNX1+TP53	5	1	9.120758847136082e-05
primary::NF1+PIK3CA+RUNX1+TP53	primary	NF1+PIK3CA+RUNX1+TP53	4	1	9.120758847136082e-05
primary::NF1+PTEN+RB1	primary	NF1+PTEN+RB1	3	1	9.120758847136082e-05
primary::NF1+PTEN+RB1+TP53	primary	NF1+PTEN+RB1+TP53	4	1	9.120758847136082e-05
primary::NF1+RUNX1	primary	NF1+RUNX1	2	1	9.120758847136082e-05
primary::NF1+RUNX1+TP53	primary	NF1+RUNX1+TP53	3	1	9.120758847136082e-05
primary::PIK3CA+PTEN+RUNX1+TP53	primary	PIK3CA+PTEN+RUNX1+TP53	4	1	9.120758847136082e-05
primary::PIK3CA+RB1+RUNX1	primary	PIK3CA+RB1+RUNX1	3	1	9.120758847136082e-05
primary::PIK3CA+RB1+RUNX1+TP53	primary	PIK3CA+RB1+RUNX1+TP53	4	1	9.120758847136082e-05
primary::PTEN+RB1	primary	PTEN+RB1	2	1	9.120758847136082e-05
unknown::AKT1+ATM+PIK3CA	unknown	AKT1+ATM+PIK3CA	3	1	9.120758847136082e-05
unknown::AKT1+ESR1+PIK3CA	unknown	AKT1+ESR1+PIK3CA	3	1	9.120758847136082e-05
unknown::AKT1+PIK3CA	unknown	AKT1+PIK3CA	2	1	9.120758847136082e-05
unknown::ATM+BRCA2+GATA3	unknown	ATM+BRCA2+GATA3	3	1	9.120758847136082e-05
unknown::ATM+ESR1+PIK3CA+TP53	unknown	ATM+ESR1+PIK3CA+TP53	4	1	9.120758847136082e-05
unknown::ATM+PIK3CA	unknown	ATM+PIK3CA	2	1	9.120758847136082e-05
unknown::ATM+PIK3CA+TP53	unknown	ATM+PIK3CA+TP53	3	1	9.120758847136082e-05
unknown::BRCA1	unknown	BRCA1	1	1	9.120758847136082e-05
unknown::BRCA1+CBFB+GATA3	unknown	BRCA1+CBFB+GATA3	3	1	9.120758847136082e-05
unknown::BRCA2	unknown	BRCA2	1	1	9.120758847136082e-05
unknown::BRCA2+CBFB+TP53	unknown	BRCA2+CBFB+TP53	3	1	9.120758847136082e-05
unknown::BRCA2+PIK3CA+TP53	unknown	BRCA2+PIK3CA+TP53	3	1	9.120758847136082e-05
unknown::BRCA2+RB1+TP53	unknown	BRCA2+RB1+TP53	3	1	9.120758847136082e-05
unknown::CBFB+GATA3	unknown	CBFB+GATA3	2	1	9.120758847136082e-05
unknown::ESR1+GATA3+PIK3CA	unknown	ESR1+GATA3+PIK3CA	3	1	9.120758847136082e-05
unknown::ESR1+GATA3+TP53	unknown	ESR1+GATA3+TP53	3	1	9.120758847136082e-05
unknown::ESR1+PIK3CA	unknown	ESR1+PIK3CA	2	1	9.120758847136082e-05
unknown::ESR1+TP53	unknown	ESR1+TP53	2	1	9.120758847136082e-05
unknown::GATA3+PIK3CA	unknown	GATA3+PIK3CA	2	1	9.120758847136082e-05
unknown::GATA3+PIK3CA+TP53	unknown	GATA3+PIK3CA+TP53	3	1	9.120758847136082e-05
unknown::MAP2K4+PIK3CA+RB1+TP53	unknown	MAP2K4+PIK3CA+RB1+TP53	4	1	9.120758847136082e-05
unknown::MAP2K4+TP53	unknown	MAP2K4+TP53	2	1	9.120758847136082e-05
unknown::MAP3K1+PIK3CA	unknown	MAP3K1+PIK3CA	2	1	9.120758847136082e-05
unknown::MAP3K1+PIK3CA+TP53	unknown	MAP3K1+PIK3CA+TP53	3	1	9.120758847136082e-05
unknown::NF1+PIK3CA	unknown	NF1+PIK3CA	2	1	9.120758847136082e-05
unknown::PIK3CA+PTEN	unknown	PIK3CA+PTEN	2	1	9.120758847136082e-05
unknown::PIK3CA+RUNX1+TP53	unknown	PIK3CA+RUNX1+TP53	3	1	9.120758847136082e-05
unknown::PTEN+TP53	unknown	PTEN+TP53	2	1	9.120758847136082e-05
