condition	topology	sparsity	placement	repeat	truth_states_evaluable	truth_states_implanted	evaluable_fraction	spearman_R_star	spearman_occupancy	spearman_gain	pairwise_concordance_R_star	pairwise_concordance_occupancy
linear|s=0.05|early	linear	0.05	early	1	9	10	0.9	0.9831920802501751	0.9492889050691345	0.03390317518104058	1.0	0.96875
linear|s=0.05|early	linear	0.05	early	2	10	10	1.0	0.9847319278346618	0.95068973677523	0.03404219105943174	1.0	0.9743589743589743
linear|s=0.05|early	linear	0.05	early	3	10	10	1.0	0.9847319278346618	0.9354953314429287	0.049236596391733056	1.0	0.95
linear|s=0.05|early	linear	0.05	early	4	10	10	1.0	0.9847319278346618	0.9877295966495897	-0.002997668814927912	1.0	1.0
linear|s=0.05|early	linear	0.05	early	5	8	10	0.8	0.9759000729485332	0.8783100656536799	0.09759000729485334	1.0	0.9166666666666666
linear|s=0.05|early	linear	0.05	early	6	10	10	1.0	0.9847319278346618	0.941217068774333	0.043514859060328814	1.0	0.95
linear|s=0.05|early	linear	0.05	early	7	10	10	1.0	0.9601136296387952	0.95068973677523	0.009423892863565153	0.975	0.9743589743589743
linear|s=0.05|early	linear	0.05	early	8	10	10	1.0	0.9601136296387952	0.9601136296387952	0.0	0.975	0.975
linear|s=0.05|early	linear	0.05	early	9	10	10	1.0	0.9847319278346618	0.9753829766914697	0.009348951143192119	1.0	1.0
linear|s=0.05|early	linear	0.05	early	10	10	10	1.0	0.9601136296387952	0.9354953314429287	0.024618298195866473	0.975	0.95
linear|s=0.05|middle	linear	0.05	middle	1	7	10	0.7	0.8260009854911466	0.8260009854911466	0.0	0.8888888888888888	0.8888888888888888
linear|s=0.05|middle	linear	0.05	middle	2	8	10	0.8	0.9271050693011065	0.8395701571521512	0.08753491214895526	0.9583333333333334	0.875
linear|s=0.05|middle	linear	0.05	middle	3	9	10	0.9	0.8814825547070536	0.8511331870602444	0.030349367646809178	0.90625	0.9032258064516129
linear|s=0.05|middle	linear	0.05	middle	4	8	10	0.8	0.9819805060619657	0.8415259932542926	0.14045451280767318	1.0	0.875
linear|s=0.05|middle	linear	0.05	middle	5	6	10	0.6	0.7171371656006363	0.35856858280031817	0.35856858280031817	0.8333333333333334	0.6666666666666666
linear|s=0.05|middle	linear	0.05	middle	6	9	10	0.9	0.9153857298880941	0.9362465057662689	-0.02086077587817481	0.9375	0.967741935483871
linear|s=0.05|middle	linear	0.05	middle	7	8	10	0.8	0.9092412093166349	0.872016065473651	0.03722514384298392	0.92	0.9166666666666666
linear|s=0.05|middle	linear	0.05	middle	8	8	10	0.8	0.9819805060619657	0.9756823110194697	0.006298195042496069	1.0	1.0
linear|s=0.05|middle	linear	0.05	middle	9	9	10	0.9	0.9492889050691345	0.8809228486073529	0.06836605646178162	0.96875	0.9032258064516129
linear|s=0.05|middle	linear	0.05	middle	10	8	10	0.8	0.8783100656536799	0.9877295966495896	-0.10941953099590973	0.9166666666666666	1.0
linear|s=0.05|late	linear	0.05	late	1	4	10	0.4	0.0	-0.23570226039551587	0.23570226039551587	0.5	0.3333333333333333
linear|s=0.05|late	linear	0.05	late	2	6	10	0.6	0.4780914437337575	0.5457051563317492	-0.0676137125979917	0.6666666666666666	0.7272727272727273
linear|s=0.05|late	linear	0.05	late	3	4	10	0.4	0.0	0.0	0.0	0.5	0.5
linear|s=0.05|late	linear	0.05	late	4	7	10	0.7	0.7525786756697113	0.7290038003196577	0.023574875350053537	0.8333333333333334	0.875
linear|s=0.05|late	linear	0.05	late	5	6	10	0.6	0.5590653920196746	0.6179143806533246	-0.05884898863364996	0.6923076923076923	0.7692307692307693
linear|s=0.05|late	linear	0.05	late	6	4	10	0.4	0.4472135954999579	0.4472135954999579	0.0	0.75	0.75
linear|s=0.05|late	linear	0.05	late	7	5	10	0.5	0.31622776601683794	0.31622776601683794	0.0	0.625	0.625
linear|s=0.05|late	linear	0.05	late	8	5	10	0.5	0.7378647873726218	0.8651809126974003	-0.12731612532477843	0.875	1.0
linear|s=0.05|late	linear	0.05	late	9	5	10	0.5	0.6324555320336759	0.40555355282690636	0.22690197920676952	0.75	0.7142857142857143
linear|s=0.05|late	linear	0.05	late	10	5	10	0.5	0.5270462766947298	0.21629522817435007	0.3107510485203797	0.75	0.5714285714285714
linear|s=0.10|early	linear	0.1	early	1	10	10	1.0	0.9847319278346618	0.9847319278346618	0.0	1.0	1.0
linear|s=0.10|early	linear	0.1	early	2	10	10	1.0	0.9847319278346618	0.9630363567333498	0.02169557110131204	1.0	0.975
linear|s=0.10|early	linear	0.1	early	3	10	10	1.0	0.9354953314429287	0.9108770332470622	0.024618298195866584	0.95	0.925
linear|s=0.10|early	linear	0.1	early	4	10	10	1.0	0.9601136296387952	0.8272235371940313	0.1328900924447639	0.975	0.8717948717948718
linear|s=0.10|early	linear	0.1	early	5	10	10	1.0	0.9847319278346618	0.95068973677523	0.03404219105943174	1.0	0.9743589743589743
linear|s=0.10|early	linear	0.1	early	6	10	10	1.0	0.9847319278346618	0.9877295966495897	-0.002997668814927912	1.0	1.0
linear|s=0.10|early	linear	0.1	early	7	10	10	1.0	0.9847319278346618	0.9601136296387952	0.024618298195866584	1.0	0.975
linear|s=0.10|early	linear	0.1	early	8	10	10	1.0	0.9601136296387952	0.9013032569427505	0.05881037269604472	0.975	0.9230769230769231
linear|s=0.10|early	linear	0.1	early	9	9	10	0.9	0.9831920802501751	0.9532691695074738	0.02992291074270137	1.0	0.96875
linear|s=0.10|early	linear	0.1	early	10	10	10	1.0	0.9601136296387952	0.9847319278346618	-0.024618298195866584	0.975	1.0
linear|s=0.10|middle	linear	0.1	middle	1	8	10	0.8	0.9759000729485332	0.8835852486128688	0.0923148243356644	1.0	0.9166666666666666
linear|s=0.10|middle	linear	0.1	middle	2	9	10	0.9	0.8814825547070536	0.9313390497461603	-0.04985649503910672	0.90625	0.9666666666666667
linear|s=0.10|middle	linear	0.1	middle	3	9	10	0.9	0.9831920802501751	0.8383661892543407	0.14482589099583443	1.0	0.8709677419354839
linear|s=0.10|middle	linear	0.1	middle	4	7	10	0.7	0.8994232953125818	0.9728456051340169	-0.07342230982143505	0.9444444444444444	1.0
linear|s=0.10|middle	linear	0.1	middle	5	9	10	0.9	0.9831920802501751	0.8391035857307529	0.14408849451942218	1.0	0.875
linear|s=0.10|middle	linear	0.1	middle	6	8	10	0.8	0.8849947770681914	0.9756823110194697	-0.09068753395127827	0.92	1.0
linear|s=0.10|middle	linear	0.1	middle	7	9	10	0.9	0.8645309671165332	0.9359316220584212	-0.07140065494188796	0.90625	0.9666666666666667
linear|s=0.10|middle	linear	0.1	middle	8	9	10	0.9	0.9831920802501751	0.9786682258053809	0.004523854444794195	1.0	1.0
linear|s=0.10|middle	linear	0.1	middle	9	7	10	0.7	0.8365019125713041	0.8001322641986389	0.03636964837266521	0.8947368421052632	0.8421052631578947
linear|s=0.10|middle	linear	0.1	middle	10	8	10	0.8	0.8849947770681914	0.9819805060619657	-0.09698572899377433	0.92	1.0
linear|s=0.10|late	linear	0.1	late	1	6	10	0.6	0.35856858280031817	0.6154574548966636	-0.2568888720963454	0.6666666666666666	0.8
linear|s=0.10|late	linear	0.1	late	2	5	10	0.5	0.5270462766947298	0.9486832980505137	-0.42163702135578385	0.75	1.0
linear|s=0.10|late	linear	0.1	late	3	6	10	0.6	0.6473388749701496	0.909090909090909	-0.2617520341207593	0.7692307692307693	1.0
linear|s=0.10|late	linear	0.1	late	4	5	10	0.5	0.5270462766947298	0.5797509043642028	-0.052704627669473036	0.75	0.75
linear|s=0.10|late	linear	0.1	late	5	7	10	0.7	0.8260009854911466	0.7130852445800123	0.11291574091113432	0.8888888888888888	0.8235294117647058
linear|s=0.10|late	linear	0.1	late	6	7	10	0.7	0.7525786756697113	0.7383500028878585	0.014228672781852802	0.8333333333333334	0.875
linear|s=0.10|late	linear	0.1	late	7	7	10	0.7	0.8260009854911466	0.8242154125665077	0.0017855729246389895	0.8888888888888888	0.8823529411764706
linear|s=0.10|late	linear	0.1	late	8	7	10	0.7	0.7525786756697113	0.9177788727679405	-0.1652001970982292	0.8333333333333334	0.9444444444444444
linear|s=0.10|late	linear	0.1	late	9	5	10	0.5	-0.05270462766947299	0.675922588044844	-0.728627215714317	0.5	0.8571428571428571
linear|s=0.10|late	linear	0.1	late	10	5	10	0.5	0.8720815992723809	0.9473684210526317	-0.07528682178025081	0.8888888888888888	1.0
linear|s=0.20|early	linear	0.2	early	1	10	10	1.0	0.8862587350511957	0.8421415878507189	0.04411714720047677	0.9	0.8947368421052632
linear|s=0.20|early	linear	0.2	early	2	10	10	1.0	0.9601136296387952	0.7877855422677295	0.17232808737106575	0.975	0.85
linear|s=0.20|early	linear	0.2	early	3	9	10	0.9	0.9831920802501751	0.9107125101544616	0.07247957009571349	1.0	0.9375
linear|s=0.20|early	linear	0.2	early	4	10	10	1.0	0.9354953314429287	0.8889566369846308	0.04653869445829795	0.95	0.9230769230769231
linear|s=0.20|early	linear	0.2	early	5	10	10	1.0	0.9847319278346618	0.8124038404635959	0.17232808737106586	1.0	0.875
linear|s=0.20|early	linear	0.2	early	6	10	10	1.0	0.9601136296387952	0.9136498769008703	0.04646375273792491	0.975	0.925
linear|s=0.20|early	linear	0.2	early	7	10	10	1.0	0.9354953314429287	0.8124038404635959	0.12309149097933281	0.95	0.875
linear|s=0.20|early	linear	0.2	early	8	10	10	1.0	0.9354953314429287	0.851916777110271	0.0835785543326577	0.95	0.8974358974358975
linear|s=0.20|early	linear	0.2	early	9	10	10	1.0	0.8862587350511957	0.7385489458759963	0.1477097891751994	0.925	0.825
linear|s=0.20|early	linear	0.2	early	10	10	10	1.0	0.9601136296387952	0.7877855422677295	0.17232808737106575	0.975	0.85
linear|s=0.20|middle	linear	0.2	middle	1	9	10	0.9	0.9069099360928339	0.7745312002248224	0.13237873586801152	0.9375	0.8387096774193549
linear|s=0.20|middle	linear	0.2	middle	2	9	10	0.9	0.8899583485023137	0.8136762043449725	0.07628214415734125	0.90625	0.875
linear|s=0.20|middle	linear	0.2	middle	3	10	10	1.0	0.7877855422677295	0.7523547938632787	0.03543074840445071	0.85	0.8571428571428571
linear|s=0.20|middle	linear	0.2	middle	4	9	10	0.9	0.8899583485023137	0.8052004105497124	0.08475793795260134	0.90625	0.84375
linear|s=0.20|middle	linear	0.2	middle	5	9	10	0.9	0.8899583485023137	0.8170878595778347	0.072870488924479	0.90625	0.875
linear|s=0.20|middle	linear	0.2	middle	6	8	10	0.8	0.9819805060619657	0.8659180510297794	0.11606245503218637	1.0	0.88
linear|s=0.20|middle	linear	0.2	middle	7	9	10	0.9	0.9831920802501751	0.8724115167367507	0.11078056351342447	1.0	0.9032258064516129
linear|s=0.20|middle	linear	0.2	middle	8	9	10	0.9	0.9323373174786144	0.8681558508014494	0.06418146667716496	0.9375	0.9032258064516129
linear|s=0.20|middle	linear	0.2	middle	9	9	10	0.9	0.9492889050691345	0.8189655172413793	0.1303233878277552	0.96875	0.8666666666666667
linear|s=0.20|middle	linear	0.2	middle	10	8	10	0.8	0.8607483448197477	0.8971179931924131	-0.03636964837266543	0.88	0.92
linear|s=0.20|late	linear	0.2	late	1	9	10	0.9	0.8136762043449725	0.8000651958366298	0.013611008508342626	0.84375	0.8387096774193549
linear|s=0.20|late	linear	0.2	late	2	7	10	0.7	0.7525786756697113	0.4038227040178939	0.3487559716518174	0.8333333333333334	0.6666666666666666
linear|s=0.20|late	linear	0.2	late	3	8	10	0.8	0.7807200583588266	0.6626889364596515	0.11803112189917508	0.8333333333333334	0.782608695652174
linear|s=0.20|late	linear	0.2	late	4	9	10	0.9	0.8136762043449725	0.6809065496481955	0.13276965469677693	0.84375	0.8387096774193549
linear|s=0.20|late	linear	0.2	late	5	8	10	0.8	0.8783100656536799	0.9271050693011065	-0.048795003647426616	0.9166666666666666	0.9583333333333334
linear|s=0.20|late	linear	0.2	late	6	8	10	0.8	0.8295150620062534	0.6420242378222333	0.18749082418402008	0.875	0.7916666666666666
linear|s=0.20|late	linear	0.2	late	7	9	10	0.9	0.847579379526013	0.7906271693187575	0.056952210207255494	0.875	0.8387096774193549
linear|s=0.20|late	linear	0.2	late	8	9	10	0.9	0.847579379526013	0.9153857298880941	-0.06780635036208105	0.875	0.9375
linear|s=0.20|late	linear	0.2	late	9	9	10	0.9	0.8814825547070536	0.9873144969898835	-0.10583194228282988	0.90625	1.0
linear|s=0.20|late	linear	0.2	late	10	9	10	0.9	0.8814825547070536	0.8766671826720517	0.00481537203500193	0.90625	0.9032258064516129
branching|s=0.05|early	branching	0.05	early	1	10	10	1.0	0.9847319278346618	0.9847319278346618	0.0	1.0	1.0
branching|s=0.05|early	branching	0.05	early	2	10	10	1.0	0.9601136296387952	0.9601136296387952	0.0	0.975	0.975
branching|s=0.05|early	branching	0.05	early	3	10	10	1.0	0.9601136296387952	0.9847319278346618	-0.024618298195866584	0.975	1.0
branching|s=0.05|early	branching	0.05	early	4	10	10	1.0	0.9847319278346618	0.9108770332470622	0.07385489458759964	1.0	0.925
branching|s=0.05|early	branching	0.05	early	5	10	10	1.0	0.9601136296387952	0.9601136296387952	0.0	0.975	0.975
branching|s=0.05|early	branching	0.05	early	6	10	10	1.0	0.9847319278346618	0.8766100170265108	0.10812191080815103	1.0	0.9230769230769231
branching|s=0.05|early	branching	0.05	early	7	10	10	1.0	0.9354953314429287	0.9040637634279777	0.03143156801495106	0.95	0.9230769230769231
branching|s=0.05|early	branching	0.05	early	8	9	10	0.9	0.9831920802501751	0.9238615236833542	0.05933055656682096	1.0	0.9375
branching|s=0.05|early	branching	0.05	early	9	10	10	1.0	0.9601136296387952	0.9630363567333498	-0.0029227270945545447	0.975	0.975
branching|s=0.05|early	branching	0.05	early	10	10	10	1.0	0.9847319278346618	0.9259964968589902	0.058735430975671576	1.0	0.9487179487179487
branching|s=0.05|middle	branching	0.05	middle	1	9	10	0.9	0.9153857298880941	0.8455013493087262	0.06988438057936786	0.9375	0.8709677419354839
branching|s=0.05|middle	branching	0.05	middle	2	10	10	1.0	0.9601136296387952	0.9164481985434293	0.043665431095365914	0.975	0.9473684210526315
branching|s=0.05|middle	branching	0.05	middle	3	9	10	0.9	0.8814825547070536	0.7458698539828915	0.1356127007241621	0.90625	0.84375
branching|s=0.05|middle	branching	0.05	middle	4	7	10	0.7	0.8994232953125818	0.8994232953125818	0.0	0.9444444444444444	0.9444444444444444
branching|s=0.05|middle	branching	0.05	middle	5	9	10	0.9	0.9153857298880941	0.8085765277072322	0.10680920218086187	0.9375	0.8709677419354839
branching|s=0.05|middle	branching	0.05	middle	6	9	10	0.9	0.7797730291639321	0.5689655172413794	0.21080751192255265	0.84375	0.7666666666666667
branching|s=0.05|middle	branching	0.05	middle	7	8	10	0.8	0.8971179931924131	0.848625128695526	0.04849286449688717	0.92	0.88
branching|s=0.05|middle	branching	0.05	middle	8	7	10	0.7	0.8994232953125818	0.8994232953125818	0.0	0.9444444444444444	0.9444444444444444
branching|s=0.05|middle	branching	0.05	middle	9	9	10	0.9	0.847579379526013	0.8221519981402325	0.02542738138578049	0.90625	0.875
branching|s=0.05|middle	branching	0.05	middle	10	7	10	0.7	0.9728456051340169	0.8994232953125818	0.07342230982143505	1.0	0.9444444444444444
branching|s=0.05|late	branching	0.05	late	1	6	10	0.6	0.9710083124552246	0.7944613465542746	0.17654696590094998	1.0	0.8461538461538461
branching|s=0.05|late	branching	0.05	late	2	6	10	0.6	0.956182887467515	0.956182887467515	0.0	1.0	1.0
branching|s=0.05|late	branching	0.05	late	3	7	10	0.7	0.9728456051340169	0.8890413438919634	0.08380426124205342	1.0	0.9411764705882353
branching|s=0.05|late	branching	0.05	late	4	6	10	0.6	0.9710083124552246	0.9553302944424514	0.01567801801277313	1.0	1.0
branching|s=0.05|late	branching	0.05	late	5	6	10	0.6	0.7356123579206245	0.5296408977028497	0.2059714602177748	0.8461538461538461	0.7692307692307693
branching|s=0.05|late	branching	0.05	late	6	7	10	0.7	0.8076454080357878	0.8785430414108696	-0.07089763337508181	0.8888888888888888	0.9411764705882353
branching|s=0.05|late	branching	0.05	late	7	8	10	0.8	0.848625128695526	0.9208001810246246	-0.0721750523290986	0.88	0.9583333333333334
branching|s=0.05|late	branching	0.05	late	8	6	10	0.6	0.7171371656006363	0.8366600265340757	-0.11952286093343933	0.8333333333333334	0.9166666666666666
branching|s=0.05|late	branching	0.05	late	9	6	10	0.6	0.8533103351879247	0.6866436491305119	0.16666668605741275	0.9230769230769231	0.8333333333333334
branching|s=0.05|late	branching	0.05	late	10	5	10	0.5	0.9486832980505137	0.9166666666666666	0.03201663138384703	1.0	1.0
branching|s=0.10|early	branching	0.1	early	1	10	10	1.0	0.9847319278346618	0.8124038404635959	0.17232808737106586	1.0	0.85
branching|s=0.10|early	branching	0.1	early	2	10	10	1.0	0.9354953314429287	0.8124038404635959	0.12309149097933281	0.95	0.85
branching|s=0.10|early	branching	0.1	early	3	10	10	1.0	0.9601136296387952	0.8616404368553291	0.09847319278346611	0.975	0.875
branching|s=0.10|early	branching	0.1	early	4	10	10	1.0	0.8616404368553291	0.7901836773196717	0.07145675953565744	0.875	0.8205128205128205
branching|s=0.10|early	branching	0.1	early	5	10	10	1.0	0.9847319278346618	0.9259964968589902	0.058735430975671576	1.0	0.9487179487179487
branching|s=0.10|early	branching	0.1	early	6	10	10	1.0	0.9847319278346618	0.9013032569427505	0.0834286708919113	1.0	0.9230769230769231
branching|s=0.10|early	branching	0.1	early	7	10	10	1.0	0.9601136296387952	0.8370221386594626	0.12309149097933259	0.975	0.875
branching|s=0.10|early	branching	0.1	early	8	10	10	1.0	0.9847319278346618	0.7877855422677295	0.19694638556693234	1.0	0.825
branching|s=0.10|early	branching	0.1	early	9	10	10	1.0	0.9354953314429287	0.7877855422677295	0.14770978917519928	0.95	0.85
branching|s=0.10|early	branching	0.1	early	10	10	10	1.0	0.9108770332470622	0.7654904374034319	0.14538659584363023	0.925	0.8205128205128205
branching|s=0.10|middle	branching	0.1	middle	1	8	10	0.8	0.9759000729485332	0.666717477738473	0.3091825952100602	1.0	0.8181818181818182
branching|s=0.10|middle	branching	0.1	middle	2	9	10	0.9	0.7882488229591922	0.6851622155834968	0.10308660737569542	0.84375	0.7741935483870968
branching|s=0.10|middle	branching	0.1	middle	3	9	10	0.9	0.9238615236833542	0.8426218551896419	0.08123966849371222	0.9375	0.8709677419354839
branching|s=0.10|middle	branching	0.1	middle	4	9	10	0.9	0.9153857298880941	0.8136762043449725	0.10170952554312163	0.9375	0.875
branching|s=0.10|middle	branching	0.1	middle	5	8	10	0.8	0.9759000729485332	0.5432512781572744	0.43264879479125884	1.0	0.7272727272727273
branching|s=0.10|middle	branching	0.1	middle	6	9	10	0.9	0.8899583485023137	0.9153857298880941	-0.02542738138578038	0.90625	0.9375
branching|s=0.10|middle	branching	0.1	middle	7	9	10	0.9	0.9323373174786144	0.7745312002248224	0.157806117253792	0.9375	0.8387096774193549
branching|s=0.10|middle	branching	0.1	middle	8	9	10	0.9	0.9831920802501751	0.8547320749391973	0.1284600053109778	1.0	0.9
branching|s=0.10|middle	branching	0.1	middle	9	9	10	0.9	0.9492889050691345	0.8814825547070536	0.06780635036208094	0.96875	0.90625
branching|s=0.10|middle	branching	0.1	middle	10	10	10	1.0	0.9108770332470622	0.9249999999999999	-0.014122966752937782	0.925	0.972972972972973
branching|s=0.10|late	branching	0.1	late	1	7	10	0.7	0.8260009854911466	0.9333756642553378	-0.10737467876419116	0.8888888888888888	1.0
branching|s=0.10|late	branching	0.1	late	2	9	10	0.9	0.8814825547070536	0.8814825547070536	0.0	0.90625	0.90625
branching|s=0.10|late	branching	0.1	late	3	7	10	0.7	0.8260009854911466	0.8443565629465053	-0.01835557745535865	0.8888888888888888	0.8888888888888888
branching|s=0.10|late	branching	0.1	late	4	7	10	0.7	0.8627121404018642	0.6112159239257249	0.2514962164761393	0.8888888888888888	0.7777777777777778
branching|s=0.10|late	branching	0.1	late	5	8	10	0.8	0.8971179931924131	0.9329962099123679	-0.035878216719954725	0.92	0.9583333333333334
branching|s=0.10|late	branching	0.1	late	6	7	10	0.7	0.7709342531250701	0.6112159239257249	0.15971832919934525	0.8333333333333334	0.7647058823529411
branching|s=0.10|late	branching	0.1	late	7	8	10	0.8	0.957734073813522	0.9819805060619657	-0.024246432248443694	0.96	1.0
branching|s=0.10|late	branching	0.1	late	8	7	10	0.7	0.8994232953125818	0.8242154125665077	0.07520788274607415	0.9444444444444444	0.8823529411764706
branching|s=0.10|late	branching	0.1	late	9	6	10	0.6	0.7171371656006363	0.727606875108999	-0.010469709508362679	0.8333333333333334	0.8333333333333334
branching|s=0.10|late	branching	0.1	late	10	7	10	0.7	0.9728456051340169	0.8890413438919634	0.08380426124205342	1.0	0.9411764705882353
branching|s=0.20|early	branching	0.2	early	1	10	10	1.0	0.9354953314429287	0.9354953314429287	0.0	0.95	0.95
branching|s=0.20|early	branching	0.2	early	2	10	10	1.0	0.9847319278346618	0.9354953314429287	0.049236596391733056	1.0	0.95
branching|s=0.20|early	branching	0.2	early	3	10	10	1.0	0.9847319278346618	0.9108770332470622	0.07385489458759964	1.0	0.925
branching|s=0.20|early	branching	0.2	early	4	10	10	1.0	0.9847319278346618	0.9108770332470622	0.07385489458759964	1.0	0.925
branching|s=0.20|early	branching	0.2	early	5	10	10	1.0	0.9847319278346618	0.9108770332470622	0.07385489458759964	1.0	0.925
branching|s=0.20|early	branching	0.2	early	6	10	10	1.0	0.9847319278346618	0.9354953314429287	0.049236596391733056	1.0	0.95
branching|s=0.20|early	branching	0.2	early	7	10	10	1.0	0.9601136296387952	0.9108770332470622	0.049236596391733056	0.975	0.925
branching|s=0.20|early	branching	0.2	early	8	10	10	1.0	0.9601136296387952	0.8616404368553291	0.09847319278346611	0.975	0.875
branching|s=0.20|early	branching	0.2	early	9	10	10	1.0	0.9847319278346618	0.9259964968589902	0.058735430975671576	1.0	0.9487179487179487
branching|s=0.20|early	branching	0.2	early	10	10	10	1.0	0.9847319278346618	0.9354953314429287	0.049236596391733056	1.0	0.95
branching|s=0.20|middle	branching	0.2	middle	1	9	10	0.9	0.9153857298880941	0.9405021717015701	-0.025116441813476054	0.9375	0.967741935483871
branching|s=0.20|middle	branching	0.2	middle	2	9	10	0.9	0.8645309671165332	0.9532691695074738	-0.08873820239094055	0.875	0.96875
branching|s=0.20|middle	branching	0.2	middle	3	6	10	0.6	0.956182887467515	0.7171371656006363	0.23904572186687867	1.0	0.8333333333333334
branching|s=0.20|middle	branching	0.2	middle	4	7	10	0.7	0.9728456051340169	0.8994232953125818	0.07342230982143505	1.0	0.9444444444444444
branching|s=0.20|middle	branching	0.2	middle	5	8	10	0.8	0.9271050693011065	0.9081292832965595	0.01897578600454697	0.9583333333333334	0.9565217391304348
branching|s=0.20|middle	branching	0.2	middle	6	8	10	0.8	0.8783100656536799	0.834497179245487	0.04381288640819281	0.9166666666666666	0.875
branching|s=0.20|middle	branching	0.2	middle	7	9	10	0.9	0.8645309671165332	0.9064568442191604	-0.041925877102627185	0.90625	0.9354838709677419
branching|s=0.20|middle	branching	0.2	middle	8	9	10	0.9	0.8984341422975738	0.9745474991839798	-0.07611335688640597	0.90625	1.0
branching|s=0.20|middle	branching	0.2	middle	9	8	10	0.8	0.9819805060619657	0.9819805060619657	0.0	1.0	1.0
branching|s=0.20|middle	branching	0.2	middle	10	9	10	0.9	0.9492889050691345	0.919223842025064	0.030065063044070528	0.96875	0.9375
branching|s=0.20|late	branching	0.2	late	1	7	10	0.7	0.8994232953125818	0.6482593132545567	0.25116398205802515	0.9444444444444444	0.7222222222222222
branching|s=0.20|late	branching	0.2	late	2	6	10	0.6	0.7171371656006363	0.485071250072666	0.23206591552797035	0.8333333333333334	0.6666666666666666
branching|s=0.20|late	branching	0.2	late	3	5	10	0.5	0.10540925533894598	0.10540925533894598	0.0	0.5	0.5
branching|s=0.20|late	branching	0.2	late	4	8	10	0.8	0.848625128695526	0.6829776177136287	0.16564751098189723	0.88	0.75
branching|s=0.20|late	branching	0.2	late	5	7	10	0.7	0.8260009854911466	0.6261955720694495	0.1998054134216971	0.8888888888888888	0.7647058823529411
branching|s=0.20|late	branching	0.2	late	6	9	10	0.9	0.9492889050691345	0.34616649035037494	0.6031224147187596	0.96875	0.6333333333333333
branching|s=0.20|late	branching	0.2	late	7	5	10	0.5	0.5270462766947298	0.10540925533894598	0.42163702135578385	0.75	0.5
branching|s=0.20|late	branching	0.2	late	8	6	10	0.6	0.9710083124552246	0.6666666666666665	0.30434164578855805	1.0	0.8181818181818182
branching|s=0.20|late	branching	0.2	late	9	7	10	0.7	0.7273929674533081	0.545544725589981	0.18184824186332704	0.7894736842105263	0.631578947368421
branching|s=0.20|late	branching	0.2	late	10	9	10	0.9	0.9831920802501751	0.6909934885213447	0.29219859172883045	1.0	0.7931034482758621
mutual_exclusivity|s=0.05|early	mutual_exclusivity	0.05	early	1	9	10	0.9	0.9831920802501751	0.8814825547070536	0.10170952554312152	1.0	0.90625
mutual_exclusivity|s=0.05|early	mutual_exclusivity	0.05	early	2	10	10	1.0	0.9601136296387952	0.8370221386594626	0.12309149097933259	0.975	0.875
mutual_exclusivity|s=0.05|early	mutual_exclusivity	0.05	early	3	10	10	1.0	0.9601136296387952	0.8862587350511957	0.07385489458759953	0.975	0.9
mutual_exclusivity|s=0.05|early	mutual_exclusivity	0.05	early	4	9	10	0.9	0.9831920802501751	0.8681558508014494	0.11503622944872571	1.0	0.9032258064516129
mutual_exclusivity|s=0.05|early	mutual_exclusivity	0.05	early	5	10	10	1.0	0.9847319278346618	0.9354953314429287	0.049236596391733056	1.0	0.95
mutual_exclusivity|s=0.05|early	mutual_exclusivity	0.05	early	6	9	10	0.9	0.9831920802501751	0.847579379526013	0.1356127007241621	1.0	0.875
mutual_exclusivity|s=0.05|early	mutual_exclusivity	0.05	early	7	10	10	1.0	0.9601136296387952	0.9108770332470622	0.049236596391733056	0.975	0.925
mutual_exclusivity|s=0.05|early	mutual_exclusivity	0.05	early	8	10	10	1.0	0.9847319278346618	0.8616404368553291	0.1230914909793327	1.0	0.875
mutual_exclusivity|s=0.05|early	mutual_exclusivity	0.05	early	9	10	10	1.0	0.9847319278346618	0.8616404368553291	0.1230914909793327	1.0	0.875
mutual_exclusivity|s=0.05|early	mutual_exclusivity	0.05	early	10	9	10	0.9	0.9831920802501751	0.8814825547070536	0.10170952554312152	1.0	0.90625
mutual_exclusivity|s=0.05|middle	mutual_exclusivity	0.05	middle	1	8	10	0.8	0.9271050693011065	0.9326733179802502	-0.005568248679143739	0.9583333333333334	0.9583333333333334
mutual_exclusivity|s=0.05|middle	mutual_exclusivity	0.05	middle	2	8	10	0.8	0.9759000729485332	0.9572173526639411	0.018682720284592058	1.0	1.0
mutual_exclusivity|s=0.05|middle	mutual_exclusivity	0.05	middle	3	7	10	0.7	0.8994232953125818	0.8994232953125818	0.0	0.9444444444444444	0.9444444444444444
mutual_exclusivity|s=0.05|middle	mutual_exclusivity	0.05	middle	4	9	10	0.9	0.6950150912113306	0.7051539618248378	-0.010138870613507156	0.78125	0.8387096774193549
mutual_exclusivity|s=0.05|middle	mutual_exclusivity	0.05	middle	5	7	10	0.7	0.7525786756697113	0.8260009854911466	-0.07342230982143538	0.8333333333333334	0.8888888888888888
mutual_exclusivity|s=0.05|middle	mutual_exclusivity	0.05	middle	6	9	10	0.9	0.8645309671165332	0.8979455123485579	-0.033414545232024695	0.90625	0.9354838709677419
mutual_exclusivity|s=0.05|middle	mutual_exclusivity	0.05	middle	7	8	10	0.8	0.9271050693011065	0.9572173526639411	-0.03011228336283467	0.9583333333333334	1.0
mutual_exclusivity|s=0.05|middle	mutual_exclusivity	0.05	middle	8	8	10	0.8	0.9759000729485332	0.9081292832965595	0.0677707896519737	1.0	0.9565217391304348
mutual_exclusivity|s=0.05|middle	mutual_exclusivity	0.05	middle	9	9	10	0.9	0.9153857298880941	0.8894341804779554	0.025951549410138663	0.9375	0.9354838709677419
mutual_exclusivity|s=0.05|middle	mutual_exclusivity	0.05	middle	10	7	10	0.7	0.9728456051340169	0.9816498172140429	-0.00880421208002602	1.0	1.0
mutual_exclusivity|s=0.05|late	mutual_exclusivity	0.05	late	1	7	10	0.7	0.8443565629465053	0.6924357433015383	0.15192081964496695	0.8888888888888888	0.8125
mutual_exclusivity|s=0.05|late	mutual_exclusivity	0.05	late	2	5	10	0.5	0.9486832980505137	0.892217816219194	0.05646548183131961	1.0	1.0
mutual_exclusivity|s=0.05|late	mutual_exclusivity	0.05	late	3	6	10	0.6	0.4780914437337575	0.6669729688499157	-0.18888152511615824	0.6666666666666666	0.8181818181818182
mutual_exclusivity|s=0.05|late	mutual_exclusivity	0.05	late	4	7	10	0.7	0.6975119433036349	0.7757348131606614	-0.07822286985702653	0.8333333333333334	0.8823529411764706
mutual_exclusivity|s=0.05|late	mutual_exclusivity	0.05	late	5	7	10	0.7	0.8260009854911466	0.8705196492275475	-0.0445186637364009	0.8888888888888888	0.9411764705882353
mutual_exclusivity|s=0.05|late	mutual_exclusivity	0.05	late	6	6	10	0.6	0.956182887467515	0.970142500145332	-0.01395961267781698	1.0	1.0
mutual_exclusivity|s=0.05|late	mutual_exclusivity	0.05	late	7	5	10	0.5	0.7905694150420949	0.7905694150420949	0.0	0.875	0.875
mutual_exclusivity|s=0.05|late	mutual_exclusivity	0.05	late	8	7	10	0.7	0.587378478571482	0.6732014170987178	-0.08582293852723588	0.7222222222222222	0.8
mutual_exclusivity|s=0.05|late	mutual_exclusivity	0.05	late	9	5	10	0.5	0.9486832980505137	0.9733285267845754	-0.02464522873406172	1.0	1.0
mutual_exclusivity|s=0.05|late	mutual_exclusivity	0.05	late	10	6	10	0.6	0.956182887467515	0.956182887467515	0.0	1.0	1.0
mutual_exclusivity|s=0.10|early	mutual_exclusivity	0.1	early	1	10	10	1.0	0.9847319278346618	0.8124038404635959	0.17232808737106586	1.0	0.85
mutual_exclusivity|s=0.10|early	mutual_exclusivity	0.1	early	2	10	10	1.0	0.9847319278346618	0.8124038404635959	0.17232808737106586	1.0	0.85
mutual_exclusivity|s=0.10|early	mutual_exclusivity	0.1	early	3	10	10	1.0	0.9847319278346618	0.8862587350511957	0.09847319278346611	1.0	0.925
mutual_exclusivity|s=0.10|early	mutual_exclusivity	0.1	early	4	10	10	1.0	0.9847319278346618	0.8889566369846308	0.095775290850031	1.0	0.9
mutual_exclusivity|s=0.10|early	mutual_exclusivity	0.1	early	5	10	10	1.0	0.9354953314429287	0.7877855422677295	0.14770978917519928	0.95	0.85
mutual_exclusivity|s=0.10|early	mutual_exclusivity	0.1	early	6	9	10	0.9	0.8814825547070536	0.7660198683542201	0.11546268635283352	0.90625	0.8387096774193549
mutual_exclusivity|s=0.10|early	mutual_exclusivity	0.1	early	7	10	10	1.0	0.9108770332470622	0.777837057361552	0.1330399758855102	0.925	0.8205128205128205
mutual_exclusivity|s=0.10|early	mutual_exclusivity	0.1	early	8	10	10	1.0	0.9601136296387952	0.8862587350511957	0.07385489458759953	0.975	0.925
mutual_exclusivity|s=0.10|early	mutual_exclusivity	0.1	early	9	10	10	1.0	0.9847319278346618	0.8370221386594626	0.14770978917519917	1.0	0.875
mutual_exclusivity|s=0.10|early	mutual_exclusivity	0.1	early	10	10	10	1.0	0.9601136296387952	0.8395701571521513	0.12054347248664388	0.975	0.875
mutual_exclusivity|s=0.10|middle	mutual_exclusivity	0.1	middle	1	10	10	1.0	0.8370221386594626	0.9259964968589902	-0.08897435819952759	0.875	0.9487179487179487
mutual_exclusivity|s=0.10|middle	mutual_exclusivity	0.1	middle	2	9	10	0.9	0.9492889050691345	0.9786682258053809	-0.029379320736246384	0.96875	1.0
mutual_exclusivity|s=0.10|middle	mutual_exclusivity	0.1	middle	3	9	10	0.9	0.9238615236833542	0.9490135035721725	-0.025151979888818343	0.9375	0.967741935483871
mutual_exclusivity|s=0.10|middle	mutual_exclusivity	0.1	middle	4	7	10	0.7	0.8994232953125818	0.9728456051340169	-0.07342230982143505	0.9444444444444444	1.0
mutual_exclusivity|s=0.10|middle	mutual_exclusivity	0.1	middle	5	8	10	0.8	0.8849947770681914	0.9079925477265159	-0.022997770658324534	0.92	0.9565217391304348
mutual_exclusivity|s=0.10|middle	mutual_exclusivity	0.1	middle	6	8	10	0.8	0.9819805060619657	0.981613565109747	0.0003669409522187861	1.0	1.0
mutual_exclusivity|s=0.10|middle	mutual_exclusivity	0.1	middle	7	8	10	0.8	0.9759000729485332	0.95	0.025900072948533248	1.0	1.0
mutual_exclusivity|s=0.10|middle	mutual_exclusivity	0.1	middle	8	7	10	0.7	0.8443565629465053	0.8443565629465053	0.0	0.8888888888888888	0.8888888888888888
mutual_exclusivity|s=0.10|middle	mutual_exclusivity	0.1	middle	9	8	10	0.8	0.8783100656536799	0.981761387347632	-0.1034513216939521	0.9166666666666666	1.0
mutual_exclusivity|s=0.10|middle	mutual_exclusivity	0.1	middle	10	9	10	0.9	0.9492889050691345	0.8724115167367507	0.07687738833238389	0.96875	0.9032258064516129
mutual_exclusivity|s=0.10|late	mutual_exclusivity	0.1	late	1	6	10	0.6	0.6767633692869747	0.7650368522374495	-0.08827348295047488	0.7692307692307693	0.8461538461538461
mutual_exclusivity|s=0.10|late	mutual_exclusivity	0.1	late	2	7	10	0.7	0.6424452109375585	0.6542341797740517	-0.011788968836493274	0.7777777777777778	0.8125
mutual_exclusivity|s=0.10|late	mutual_exclusivity	0.1	late	3	7	10	0.7	0.8728715609439697	0.8148148148148149	0.05805674612915479	0.8947368421052632	0.8823529411764706
mutual_exclusivity|s=0.10|late	mutual_exclusivity	0.1	late	4	6	10	0.6	0.6473388749701496	0.9710083124552246	-0.32366943748507493	0.7692307692307693	1.0
mutual_exclusivity|s=0.10|late	mutual_exclusivity	0.1	late	5	8	10	0.8	0.9271050693011065	0.981761387347632	-0.05465631804652549	0.9583333333333334	1.0
mutual_exclusivity|s=0.10|late	mutual_exclusivity	0.1	late	6	6	10	0.6	0.5590653920196746	0.8754275592730113	-0.31636216725333666	0.7692307692307693	1.0
mutual_exclusivity|s=0.10|late	mutual_exclusivity	0.1	late	7	6	10	0.6	0.956182887467515	0.970142500145332	-0.01395961267781698	1.0	1.0
mutual_exclusivity|s=0.10|late	mutual_exclusivity	0.1	late	8	8	10	0.8	0.9759000729485332	0.9559937503105924	0.019906322637940788	1.0	1.0
mutual_exclusivity|s=0.10|late	mutual_exclusivity	0.1	late	9	5	10	0.5	0.6668859288553503	1.0	-0.33311407114464975	0.7777777777777778	1.0
mutual_exclusivity|s=0.10|late	mutual_exclusivity	0.1	late	10	5	10	0.5	0.7905694150420949	0.892217816219194	-0.10164840117709917	0.875	1.0
mutual_exclusivity|s=0.20|early	mutual_exclusivity	0.2	early	1	10	10	1.0	0.9847319278346618	0.8370221386594626	0.14770978917519917	1.0	0.875
mutual_exclusivity|s=0.20|early	mutual_exclusivity	0.2	early	2	10	10	1.0	0.9847319278346618	0.8616404368553291	0.1230914909793327	1.0	0.875
mutual_exclusivity|s=0.20|early	mutual_exclusivity	0.2	early	3	10	10	1.0	0.9354953314429287	0.851916777110271	0.0835785543326577	0.95	0.8974358974358975
mutual_exclusivity|s=0.20|early	mutual_exclusivity	0.2	early	4	10	10	1.0	0.9847319278346618	0.8616404368553291	0.1230914909793327	1.0	0.875
mutual_exclusivity|s=0.20|early	mutual_exclusivity	0.2	early	5	10	10	1.0	0.9847319278346618	0.8124038404635959	0.17232808737106586	1.0	0.875
mutual_exclusivity|s=0.20|early	mutual_exclusivity	0.2	early	6	9	10	0.9	0.9831920802501751	0.8899583485023137	0.09323373174786143	1.0	0.90625
mutual_exclusivity|s=0.20|early	mutual_exclusivity	0.2	early	7	10	10	1.0	0.9847319278346618	0.8889566369846308	0.095775290850031	1.0	0.925
mutual_exclusivity|s=0.20|early	mutual_exclusivity	0.2	early	8	10	10	1.0	0.9601136296387952	0.8616404368553291	0.09847319278346611	0.975	0.9
mutual_exclusivity|s=0.20|early	mutual_exclusivity	0.2	early	9	10	10	1.0	0.9847319278346618	0.8862587350511957	0.09847319278346611	1.0	0.925
mutual_exclusivity|s=0.20|early	mutual_exclusivity	0.2	early	10	10	10	1.0	0.9847319278346618	0.8370221386594626	0.14770978917519917	1.0	0.875
mutual_exclusivity|s=0.20|middle	mutual_exclusivity	0.2	middle	1	9	10	0.9	0.8899583485023137	0.8306277919354929	0.05933055656682085	0.90625	0.875
mutual_exclusivity|s=0.20|middle	mutual_exclusivity	0.2	middle	2	7	10	0.7	0.8260009854911466	0.8056937179020919	0.020307267589054767	0.8888888888888888	0.8823529411764706
mutual_exclusivity|s=0.20|middle	mutual_exclusivity	0.2	middle	3	9	10	0.9	0.9323373174786144	0.9402052824331172	-0.007867964954502815	0.9375	0.967741935483871
mutual_exclusivity|s=0.20|middle	mutual_exclusivity	0.2	middle	4	9	10	0.9	0.9492889050691345	0.9238615236833542	0.02542738138578038	0.96875	0.9375
mutual_exclusivity|s=0.20|middle	mutual_exclusivity	0.2	middle	5	8	10	0.8	0.9759000729485332	0.9081292832965595	0.0677707896519737	1.0	0.9565217391304348
mutual_exclusivity|s=0.20|middle	mutual_exclusivity	0.2	middle	6	9	10	0.9	0.9831920802501751	0.8547320749391973	0.1284600053109778	1.0	0.9032258064516129
mutual_exclusivity|s=0.20|middle	mutual_exclusivity	0.2	middle	7	9	10	0.9	0.9153857298880941	0.9153857298880941	0.0	0.9375	0.9375
mutual_exclusivity|s=0.20|middle	mutual_exclusivity	0.2	middle	8	7	10	0.7	0.8994232953125818	0.8994232953125818	0.0	0.9444444444444444	0.9444444444444444
mutual_exclusivity|s=0.20|middle	mutual_exclusivity	0.2	middle	9	8	10	0.8	0.9334876415650786	0.9208001810246246	0.012687460540453999	0.96	0.9583333333333334
mutual_exclusivity|s=0.20|middle	mutual_exclusivity	0.2	middle	10	8	10	0.8	0.9271050693011065	0.859041213929178	0.0680638553719285	0.9583333333333334	0.9130434782608695
mutual_exclusivity|s=0.20|late	mutual_exclusivity	0.2	late	1	8	10	0.8	0.8783100656536799	0.8889566369846307	-0.010646571330950816	0.9166666666666666	0.9545454545454546
mutual_exclusivity|s=0.20|late	mutual_exclusivity	0.2	late	2	7	10	0.7	0.7709342531250701	0.8443565629465053	-0.07342230982143516	0.8333333333333334	0.8888888888888888
mutual_exclusivity|s=0.20|late	mutual_exclusivity	0.2	late	3	5	10	0.5	0.9486832980505137	0.9733285267845754	-0.02464522873406172	1.0	1.0
mutual_exclusivity|s=0.20|late	mutual_exclusivity	0.2	late	4	7	10	0.7	0.7525786756697113	0.8270760267212819	-0.07449735105157063	0.8333333333333334	0.9333333333333333
mutual_exclusivity|s=0.20|late	mutual_exclusivity	0.2	late	5	6	10	0.6	0.7944613465542746	0.9710083124552246	-0.17654696590094998	0.8461538461538461	1.0
mutual_exclusivity|s=0.20|late	mutual_exclusivity	0.2	late	6	8	10	0.8	0.7516393997017515	0.8773171238168365	-0.12567772411508493	0.8	0.9166666666666666
mutual_exclusivity|s=0.20|late	mutual_exclusivity	0.2	late	7	7	10	0.7	0.7892898305804289	0.5556508399324771	0.2336389906479518	0.8333333333333334	0.7058823529411765
mutual_exclusivity|s=0.20|late	mutual_exclusivity	0.2	late	8	6	10	0.6	0.7171371656006363	0.5976143046671969	0.11952286093343945	0.8333333333333334	0.75
mutual_exclusivity|s=0.20|late	mutual_exclusivity	0.2	late	9	7	10	0.7	0.8627121404018642	0.7964328705698838	0.0662792698319804	0.8888888888888888	0.8333333333333334
mutual_exclusivity|s=0.20|late	mutual_exclusivity	0.2	late	10	8	10	0.8	0.7807200583588266	0.7807200583588266	0.0	0.8333333333333334	0.8333333333333334
mixed|s=0.05|early	mixed	0.05	early	1	10	10	1.0	0.9354953314429287	0.6400757530925302	0.29541957835039856	0.95	0.75
mixed|s=0.05|early	mixed	0.05	early	2	10	10	1.0	0.9354953314429287	0.777837057361552	0.15765827408137678	0.95	0.8461538461538461
mixed|s=0.05|early	mixed	0.05	early	3	10	10	1.0	0.9354953314429287	0.8272235371940313	0.10827179424889743	0.95	0.8717948717948718
mixed|s=0.05|early	mixed	0.05	early	4	10	10	1.0	0.9847319278346618	0.8642633970683911	0.12046853076627073	1.0	0.8974358974358975
mixed|s=0.05|early	mixed	0.05	early	5	10	10	1.0	0.9601136296387952	0.851916777110271	0.10819685252852418	0.975	0.8974358974358975
mixed|s=0.05|early	mixed	0.05	early	6	10	10	1.0	0.9847319278346618	0.9108770332470622	0.07385489458759964	1.0	0.925
mixed|s=0.05|early	mixed	0.05	early	7	10	10	1.0	0.9354953314429287	0.851916777110271	0.0835785543326577	0.95	0.8974358974358975
mixed|s=0.05|early	mixed	0.05	early	8	10	10	1.0	0.9847319278346618	0.7385489458759963	0.2461829819586655	1.0	0.8
mixed|s=0.05|early	mixed	0.05	early	9	10	10	1.0	0.9601136296387952	0.8224338973607243	0.13767973227807095	0.975	0.8918918918918919
mixed|s=0.05|early	mixed	0.05	early	10	10	10	1.0	0.9847319278346618	0.7901836773196717	0.19454825051499014	1.0	0.8461538461538461
mixed|s=0.05|middle	mixed	0.05	middle	1	9	10	0.9	0.9831920802501751	0.5509265966919085	0.43226548355826666	1.0	0.71875
mixed|s=0.05|middle	mixed	0.05	middle	2	10	10	1.0	0.9354953314429287	0.8148769172359114	0.12061841420701735	0.95	0.8717948717948718
mixed|s=0.05|middle	mixed	0.05	middle	3	9	10	0.9	0.9492889050691345	0.727718874936509	0.22157003013262555	0.96875	0.8064516129032258
mixed|s=0.05|middle	mixed	0.05	middle	4	10	10	1.0	0.9601136296387952	0.8916793283125259	0.06843430132626926	0.975	0.9210526315789473
mixed|s=0.05|middle	mixed	0.05	middle	5	9	10	0.9	0.9831920802501751	0.7628214415734117	0.22037063867676343	1.0	0.8125
mixed|s=0.05|middle	mixed	0.05	middle	6	10	10	1.0	0.8370221386594626	0.47649136944674325	0.36053076921271937	0.875	0.7222222222222222
mixed|s=0.05|middle	mixed	0.05	middle	7	9	10	0.9	0.8814825547070536	0.7745312002248224	0.10695135448223125	0.90625	0.8387096774193549
mixed|s=0.05|middle	mixed	0.05	middle	8	9	10	0.9	0.9153857298880941	0.5660035693950626	0.3493821604930315	0.9375	0.7419354838709677
mixed|s=0.05|middle	mixed	0.05	middle	9	10	10	1.0	0.9354953314429287	0.7139306476801298	0.22156468376279892	0.95	0.825
mixed|s=0.05|middle	mixed	0.05	middle	10	9	10	0.9	0.8814825547070536	0.7373940601876313	0.1440884945194223	0.90625	0.8125
mixed|s=0.05|late	mixed	0.05	late	1	8	10	0.8	0.8783100656536799	0.8835852486128688	-0.00527518295918894	0.9166666666666666	0.9166666666666666
mixed|s=0.05|late	mixed	0.05	late	2	9	10	0.9	0.8560551733212731	0.8984341422975738	-0.04237896897630067	0.90625	0.90625
mixed|s=0.05|late	mixed	0.05	late	3	8	10	0.8	0.7807200583588266	0.8783100656536799	-0.09759000729485323	0.8333333333333334	0.9166666666666666
mixed|s=0.05|late	mixed	0.05	late	4	8	10	0.8	0.8295150620062534	0.9271050693011065	-0.09759000729485312	0.875	0.9583333333333334
mixed|s=0.05|late	mixed	0.05	late	5	8	10	0.8	0.8783100656536799	0.9630363567333499	-0.08472629107967	0.9166666666666666	1.0
mixed|s=0.05|late	mixed	0.05	late	6	8	10	0.8	0.7807200583588266	0.981761387347632	-0.20104132898880533	0.8333333333333334	1.0
mixed|s=0.05|late	mixed	0.05	late	7	8	10	0.8	0.8783100656536799	0.9759000729485332	-0.09759000729485334	0.9166666666666666	1.0
mixed|s=0.05|late	mixed	0.05	late	8	7	10	0.7	0.8627121404018642	0.8056937179020919	0.05701842249977229	0.8888888888888888	0.8823529411764706
mixed|s=0.05|late	mixed	0.05	late	9	8	10	0.8	0.8295150620062534	0.9572173526639411	-0.1277022906576878	0.875	1.0
mixed|s=0.05|late	mixed	0.05	late	10	8	10	0.8	0.43915503282683993	0.8783100656536799	-0.43915503282683993	0.6666666666666666	0.9166666666666666
mixed|s=0.10|early	mixed	0.1	early	1	10	10	1.0	0.9354953314429287	0.7877855422677295	0.14770978917519928	0.95	0.85
mixed|s=0.10|early	mixed	0.1	early	2	10	10	1.0	0.9847319278346618	0.8124038404635959	0.17232808737106586	1.0	0.875
mixed|s=0.10|early	mixed	0.1	early	3	10	10	1.0	0.9354953314429287	0.7901836773196717	0.14531165412325708	0.95	0.85
mixed|s=0.10|early	mixed	0.1	early	4	10	10	1.0	0.9847319278346618	0.8272235371940313	0.1575083906406305	1.0	0.8717948717948718
mixed|s=0.10|early	mixed	0.1	early	5	10	10	1.0	0.9847319278346618	0.7901836773196717	0.19454825051499014	1.0	0.85
mixed|s=0.10|early	mixed	0.1	early	6	9	10	0.9	0.9831920802501751	0.847579379526013	0.1356127007241621	1.0	0.90625
mixed|s=0.10|early	mixed	0.1	early	7	10	10	1.0	0.9354953314429287	0.8889566369846308	0.04653869445829795	0.95	0.925
mixed|s=0.10|early	mixed	0.1	early	8	10	10	1.0	0.9847319278346618	0.8272235371940313	0.1575083906406305	1.0	0.8974358974358975
mixed|s=0.10|early	mixed	0.1	early	9	9	10	0.9	0.9831920802501751	0.7797730291639321	0.20341905108624303	1.0	0.84375
mixed|s=0.10|early	mixed	0.1	early	10	9	10	0.9	0.9831920802501751	0.7797730291639321	0.20341905108624303	1.0	0.875
mixed|s=0.10|middle	mixed	0.1	middle	1	10	10	1.0	0.9354953314429287	0.743066106927105	0.19242922451582378	0.95	0.8421052631578947
mixed|s=0.10|middle	mixed	0.1	middle	2	9	10	0.9	0.9577646988643947	0.8979455123485579	0.05981918651583684	0.96875	0.9354838709677419
mixed|s=0.10|middle	mixed	0.1	middle	3	8	10	0.8	0.8849947770681914	0.9456108576893003	-0.0606160806211089	0.92	0.96
mixed|s=0.10|middle	mixed	0.1	middle	4	10	10	1.0	0.9601136296387952	0.8766100170265108	0.08350361261228445	0.975	0.8974358974358975
mixed|s=0.10|middle	mixed	0.1	middle	5	9	10	0.9	0.9577646988643947	0.9577646988643947	0.0	0.96875	0.96875
mixed|s=0.10|middle	mixed	0.1	middle	6	8	10	0.8	0.8849947770681914	0.5962847939999439	0.28870998306824747	0.92	0.7272727272727273
mixed|s=0.10|middle	mixed	0.1	middle	7	8	10	0.8	0.9334876415650786	0.9634862821317264	-0.029998640566647805	0.96	1.0
mixed|s=0.10|middle	mixed	0.1	middle	8	9	10	0.9	0.8136762043449725	0.9447578376368713	-0.1310816332918988	0.875	0.967741935483871
mixed|s=0.10|middle	mixed	0.1	middle	9	8	10	0.8	0.9334876415650786	0.8001322641986388	0.13335537736643976	0.96	0.84
mixed|s=0.10|middle	mixed	0.1	middle	10	9	10	0.9	0.9831920802501751	0.9745474991839798	0.008644581066195367	1.0	1.0
mixed|s=0.10|late	mixed	0.1	late	1	6	10	0.6	0.9121593238215745	0.9553302944424514	-0.043170970620876936	0.9230769230769231	1.0
mixed|s=0.10|late	mixed	0.1	late	2	7	10	0.7	0.8260009854911466	0.8994232953125818	-0.07342230982143516	0.8888888888888888	0.9444444444444444
mixed|s=0.10|late	mixed	0.1	late	3	7	10	0.7	0.9728456051340169	0.953867275217419	0.01897832991659787	1.0	1.0
mixed|s=0.10|late	mixed	0.1	late	4	7	10	0.7	0.7709342531250701	0.6853027025833884	0.0856315505416817	0.8333333333333334	0.8235294117647058
mixed|s=0.10|late	mixed	0.1	late	5	8	10	0.8	0.5367450401216933	0.859041213929178	-0.32229617380748465	0.7083333333333334	0.9130434782608695
mixed|s=0.10|late	mixed	0.1	late	6	7	10	0.7	0.9728456051340169	0.8994232953125818	0.07342230982143505	1.0	0.9444444444444444
mixed|s=0.10|late	mixed	0.1	late	7	6	10	0.6	0.9710083124552246	0.8209869717864816	0.15002134066874295	1.0	0.9166666666666666
mixed|s=0.10|late	mixed	0.1	late	8	8	10	0.8	0.7758858319501952	0.7791557673058618	-0.0032699353556665534	0.84	0.8695652173913043
mixed|s=0.10|late	mixed	0.1	late	9	6	10	0.6	0.7171371656006363	0.5457051563317492	0.17143200926888713	0.8333333333333334	0.7272727272727273
mixed|s=0.10|late	mixed	0.1	late	10	6	10	0.6	0.7171371656006363	0.8366600265340757	-0.11952286093343933	0.8333333333333334	0.9166666666666666
mixed|s=0.20|early	mixed	0.2	early	1	9	10	0.9	0.9831920802501751	0.847579379526013	0.1356127007241621	1.0	0.875
mixed|s=0.20|early	mixed	0.2	early	2	10	10	1.0	0.9847319278346618	0.9354953314429287	0.049236596391733056	1.0	0.95
mixed|s=0.20|early	mixed	0.2	early	3	10	10	1.0	0.9847319278346618	0.9847319278346618	0.0	1.0	1.0
mixed|s=0.20|early	mixed	0.2	early	4	9	10	0.9	0.9577646988643947	0.8899583485023137	0.06780635036208105	0.96875	0.90625
mixed|s=0.20|early	mixed	0.2	early	5	10	10	1.0	0.9354953314429287	0.9136498769008703	0.02184545454205844	0.95	0.925
mixed|s=0.20|early	mixed	0.2	early	6	10	10	1.0	0.9847319278346618	0.9354953314429287	0.049236596391733056	1.0	0.95
mixed|s=0.20|early	mixed	0.2	early	7	10	10	1.0	0.9847319278346618	0.9354953314429287	0.049236596391733056	1.0	0.95
mixed|s=0.20|early	mixed	0.2	early	8	10	10	1.0	0.9847319278346618	0.9108770332470622	0.07385489458759964	1.0	0.925
mixed|s=0.20|early	mixed	0.2	early	9	10	10	1.0	0.9601136296387952	0.9630363567333498	-0.0029227270945545447	0.975	0.975
mixed|s=0.20|early	mixed	0.2	early	10	10	10	1.0	0.9354953314429287	0.8766100170265108	0.05888531441641798	0.95	0.8974358974358975
mixed|s=0.20|middle	mixed	0.2	middle	1	8	10	0.8	0.8295150620062534	0.7901836773196718	0.039331384686581594	0.875	0.8636363636363636
mixed|s=0.20|middle	mixed	0.2	middle	2	7	10	0.7	0.8994232953125818	0.9728456051340169	-0.07342230982143505	0.9444444444444444	1.0
mixed|s=0.20|middle	mixed	0.2	middle	3	10	10	1.0	0.9108770332470622	0.8669104580816224	0.04396657516543978	0.925	0.9210526315789473
mixed|s=0.20|middle	mixed	0.2	middle	4	10	10	1.0	0.8862587350511957	0.9354953314429287	-0.049236596391733056	0.9	0.95
mixed|s=0.20|middle	mixed	0.2	middle	5	9	10	0.9	0.9831920802501751	0.9362465057662689	0.04694557448390624	1.0	0.967741935483871
mixed|s=0.20|middle	mixed	0.2	middle	6	8	10	0.8	0.9759000729485332	0.9572173526639411	0.018682720284592058	1.0	1.0
mixed|s=0.20|middle	mixed	0.2	middle	7	8	10	0.8	0.9271050693011065	0.9136498769008704	0.013455192400236071	0.9583333333333334	0.9565217391304348
mixed|s=0.20|middle	mixed	0.2	middle	8	9	10	0.9	0.9831920802501751	0.8718267164379813	0.11136536381219386	1.0	0.9333333333333333
mixed|s=0.20|middle	mixed	0.2	middle	9	8	10	0.8	0.8783100656536799	0.7901836773196718	0.0881263883340081	0.9166666666666666	0.8333333333333334
mixed|s=0.20|middle	mixed	0.2	middle	10	8	10	0.8	0.8783100656536799	0.834497179245487	0.04381288640819281	0.9166666666666666	0.9130434782608695
mixed|s=0.20|late	mixed	0.2	late	1	6	10	0.6	0.9710083124552246	0.985184366143778	-0.014176053688553458	1.0	1.0
mixed|s=0.20|late	mixed	0.2	late	2	9	10	0.9	0.7458698539828915	0.5708207079089369	0.1750491460739546	0.84375	0.7586206896551724
mixed|s=0.20|late	mixed	0.2	late	3	6	10	0.6	0.8366600265340757	0.956182887467515	-0.11952286093343933	0.9166666666666666	1.0
mixed|s=0.20|late	mixed	0.2	late	4	7	10	0.7	0.8994232953125818	0.9728456051340169	-0.07342230982143505	0.9444444444444444	1.0
mixed|s=0.20|late	mixed	0.2	late	5	5	10	0.5	0.7905694150420949	0.9486832980505137	-0.15811388300841878	0.875	1.0
mixed|s=0.20|late	mixed	0.2	late	6	8	10	0.8	0.9271050693011065	0.9759000729485332	-0.04879500364742673	0.9583333333333334	1.0
mixed|s=0.20|late	mixed	0.2	late	7	7	10	0.7	0.7709342531250701	0.8627121404018642	-0.09177788727679403	0.8333333333333334	0.8888888888888888
mixed|s=0.20|late	mixed	0.2	late	8	7	10	0.7	0.6975119433036349	0.7158675207589936	-0.018355577455358763	0.8333333333333334	0.8333333333333334
mixed|s=0.20|late	mixed	0.2	late	9	7	10	0.7	0.9728456051340169	0.8983021912241713	0.07454341390984554	1.0	0.9411764705882353
mixed|s=0.20|late	mixed	0.2	late	10	6	10	0.6	0.8533103351879247	0.7164977208318386	0.13681261435608605	0.9230769230769231	0.8333333333333334
