condition	topology	sparsity	mask	genotype	event_count	pilot_count	D_true	log2_D_true	placement	state
linear|s=0.05|early	linear	0.05	128	E8	1	308	4.0	2.0	early	s1::E8
linear|s=0.05|early	linear	0.05	256	E9	1	154	2.0	1.0	early	s1::E9
linear|s=0.05|early	linear	0.05	1	E1	1	133	0.5	-1.0	early	s1::E1
linear|s=0.05|early	linear	0.05	16	E5	1	132	0.5	-1.0	early	s1::E5
linear|s=0.05|early	linear	0.05	32	E6	1	122	1.0	0.0	early	s1::E6
linear|s=0.05|early	linear	0.05	8	E4	1	116	4.0	2.0	early	s1::E4
linear|s=0.05|early	linear	0.05	2	E2	1	112	2.0	1.0	early	s1::E2
linear|s=0.05|early	linear	0.05	4	E3	1	86	0.25	-2.0	early	s1::E3
linear|s=0.05|early	linear	0.05	1024	E11	1	83	1.0	0.0	early	s1::E11
linear|s=0.05|early	linear	0.05	2048	E12	1	82	0.25	-2.0	early	s1::E12
linear|s=0.05|middle	linear	0.05	384	E8+E9	2	75	2.0	1.0	middle	s1::E8+E9
linear|s=0.05|middle	linear	0.05	144	E5+E8	2	70	1.0	0.0	middle	s1::E5+E8
linear|s=0.05|middle	linear	0.05	160	E6+E8	2	60	0.25	-2.0	middle	s1::E6+E8
linear|s=0.05|middle	linear	0.05	129	E1+E8	2	57	2.0	1.0	middle	s1::E1+E8
linear|s=0.05|middle	linear	0.05	1152	E11+E8	2	56	0.5	-1.0	middle	s1::E11+E8
linear|s=0.05|middle	linear	0.05	3	E1+E2	2	51	0.25	-2.0	middle	s1::E1+E2
linear|s=0.05|middle	linear	0.05	132	E3+E8	2	45	1.0	0.0	middle	s1::E3+E8
linear|s=0.05|middle	linear	0.05	260	E3+E9	2	45	0.5	-1.0	middle	s1::E3+E9
linear|s=0.05|middle	linear	0.05	2050	E12+E2	2	45	4.0	2.0	middle	s1::E12+E2
linear|s=0.05|middle	linear	0.05	136	E4+E8	2	40	4.0	2.0	middle	s1::E4+E8
linear|s=0.05|late	linear	0.05	152	E4+E5+E8	3	39	1.0	0.0	late	s1::E4+E5+E8
linear|s=0.05|late	linear	0.05	137	E1+E4+E8	3	34	0.25	-2.0	late	s1::E1+E4+E8
linear|s=0.05|late	linear	0.05	153	E1+E4+E5+E8	4	32	2.0	1.0	late	s1::E1+E4+E5+E8
linear|s=0.05|late	linear	0.05	15	E1+E2+E3+E4	4	30	0.5	-1.0	late	s1::E1+E2+E3+E4
linear|s=0.05|late	linear	0.05	262	E2+E3+E9	3	30	0.5	-1.0	late	s1::E2+E3+E9
linear|s=0.05|late	linear	0.05	176	E5+E6+E8	3	29	2.0	1.0	late	s1::E5+E6+E8
linear|s=0.05|late	linear	0.05	385	E1+E8+E9	3	28	1.0	0.0	late	s1::E1+E8+E9
linear|s=0.05|late	linear	0.05	27	E1+E2+E4+E5	4	27	4.0	2.0	late	s1::E1+E2+E4+E5
linear|s=0.05|late	linear	0.05	141	E1+E3+E4+E8	4	27	0.25	-2.0	late	s1::E1+E3+E4+E8
linear|s=0.05|late	linear	0.05	416	E6+E8+E9	3	27	4.0	2.0	late	s1::E6+E8+E9
linear|s=0.10|early	linear	0.1	1	E1	1	196	4.0	2.0	early	s1::E1
linear|s=0.10|early	linear	0.1	8	E4	1	186	1.0	0.0	early	s1::E4
linear|s=0.10|early	linear	0.1	2048	E12	1	144	2.0	1.0	early	s1::E12
linear|s=0.10|early	linear	0.1	256	E9	1	138	0.25	-2.0	early	s1::E9
linear|s=0.10|early	linear	0.1	16	E5	1	136	0.5	-1.0	early	s1::E5
linear|s=0.10|early	linear	0.1	64	E7	1	124	0.5	-1.0	early	s1::E7
linear|s=0.10|early	linear	0.1	512	E10	1	114	2.0	1.0	early	s1::E10
linear|s=0.10|early	linear	0.1	128	E8	1	104	1.0	0.0	early	s1::E8
linear|s=0.10|early	linear	0.1	4	E3	1	100	4.0	2.0	early	s1::E3
linear|s=0.10|early	linear	0.1	1024	E11	1	95	0.25	-2.0	early	s1::E11
linear|s=0.10|middle	linear	0.1	24	E4+E5	2	87	0.25	-2.0	middle	s1::E4+E5
linear|s=0.10|middle	linear	0.1	9	E1+E4	2	55	0.5	-1.0	middle	s1::E1+E4
linear|s=0.10|middle	linear	0.1	264	E4+E9	2	54	4.0	2.0	middle	s1::E4+E9
linear|s=0.10|middle	linear	0.1	192	E7+E8	2	52	0.25	-2.0	middle	s1::E7+E8
linear|s=0.10|middle	linear	0.1	2560	E10+E12	2	52	2.0	1.0	middle	s1::E10+E12
linear|s=0.10|middle	linear	0.1	3	E1+E2	2	49	1.0	0.0	middle	s1::E1+E2
linear|s=0.10|middle	linear	0.1	12	E3+E4	2	48	2.0	1.0	middle	s1::E3+E4
linear|s=0.10|middle	linear	0.1	257	E1+E9	2	44	4.0	2.0	middle	s1::E1+E9
linear|s=0.10|middle	linear	0.1	1032	E11+E4	2	39	0.5	-1.0	middle	s1::E11+E4
linear|s=0.10|middle	linear	0.1	272	E5+E9	2	38	1.0	0.0	middle	s1::E5+E9
linear|s=0.10|late	linear	0.1	41	E1+E4+E6	3	34	2.0	1.0	late	s1::E1+E4+E6
linear|s=0.10|late	linear	0.1	2584	E10+E12+E4+E5	4	33	4.0	2.0	late	s1::E10+E12+E4+E5
linear|s=0.10|late	linear	0.1	57	E1+E4+E5+E6	4	31	0.5	-1.0	late	s1::E1+E4+E5+E6
linear|s=0.10|late	linear	0.1	2072	E12+E4+E5	3	31	0.25	-2.0	late	s1::E12+E4+E5
linear|s=0.10|late	linear	0.1	25	E1+E4+E5	3	30	0.5	-1.0	late	s1::E1+E4+E5
linear|s=0.10|late	linear	0.1	56	E4+E5+E6	3	26	1.0	0.0	late	s1::E4+E5+E6
linear|s=0.10|late	linear	0.1	216	E4+E5+E7+E8	4	25	2.0	1.0	late	s1::E4+E5+E7+E8
linear|s=0.10|late	linear	0.1	2576	E10+E12+E5	3	25	4.0	2.0	late	s1::E10+E12+E5
linear|s=0.10|late	linear	0.1	296	E4+E6+E9	3	22	0.25	-2.0	late	s1::E4+E6+E9
linear|s=0.10|late	linear	0.1	28	E3+E4+E5	3	21	1.0	0.0	late	s1::E3+E4+E5
linear|s=0.20|early	linear	0.2	64	E7	1	402	0.25	-2.0	early	s1::E7
linear|s=0.20|early	linear	0.2	1024	E11	1	165	0.25	-2.0	early	s1::E11
linear|s=0.20|early	linear	0.2	2048	E12	1	153	4.0	2.0	early	s1::E12
linear|s=0.20|early	linear	0.2	256	E9	1	132	2.0	1.0	early	s1::E9
linear|s=0.20|early	linear	0.2	2	E2	1	126	0.5	-1.0	early	s1::E2
linear|s=0.20|early	linear	0.2	128	E8	1	123	2.0	1.0	early	s1::E8
linear|s=0.20|early	linear	0.2	32	E6	1	116	1.0	0.0	early	s1::E6
linear|s=0.20|early	linear	0.2	16	E5	1	111	4.0	2.0	early	s1::E5
linear|s=0.20|early	linear	0.2	1	E1	1	91	1.0	0.0	early	s1::E1
linear|s=0.20|early	linear	0.2	512	E10	1	63	0.5	-1.0	early	s1::E10
linear|s=0.20|middle	linear	0.2	96	E6+E7	2	150	0.25	-2.0	middle	s1::E6+E7
linear|s=0.20|middle	linear	0.2	2112	E12+E7	2	144	2.0	1.0	middle	s1::E12+E7
linear|s=0.20|middle	linear	0.2	80	E5+E7	2	95	4.0	2.0	middle	s1::E5+E7
linear|s=0.20|middle	linear	0.2	1088	E11+E7	2	93	4.0	2.0	middle	s1::E11+E7
linear|s=0.20|middle	linear	0.2	65	E1+E7	2	69	2.0	1.0	middle	s1::E1+E7
linear|s=0.20|middle	linear	0.2	66	E2+E7	2	68	1.0	0.0	middle	s1::E2+E7
linear|s=0.20|middle	linear	0.2	320	E7+E9	2	48	0.5	-1.0	middle	s1::E7+E9
linear|s=0.20|middle	linear	0.2	192	E7+E8	2	33	0.25	-2.0	middle	s1::E7+E8
linear|s=0.20|middle	linear	0.2	2050	E12+E2	2	33	1.0	0.0	middle	s1::E12+E2
linear|s=0.20|middle	linear	0.2	1152	E11+E8	2	32	0.5	-1.0	middle	s1::E11+E8
linear|s=0.20|late	linear	0.2	2144	E12+E6+E7	3	81	0.25	-2.0	late	s1::E12+E6+E7
linear|s=0.20|late	linear	0.2	112	E5+E6+E7	3	61	1.0	0.0	late	s1::E5+E6+E7
linear|s=0.20|late	linear	0.2	97	E1+E6+E7	3	60	0.5	-1.0	late	s1::E1+E6+E7
linear|s=0.20|late	linear	0.2	2114	E12+E2+E7	3	55	2.0	1.0	late	s1::E12+E2+E7
linear|s=0.20|late	linear	0.2	2146	E12+E2+E6+E7	4	50	0.5	-1.0	late	s1::E12+E2+E6+E7
linear|s=0.20|late	linear	0.2	2128	E12+E5+E7	3	49	4.0	2.0	late	s1::E12+E5+E7
linear|s=0.20|late	linear	0.2	3136	E11+E12+E7	3	42	1.0	0.0	late	s1::E11+E12+E7
linear|s=0.20|late	linear	0.2	1120	E11+E6+E7	3	40	4.0	2.0	late	s1::E11+E6+E7
linear|s=0.20|late	linear	0.2	67	E1+E2+E7	3	39	0.25	-2.0	late	s1::E1+E2+E7
linear|s=0.20|late	linear	0.2	99	E1+E2+E6+E7	4	38	2.0	1.0	late	s1::E1+E2+E6+E7
branching|s=0.05|early	branching	0.05	1	E1	1	210	1.0	0.0	early	s1::E1
branching|s=0.05|early	branching	0.05	32	E6	1	164	0.5	-1.0	early	s1::E6
branching|s=0.05|early	branching	0.05	1024	E11	1	154	0.5	-1.0	early	s1::E11
branching|s=0.05|early	branching	0.05	16	E5	1	140	0.25	-2.0	early	s1::E5
branching|s=0.05|early	branching	0.05	8	E4	1	134	2.0	1.0	early	s1::E4
branching|s=0.05|early	branching	0.05	64	E7	1	123	4.0	2.0	early	s1::E7
branching|s=0.05|early	branching	0.05	2048	E12	1	121	4.0	2.0	early	s1::E12
branching|s=0.05|early	branching	0.05	2	E2	1	114	2.0	1.0	early	s1::E2
branching|s=0.05|early	branching	0.05	256	E9	1	104	1.0	0.0	early	s1::E9
branching|s=0.05|early	branching	0.05	4	E3	1	103	0.25	-2.0	early	s1::E3
branching|s=0.05|middle	branching	0.05	5	E1+E3	2	61	4.0	2.0	middle	s1::E1+E3
branching|s=0.05|middle	branching	0.05	10	E2+E4	2	60	2.0	1.0	middle	s1::E2+E4
branching|s=0.05|middle	branching	0.05	3	E1+E2	2	58	0.25	-2.0	middle	s1::E1+E2
branching|s=0.05|middle	branching	0.05	20	E3+E5	2	52	0.5	-1.0	middle	s1::E3+E5
branching|s=0.05|middle	branching	0.05	136	E4+E8	2	41	0.5	-1.0	middle	s1::E4+E8
branching|s=0.05|middle	branching	0.05	1025	E1+E11	2	40	4.0	2.0	middle	s1::E1+E11
branching|s=0.05|middle	branching	0.05	1026	E11+E2	2	39	1.0	0.0	middle	s1::E11+E2
branching|s=0.05|middle	branching	0.05	65	E1+E7	2	37	1.0	0.0	middle	s1::E1+E7
branching|s=0.05|middle	branching	0.05	17	E1+E5	2	34	0.25	-2.0	middle	s1::E1+E5
branching|s=0.05|middle	branching	0.05	24	E4+E5	2	32	2.0	1.0	middle	s1::E4+E5
branching|s=0.05|late	branching	0.05	11	E1+E2+E4	3	36	0.25	-2.0	late	s1::E1+E2+E4
branching|s=0.05|late	branching	0.05	23	E1+E2+E3+E5	4	35	0.5	-1.0	late	s1::E1+E2+E3+E5
branching|s=0.05|late	branching	0.05	1027	E1+E11+E2	3	35	0.25	-2.0	late	s1::E1+E11+E2
branching|s=0.05|late	branching	0.05	1031	E1+E11+E2+E3	4	35	4.0	2.0	late	s1::E1+E11+E2+E3
branching|s=0.05|late	branching	0.05	7	E1+E2+E3	3	34	1.0	0.0	late	s1::E1+E2+E3
branching|s=0.05|late	branching	0.05	21	E1+E3+E5	3	34	2.0	1.0	late	s1::E1+E3+E5
branching|s=0.05|late	branching	0.05	1035	E1+E11+E2+E4	4	30	2.0	1.0	late	s1::E1+E11+E2+E4
branching|s=0.05|late	branching	0.05	133	E1+E3+E8	3	27	1.0	0.0	late	s1::E1+E3+E8
branching|s=0.05|late	branching	0.05	1034	E11+E2+E4	3	26	4.0	2.0	late	s1::E11+E2+E4
branching|s=0.05|late	branching	0.05	168	E4+E6+E8	3	22	0.5	-1.0	late	s1::E4+E6+E8
branching|s=0.10|early	branching	0.1	64	E7	1	281	0.25	-2.0	early	s1::E7
branching|s=0.10|early	branching	0.1	512	E10	1	254	1.0	0.0	early	s1::E10
branching|s=0.10|early	branching	0.1	16	E5	1	161	2.0	1.0	early	s1::E5
branching|s=0.10|early	branching	0.1	8	E4	1	144	0.25	-2.0	early	s1::E4
branching|s=0.10|early	branching	0.1	1024	E11	1	129	2.0	1.0	early	s1::E11
branching|s=0.10|early	branching	0.1	256	E9	1	116	1.0	0.0	early	s1::E9
branching|s=0.10|early	branching	0.1	1	E1	1	109	4.0	2.0	early	s1::E1
branching|s=0.10|early	branching	0.1	128	E8	1	104	0.5	-1.0	early	s1::E8
branching|s=0.10|early	branching	0.1	4	E3	1	94	0.5	-1.0	early	s1::E3
branching|s=0.10|early	branching	0.1	32	E6	1	87	4.0	2.0	early	s1::E6
branching|s=0.10|middle	branching	0.1	576	E10+E7	2	98	0.5	-1.0	middle	s1::E10+E7
branching|s=0.10|middle	branching	0.1	96	E6+E7	2	88	1.0	0.0	middle	s1::E6+E7
branching|s=0.10|middle	branching	0.1	528	E10+E5	2	58	1.0	0.0	middle	s1::E10+E5
branching|s=0.10|middle	branching	0.1	80	E5+E7	2	55	0.5	-1.0	middle	s1::E5+E7
branching|s=0.10|middle	branching	0.1	2112	E12+E7	2	53	4.0	2.0	middle	s1::E12+E7
branching|s=0.10|middle	branching	0.1	72	E4+E7	2	47	0.25	-2.0	middle	s1::E4+E7
branching|s=0.10|middle	branching	0.1	520	E10+E4	2	46	2.0	1.0	middle	s1::E10+E4
branching|s=0.10|middle	branching	0.1	320	E7+E9	2	45	2.0	1.0	middle	s1::E7+E9
branching|s=0.10|middle	branching	0.1	1536	E10+E11	2	45	4.0	2.0	middle	s1::E10+E11
branching|s=0.10|middle	branching	0.1	5	E1+E3	2	43	0.25	-2.0	middle	s1::E1+E3
branching|s=0.10|late	branching	0.1	608	E10+E6+E7	3	48	0.5	-1.0	late	s1::E10+E6+E7
branching|s=0.10|late	branching	0.1	97	E1+E6+E7	3	38	4.0	2.0	late	s1::E1+E6+E7
branching|s=0.10|late	branching	0.1	584	E10+E4+E7	3	38	4.0	2.0	late	s1::E10+E4+E7
branching|s=0.10|late	branching	0.1	2624	E10+E12+E7	3	37	2.0	1.0	late	s1::E10+E12+E7
branching|s=0.10|late	branching	0.1	592	E10+E5+E7	3	33	1.0	0.0	late	s1::E10+E5+E7
branching|s=0.10|late	branching	0.1	609	E1+E10+E6+E7	4	32	2.0	1.0	late	s1::E1+E10+E6+E7
branching|s=0.10|late	branching	0.1	624	E10+E5+E6+E7	4	30	0.25	-2.0	late	s1::E10+E5+E6+E7
branching|s=0.10|late	branching	0.1	23	E1+E2+E3+E5	4	28	1.0	0.0	late	s1::E1+E2+E3+E5
branching|s=0.10|late	branching	0.1	104	E4+E6+E7	3	27	0.5	-1.0	late	s1::E4+E6+E7
branching|s=0.10|late	branching	0.1	616	E10+E4+E6+E7	4	26	0.25	-2.0	late	s1::E10+E4+E6+E7
branching|s=0.20|early	branching	0.2	1	E1	1	220	2.0	1.0	early	s1::E1
branching|s=0.20|early	branching	0.2	2048	E12	1	181	0.25	-2.0	early	s1::E12
branching|s=0.20|early	branching	0.2	256	E9	1	164	4.0	2.0	early	s1::E9
branching|s=0.20|early	branching	0.2	512	E10	1	162	1.0	0.0	early	s1::E10
branching|s=0.20|early	branching	0.2	2	E2	1	159	0.25	-2.0	early	s1::E2
branching|s=0.20|early	branching	0.2	64	E7	1	142	2.0	1.0	early	s1::E7
branching|s=0.20|early	branching	0.2	4	E3	1	118	1.0	0.0	early	s1::E3
branching|s=0.20|early	branching	0.2	32	E6	1	113	4.0	2.0	early	s1::E6
branching|s=0.20|early	branching	0.2	8	E4	1	112	0.5	-1.0	early	s1::E4
branching|s=0.20|early	branching	0.2	16	E5	1	94	0.5	-1.0	early	s1::E5
branching|s=0.20|middle	branching	0.2	2304	E12+E9	2	79	1.0	0.0	middle	s1::E12+E9
branching|s=0.20|middle	branching	0.2	9	E1+E4	2	58	4.0	2.0	middle	s1::E1+E4
branching|s=0.20|middle	branching	0.2	3	E1+E2	2	56	4.0	2.0	middle	s1::E1+E2
branching|s=0.20|middle	branching	0.2	2112	E12+E7	2	55	2.0	1.0	middle	s1::E12+E7
branching|s=0.20|middle	branching	0.2	513	E1+E10	2	47	0.5	-1.0	middle	s1::E1+E10
branching|s=0.20|middle	branching	0.2	34	E2+E6	2	46	1.0	0.0	middle	s1::E2+E6
branching|s=0.20|middle	branching	0.2	10	E2+E4	2	44	2.0	1.0	middle	s1::E2+E4
branching|s=0.20|middle	branching	0.2	2080	E12+E6	2	44	0.5	-1.0	middle	s1::E12+E6
branching|s=0.20|middle	branching	0.2	320	E7+E9	2	41	0.25	-2.0	middle	s1::E7+E9
branching|s=0.20|middle	branching	0.2	768	E10+E9	2	39	0.25	-2.0	middle	s1::E10+E9
branching|s=0.20|late	branching	0.2	11	E1+E2+E4	3	107	2.0	1.0	late	s1::E1+E2+E4
branching|s=0.20|late	branching	0.2	15	E1+E2+E3+E4	4	93	0.25	-2.0	late	s1::E1+E2+E3+E4
branching|s=0.20|late	branching	0.2	13	E1+E3+E4	3	37	2.0	1.0	late	s1::E1+E3+E4
branching|s=0.20|late	branching	0.2	267	E1+E2+E4+E9	4	33	0.5	-1.0	late	s1::E1+E2+E4+E9
branching|s=0.20|late	branching	0.2	2368	E12+E7+E9	3	33	0.25	-2.0	late	s1::E12+E7+E9
branching|s=0.20|late	branching	0.2	2084	E12+E3+E6	3	30	4.0	2.0	late	s1::E12+E3+E6
branching|s=0.20|late	branching	0.2	43	E1+E2+E4+E6	4	29	1.0	0.0	late	s1::E1+E2+E4+E6
branching|s=0.20|late	branching	0.2	2308	E12+E3+E9	3	28	4.0	2.0	late	s1::E12+E3+E9
branching|s=0.20|late	branching	0.2	523	E1+E10+E2+E4	4	27	0.5	-1.0	late	s1::E1+E10+E2+E4
branching|s=0.20|late	branching	0.2	2086	E12+E2+E3+E6	4	26	1.0	0.0	late	s1::E12+E2+E3+E6
mutual_exclusivity|s=0.05|early	mutual_exclusivity	0.05	32	E6	1	261	0.5	-1.0	early	s1::E6
mutual_exclusivity|s=0.05|early	mutual_exclusivity	0.05	128	E8	1	208	0.5	-1.0	early	s1::E8
mutual_exclusivity|s=0.05|early	mutual_exclusivity	0.05	256	E9	1	138	1.0	0.0	early	s1::E9
mutual_exclusivity|s=0.05|early	mutual_exclusivity	0.05	2048	E12	1	129	1.0	0.0	early	s1::E12
mutual_exclusivity|s=0.05|early	mutual_exclusivity	0.05	1024	E11	1	128	2.0	1.0	early	s1::E11
mutual_exclusivity|s=0.05|early	mutual_exclusivity	0.05	4	E3	1	123	4.0	2.0	early	s1::E3
mutual_exclusivity|s=0.05|early	mutual_exclusivity	0.05	64	E7	1	113	0.25	-2.0	early	s1::E7
mutual_exclusivity|s=0.05|early	mutual_exclusivity	0.05	1	E1	1	104	2.0	1.0	early	s1::E1
mutual_exclusivity|s=0.05|early	mutual_exclusivity	0.05	8	E4	1	75	4.0	2.0	early	s1::E4
mutual_exclusivity|s=0.05|early	mutual_exclusivity	0.05	2	E2	1	74	0.25	-2.0	early	s1::E2
mutual_exclusivity|s=0.05|middle	mutual_exclusivity	0.05	160	E6+E8	2	92	4.0	2.0	middle	s1::E6+E8
mutual_exclusivity|s=0.05|middle	mutual_exclusivity	0.05	36	E3+E6	2	54	0.5	-1.0	middle	s1::E3+E6
mutual_exclusivity|s=0.05|middle	mutual_exclusivity	0.05	5	E1+E3	2	53	1.0	0.0	middle	s1::E1+E3
mutual_exclusivity|s=0.05|middle	mutual_exclusivity	0.05	96	E6+E7	2	53	2.0	1.0	middle	s1::E6+E7
mutual_exclusivity|s=0.05|middle	mutual_exclusivity	0.05	288	E6+E9	2	52	1.0	0.0	middle	s1::E6+E9
mutual_exclusivity|s=0.05|middle	mutual_exclusivity	0.05	132	E3+E8	2	48	2.0	1.0	middle	s1::E3+E8
mutual_exclusivity|s=0.05|middle	mutual_exclusivity	0.05	1056	E11+E6	2	47	0.25	-2.0	middle	s1::E11+E6
mutual_exclusivity|s=0.05|middle	mutual_exclusivity	0.05	48	E5+E6	2	41	0.25	-2.0	middle	s1::E5+E6
mutual_exclusivity|s=0.05|middle	mutual_exclusivity	0.05	192	E7+E8	2	41	0.5	-1.0	middle	s1::E7+E8
mutual_exclusivity|s=0.05|middle	mutual_exclusivity	0.05	384	E8+E9	2	41	4.0	2.0	middle	s1::E8+E9
mutual_exclusivity|s=0.05|late	mutual_exclusivity	0.05	37	E1+E3+E6	3	30	1.0	0.0	late	s1::E1+E3+E6
mutual_exclusivity|s=0.05|late	mutual_exclusivity	0.05	164	E3+E6+E8	3	29	0.25	-2.0	late	s1::E3+E6+E8
mutual_exclusivity|s=0.05|late	mutual_exclusivity	0.05	224	E6+E7+E8	3	28	0.5	-1.0	late	s1::E6+E7+E8
mutual_exclusivity|s=0.05|late	mutual_exclusivity	0.05	416	E6+E8+E9	3	26	4.0	2.0	late	s1::E6+E8+E9
mutual_exclusivity|s=0.05|late	mutual_exclusivity	0.05	2208	E12+E6+E8	3	25	2.0	1.0	late	s1::E12+E6+E8
mutual_exclusivity|s=0.05|late	mutual_exclusivity	0.05	133	E1+E3+E8	3	24	0.5	-1.0	late	s1::E1+E3+E8
mutual_exclusivity|s=0.05|late	mutual_exclusivity	0.05	1120	E11+E6+E7	3	24	2.0	1.0	late	s1::E11+E6+E7
mutual_exclusivity|s=0.05|late	mutual_exclusivity	0.05	21	E1+E3+E5	3	23	0.25	-2.0	late	s1::E1+E3+E5
mutual_exclusivity|s=0.05|late	mutual_exclusivity	0.05	165	E1+E3+E6+E8	4	23	4.0	2.0	late	s1::E1+E3+E6+E8
mutual_exclusivity|s=0.05|late	mutual_exclusivity	0.05	1184	E11+E6+E8	3	22	1.0	0.0	late	s1::E11+E6+E8
mutual_exclusivity|s=0.10|early	mutual_exclusivity	0.1	128	E8	1	207	1.0	0.0	early	s1::E8
mutual_exclusivity|s=0.10|early	mutual_exclusivity	0.1	64	E7	1	186	4.0	2.0	early	s1::E7
mutual_exclusivity|s=0.10|early	mutual_exclusivity	0.1	8	E4	1	136	0.5	-1.0	early	s1::E4
mutual_exclusivity|s=0.10|early	mutual_exclusivity	0.1	4	E3	1	132	0.25	-2.0	early	s1::E3
mutual_exclusivity|s=0.10|early	mutual_exclusivity	0.1	256	E9	1	126	0.5	-1.0	early	s1::E9
mutual_exclusivity|s=0.10|early	mutual_exclusivity	0.1	2	E2	1	123	2.0	1.0	early	s1::E2
mutual_exclusivity|s=0.10|early	mutual_exclusivity	0.1	2048	E12	1	101	2.0	1.0	early	s1::E12
mutual_exclusivity|s=0.10|early	mutual_exclusivity	0.1	32	E6	1	89	0.25	-2.0	early	s1::E6
mutual_exclusivity|s=0.10|early	mutual_exclusivity	0.1	512	E10	1	70	4.0	2.0	early	s1::E10
mutual_exclusivity|s=0.10|early	mutual_exclusivity	0.1	1	E1	1	69	1.0	0.0	early	s1::E1
mutual_exclusivity|s=0.10|middle	mutual_exclusivity	0.1	80	E5+E7	2	56	0.5	-1.0	middle	s1::E5+E7
mutual_exclusivity|s=0.10|middle	mutual_exclusivity	0.1	320	E7+E9	2	52	0.25	-2.0	middle	s1::E7+E9
mutual_exclusivity|s=0.10|middle	mutual_exclusivity	0.1	192	E7+E8	2	51	2.0	1.0	middle	s1::E7+E8
mutual_exclusivity|s=0.10|middle	mutual_exclusivity	0.1	258	E2+E9	2	50	4.0	2.0	middle	s1::E2+E9
mutual_exclusivity|s=0.10|middle	mutual_exclusivity	0.1	136	E4+E8	2	48	1.0	0.0	middle	s1::E4+E8
mutual_exclusivity|s=0.10|middle	mutual_exclusivity	0.1	132	E3+E8	2	47	0.5	-1.0	middle	s1::E3+E8
mutual_exclusivity|s=0.10|middle	mutual_exclusivity	0.1	130	E2+E8	2	46	2.0	1.0	middle	s1::E2+E8
mutual_exclusivity|s=0.10|middle	mutual_exclusivity	0.1	10	E2+E4	2	45	4.0	2.0	middle	s1::E2+E4
mutual_exclusivity|s=0.10|middle	mutual_exclusivity	0.1	72	E4+E7	2	43	1.0	0.0	middle	s1::E4+E7
mutual_exclusivity|s=0.10|middle	mutual_exclusivity	0.1	384	E8+E9	2	42	0.25	-2.0	middle	s1::E8+E9
mutual_exclusivity|s=0.10|late	mutual_exclusivity	0.1	394	E2+E4+E8+E9	4	44	4.0	2.0	late	s1::E2+E4+E8+E9
mutual_exclusivity|s=0.10|late	mutual_exclusivity	0.1	138	E2+E4+E8	3	41	0.5	-1.0	late	s1::E2+E4+E8
mutual_exclusivity|s=0.10|late	mutual_exclusivity	0.1	266	E2+E4+E9	3	38	4.0	2.0	late	s1::E2+E4+E9
mutual_exclusivity|s=0.10|late	mutual_exclusivity	0.1	330	E2+E4+E7+E9	4	33	2.0	1.0	late	s1::E2+E4+E7+E9
mutual_exclusivity|s=0.10|late	mutual_exclusivity	0.1	208	E5+E7+E8	3	32	0.5	-1.0	late	s1::E5+E7+E8
mutual_exclusivity|s=0.10|late	mutual_exclusivity	0.1	386	E2+E8+E9	3	28	0.25	-2.0	late	s1::E2+E8+E9
mutual_exclusivity|s=0.10|late	mutual_exclusivity	0.1	74	E2+E4+E7	3	26	0.25	-2.0	late	s1::E2+E4+E7
mutual_exclusivity|s=0.10|late	mutual_exclusivity	0.1	168	E4+E6+E8	3	26	2.0	1.0	late	s1::E4+E6+E8
mutual_exclusivity|s=0.10|late	mutual_exclusivity	0.1	148	E3+E5+E8	3	25	1.0	0.0	late	s1::E3+E5+E8
mutual_exclusivity|s=0.10|late	mutual_exclusivity	0.1	388	E3+E8+E9	3	25	1.0	0.0	late	s1::E3+E8+E9
mutual_exclusivity|s=0.20|early	mutual_exclusivity	0.2	128	E8	1	269	1.0	0.0	early	s1::E8
mutual_exclusivity|s=0.20|early	mutual_exclusivity	0.2	2048	E12	1	190	2.0	1.0	early	s1::E12
mutual_exclusivity|s=0.20|early	mutual_exclusivity	0.2	32	E6	1	181	0.25	-2.0	early	s1::E6
mutual_exclusivity|s=0.20|early	mutual_exclusivity	0.2	8	E4	1	159	1.0	0.0	early	s1::E4
mutual_exclusivity|s=0.20|early	mutual_exclusivity	0.2	16	E5	1	132	4.0	2.0	early	s1::E5
mutual_exclusivity|s=0.20|early	mutual_exclusivity	0.2	4	E3	1	126	0.25	-2.0	early	s1::E3
mutual_exclusivity|s=0.20|early	mutual_exclusivity	0.2	2	E2	1	112	0.5	-1.0	early	s1::E2
mutual_exclusivity|s=0.20|early	mutual_exclusivity	0.2	1	E1	1	102	2.0	1.0	early	s1::E1
mutual_exclusivity|s=0.20|early	mutual_exclusivity	0.2	512	E10	1	94	0.5	-1.0	early	s1::E10
mutual_exclusivity|s=0.20|early	mutual_exclusivity	0.2	256	E9	1	84	4.0	2.0	early	s1::E9
mutual_exclusivity|s=0.20|middle	mutual_exclusivity	0.2	160	E6+E8	2	102	4.0	2.0	middle	s1::E6+E8
mutual_exclusivity|s=0.20|middle	mutual_exclusivity	0.2	144	E5+E8	2	59	0.25	-2.0	middle	s1::E5+E8
mutual_exclusivity|s=0.20|middle	mutual_exclusivity	0.2	1152	E11+E8	2	59	2.0	1.0	middle	s1::E11+E8
mutual_exclusivity|s=0.20|middle	mutual_exclusivity	0.2	136	E4+E8	2	55	0.5	-1.0	middle	s1::E4+E8
mutual_exclusivity|s=0.20|middle	mutual_exclusivity	0.2	130	E2+E8	2	51	2.0	1.0	middle	s1::E2+E8
mutual_exclusivity|s=0.20|middle	mutual_exclusivity	0.2	3	E1+E2	2	47	0.25	-2.0	middle	s1::E1+E2
mutual_exclusivity|s=0.20|middle	mutual_exclusivity	0.2	2050	E12+E2	2	47	4.0	2.0	middle	s1::E12+E2
mutual_exclusivity|s=0.20|middle	mutual_exclusivity	0.2	2056	E12+E4	2	42	1.0	0.0	middle	s1::E12+E4
mutual_exclusivity|s=0.20|middle	mutual_exclusivity	0.2	12	E3+E4	2	40	1.0	0.0	middle	s1::E3+E4
mutual_exclusivity|s=0.20|middle	mutual_exclusivity	0.2	2176	E12+E8	2	40	0.5	-1.0	middle	s1::E12+E8
mutual_exclusivity|s=0.20|late	mutual_exclusivity	0.2	1184	E11+E6+E8	3	45	4.0	2.0	late	s1::E11+E6+E8
mutual_exclusivity|s=0.20|late	mutual_exclusivity	0.2	139	E1+E2+E4+E8	4	38	0.25	-2.0	late	s1::E1+E2+E4+E8
mutual_exclusivity|s=0.20|late	mutual_exclusivity	0.2	148	E3+E5+E8	3	38	0.5	-1.0	late	s1::E3+E5+E8
mutual_exclusivity|s=0.20|late	mutual_exclusivity	0.2	2210	E12+E2+E6+E8	4	38	0.25	-2.0	late	s1::E12+E2+E6+E8
mutual_exclusivity|s=0.20|late	mutual_exclusivity	0.2	170	E2+E4+E6+E8	4	37	4.0	2.0	late	s1::E2+E4+E6+E8
mutual_exclusivity|s=0.20|late	mutual_exclusivity	0.2	2208	E12+E6+E8	3	37	2.0	1.0	late	s1::E12+E6+E8
mutual_exclusivity|s=0.20|late	mutual_exclusivity	0.2	162	E2+E6+E8	3	36	1.0	0.0	late	s1::E2+E6+E8
mutual_exclusivity|s=0.20|late	mutual_exclusivity	0.2	176	E5+E6+E8	3	36	0.5	-1.0	late	s1::E5+E6+E8
mutual_exclusivity|s=0.20|late	mutual_exclusivity	0.2	168	E4+E6+E8	3	35	1.0	0.0	late	s1::E4+E6+E8
mutual_exclusivity|s=0.20|late	mutual_exclusivity	0.2	149	E1+E3+E5+E8	4	34	2.0	1.0	late	s1::E1+E3+E5+E8
mixed|s=0.05|early	mixed	0.05	1	E1	1	285	0.25	-2.0	early	s1::E1
mixed|s=0.05|early	mixed	0.05	4	E3	1	180	0.25	-2.0	early	s1::E3
mixed|s=0.05|early	mixed	0.05	128	E8	1	143	2.0	1.0	early	s1::E8
mixed|s=0.05|early	mixed	0.05	256	E9	1	139	0.5	-1.0	early	s1::E9
mixed|s=0.05|early	mixed	0.05	16	E5	1	134	1.0	0.0	early	s1::E5
mixed|s=0.05|early	mixed	0.05	1024	E11	1	124	4.0	2.0	early	s1::E11
mixed|s=0.05|early	mixed	0.05	8	E4	1	106	0.5	-1.0	early	s1::E4
mixed|s=0.05|early	mixed	0.05	64	E7	1	98	2.0	1.0	early	s1::E7
mixed|s=0.05|early	mixed	0.05	2048	E12	1	65	4.0	2.0	early	s1::E12
mixed|s=0.05|early	mixed	0.05	32	E6	1	63	1.0	0.0	early	s1::E6
mixed|s=0.05|middle	mixed	0.05	5	E1+E3	2	182	0.25	-2.0	middle	s1::E1+E3
mixed|s=0.05|middle	mixed	0.05	132	E3+E8	2	113	0.5	-1.0	middle	s1::E3+E8
mixed|s=0.05|middle	mixed	0.05	1025	E1+E11	2	63	4.0	2.0	middle	s1::E1+E11
mixed|s=0.05|middle	mixed	0.05	3	E1+E2	2	60	0.5	-1.0	middle	s1::E1+E2
mixed|s=0.05|middle	mixed	0.05	20	E3+E5	2	57	2.0	1.0	middle	s1::E3+E5
mixed|s=0.05|middle	mixed	0.05	17	E1+E5	2	46	2.0	1.0	middle	s1::E1+E5
mixed|s=0.05|middle	mixed	0.05	257	E1+E9	2	46	1.0	0.0	middle	s1::E1+E9
mixed|s=0.05|middle	mixed	0.05	9	E1+E4	2	43	0.25	-2.0	middle	s1::E1+E4
mixed|s=0.05|middle	mixed	0.05	65	E1+E7	2	42	1.0	0.0	middle	s1::E1+E7
mixed|s=0.05|middle	mixed	0.05	2064	E12+E5	2	39	4.0	2.0	middle	s1::E12+E5
mixed|s=0.05|late	mixed	0.05	133	E1+E3+E8	3	117	4.0	2.0	late	s1::E1+E3+E8
mixed|s=0.05|late	mixed	0.05	149	E1+E3+E5+E8	4	90	1.0	0.0	late	s1::E1+E3+E5+E8
mixed|s=0.05|late	mixed	0.05	21	E1+E3+E5	3	83	4.0	2.0	late	s1::E1+E3+E5
mixed|s=0.05|late	mixed	0.05	517	E1+E10+E3	3	53	0.25	-2.0	late	s1::E1+E10+E3
mixed|s=0.05|late	mixed	0.05	1029	E1+E11+E3	3	49	0.5	-1.0	late	s1::E1+E11+E3
mixed|s=0.05|late	mixed	0.05	1157	E1+E11+E3+E8	4	49	2.0	1.0	late	s1::E1+E11+E3+E8
mixed|s=0.05|late	mixed	0.05	148	E3+E5+E8	3	48	1.0	0.0	late	s1::E3+E5+E8
mixed|s=0.05|late	mixed	0.05	389	E1+E3+E8+E9	4	48	2.0	1.0	late	s1::E1+E3+E8+E9
mixed|s=0.05|late	mixed	0.05	261	E1+E3+E9	3	47	0.5	-1.0	late	s1::E1+E3+E9
mixed|s=0.05|late	mixed	0.05	2069	E1+E12+E3+E5	4	45	0.25	-2.0	late	s1::E1+E12+E3+E5
mixed|s=0.10|early	mixed	0.1	128	E8	1	362	1.0	0.0	early	s1::E8
mixed|s=0.10|early	mixed	0.1	64	E7	1	162	1.0	0.0	early	s1::E7
mixed|s=0.10|early	mixed	0.1	1024	E11	1	155	4.0	2.0	early	s1::E11
mixed|s=0.10|early	mixed	0.1	4	E3	1	142	0.5	-1.0	early	s1::E3
mixed|s=0.10|early	mixed	0.1	512	E10	1	140	0.25	-2.0	early	s1::E10
mixed|s=0.10|early	mixed	0.1	2	E2	1	120	4.0	2.0	early	s1::E2
mixed|s=0.10|early	mixed	0.1	8	E4	1	100	2.0	1.0	early	s1::E4
mixed|s=0.10|early	mixed	0.1	16	E5	1	91	2.0	1.0	early	s1::E5
mixed|s=0.10|early	mixed	0.1	32	E6	1	80	0.25	-2.0	early	s1::E6
mixed|s=0.10|early	mixed	0.1	1	E1	1	75	0.5	-1.0	early	s1::E1
mixed|s=0.10|middle	mixed	0.1	192	E7+E8	2	105	0.25	-2.0	middle	s1::E7+E8
mixed|s=0.10|middle	mixed	0.1	640	E10+E8	2	81	2.0	1.0	middle	s1::E10+E8
mixed|s=0.10|middle	mixed	0.1	1152	E11+E8	2	76	0.5	-1.0	middle	s1::E11+E8
mixed|s=0.10|middle	mixed	0.1	144	E5+E8	2	57	0.25	-2.0	middle	s1::E5+E8
mixed|s=0.10|middle	mixed	0.1	2176	E12+E8	2	54	4.0	2.0	middle	s1::E12+E8
mixed|s=0.10|middle	mixed	0.1	1088	E11+E7	2	53	0.5	-1.0	middle	s1::E11+E7
mixed|s=0.10|middle	mixed	0.1	1026	E11+E2	2	50	2.0	1.0	middle	s1::E11+E2
mixed|s=0.10|middle	mixed	0.1	132	E3+E8	2	46	1.0	0.0	middle	s1::E3+E8
mixed|s=0.10|middle	mixed	0.1	384	E8+E9	2	46	1.0	0.0	middle	s1::E8+E9
mixed|s=0.10|middle	mixed	0.1	130	E2+E8	2	42	4.0	2.0	middle	s1::E2+E8
mixed|s=0.10|late	mixed	0.1	1154	E11+E2+E8	3	45	0.25	-2.0	late	s1::E11+E2+E8
mixed|s=0.10|late	mixed	0.1	704	E10+E7+E8	3	43	2.0	1.0	late	s1::E10+E7+E8
mixed|s=0.10|late	mixed	0.1	2184	E12+E4+E8	3	40	4.0	2.0	late	s1::E12+E4+E8
mixed|s=0.10|late	mixed	0.1	1216	E11+E7+E8	3	39	4.0	2.0	late	s1::E11+E7+E8
mixed|s=0.10|late	mixed	0.1	2240	E12+E7+E8	3	39	1.0	0.0	late	s1::E12+E7+E8
mixed|s=0.10|late	mixed	0.1	1664	E10+E11+E8	3	32	0.5	-1.0	late	s1::E10+E11+E8
mixed|s=0.10|late	mixed	0.1	2688	E10+E12+E8	3	26	1.0	0.0	late	s1::E10+E12+E8
mixed|s=0.10|late	mixed	0.1	208	E5+E7+E8	3	25	2.0	1.0	late	s1::E5+E7+E8
mixed|s=0.10|late	mixed	0.1	3200	E11+E12+E8	3	24	0.25	-2.0	late	s1::E11+E12+E8
mixed|s=0.10|late	mixed	0.1	2180	E12+E3+E8	3	22	0.5	-1.0	late	s1::E12+E3+E8
mixed|s=0.20|early	mixed	0.2	16	E5	1	181	0.5	-1.0	early	s1::E5
mixed|s=0.20|early	mixed	0.2	8	E4	1	157	2.0	1.0	early	s1::E4
mixed|s=0.20|early	mixed	0.2	1	E1	1	153	4.0	2.0	early	s1::E1
mixed|s=0.20|early	mixed	0.2	128	E8	1	153	2.0	1.0	early	s1::E8
mixed|s=0.20|early	mixed	0.2	256	E9	1	130	0.5	-1.0	early	s1::E9
mixed|s=0.20|early	mixed	0.2	512	E10	1	124	1.0	0.0	early	s1::E10
mixed|s=0.20|early	mixed	0.2	32	E6	1	123	0.25	-2.0	early	s1::E6
mixed|s=0.20|early	mixed	0.2	1024	E11	1	109	4.0	2.0	early	s1::E11
mixed|s=0.20|early	mixed	0.2	2048	E12	1	105	1.0	0.0	early	s1::E12
mixed|s=0.20|early	mixed	0.2	64	E7	1	99	0.25	-2.0	early	s1::E7
mixed|s=0.20|middle	mixed	0.2	17	E1+E5	2	66	0.5	-1.0	middle	s1::E1+E5
mixed|s=0.20|middle	mixed	0.2	528	E10+E5	2	62	0.25	-2.0	middle	s1::E10+E5
mixed|s=0.20|middle	mixed	0.2	65	E1+E7	2	56	1.0	0.0	middle	s1::E1+E7
mixed|s=0.20|middle	mixed	0.2	144	E5+E8	2	50	4.0	2.0	middle	s1::E5+E8
mixed|s=0.20|middle	mixed	0.2	40	E4+E6	2	46	0.5	-1.0	middle	s1::E4+E6
mixed|s=0.20|middle	mixed	0.2	2176	E12+E8	2	45	4.0	2.0	middle	s1::E12+E8
mixed|s=0.20|middle	mixed	0.2	272	E5+E9	2	44	2.0	1.0	middle	s1::E5+E9
mixed|s=0.20|middle	mixed	0.2	48	E5+E6	2	42	1.0	0.0	middle	s1::E5+E6
mixed|s=0.20|middle	mixed	0.2	10	E2+E4	2	40	0.25	-2.0	middle	s1::E2+E4
mixed|s=0.20|middle	mixed	0.2	130	E2+E8	2	40	2.0	1.0	middle	s1::E2+E8
mixed|s=0.20|late	mixed	0.2	273	E1+E5+E9	3	51	4.0	2.0	late	s1::E1+E5+E9
mixed|s=0.20|late	mixed	0.2	304	E5+E6+E9	3	37	0.25	-2.0	late	s1::E5+E6+E9
mixed|s=0.20|late	mixed	0.2	81	E1+E5+E7	3	36	0.5	-1.0	late	s1::E1+E5+E7
mixed|s=0.20|late	mixed	0.2	145	E1+E5+E8	3	36	2.0	1.0	late	s1::E1+E5+E8
mixed|s=0.20|late	mixed	0.2	816	E10+E5+E6+E9	4	36	4.0	2.0	late	s1::E10+E5+E6+E9
mixed|s=0.20|late	mixed	0.2	147	E1+E2+E5+E8	4	35	0.5	-1.0	late	s1::E1+E2+E5+E8
mixed|s=0.20|late	mixed	0.2	432	E5+E6+E8+E9	4	35	1.0	0.0	late	s1::E5+E6+E8+E9
mixed|s=0.20|late	mixed	0.2	560	E10+E5+E6	3	35	1.0	0.0	late	s1::E10+E5+E6
mixed|s=0.20|late	mixed	0.2	56	E4+E5+E6	3	34	2.0	1.0	late	s1::E4+E5+E6
mixed|s=0.20|late	mixed	0.2	178	E2+E5+E6+E8	4	33	0.25	-2.0	late	s1::E2+E5+E6+E8
